year,teamId,team,classification,conference,division,expectedWins,total,conferenceGames,homeGames,awayGames,neutralSiteGames,regularSeason,postseason
2021,2,Auburn,fbs,SEC,West,7.235314710997045,"{""games"":13,""losses"":7,""ties"":0,""wins"":6}","{""games"":8,""losses"":5,""ties"":0,""wins"":3}","{""games"":7,""losses"":3,""ties"":0,""wins"":4}","{""games"":5,""losses"":3,""ties"":0,""wins"":2}","{""games"":1,""losses"":1,""ties"":0,""wins"":0}","{""games"":12,""losses"":6,""ties"":0,""wins"":6}","{""games"":1,""losses"":1,""ties"":0,""wins"":0}"
2021,5,UAB,fbs,Conference USA,West,9.330867437645793,"{""games"":13,""losses"":4,""ties"":0,""wins"":9}","{""games"":8,""losses"":2,""ties"":0,""wins"":6}","{""games"":5,""losses"":2,""ties"":0,""wins"":3}","{""games"":6,""losses"":2,""ties"":0,""wins"":4}","{""games"":2,""losses"":0,""ties"":0,""wins"":2}","{""games"":12,""losses"":4,""ties"":0,""wins"":8}","{""games"":1,""losses"":0,""ties"":0,""wins"":1}"
2021,6,South Alabama,fbs,Sun Belt,West,6.063656503762395,"{""games"":12,""losses"":7,""ties"":0,""wins"":5}","{""games"":8,""losses"":6,""ties"":0,""wins"":2}","{""games"":6,""losses"":2,""ties"":0,""wins"":4}","{""games"":6,""losses"":5,""ties"":0,""wins"":1}","{""games"":0,""losses"":0,""ties"":0,""wins"":0}","{""games"":12,""losses"":7,""ties"":0,""wins"":5}","{""games"":0,""losses"":0,""ties"":0,""wins"":0}"
2021,8,Arkansas,fbs,SEC,West,8.814384530212447,"{""games"":13,""losses"":4,""ties"":0,""wins"":9}","{""games"":8,""losses"":4,""ties"":0,""wins"":4}","{""games"":7,""losses"":1,""ties"":0,""wins"":6}","{""games"":4,""losses"":3,""ties"":0,""wins"":1}","{""games"":2,""losses"":0,""ties"":0,""wins"":2}","{""games"":12,""losses"":4,""ties"":0,""wins"":8}","{""games"":1,""losses"":0,""ties"":0,""wins"":1}"
2021,9,Arizona State,fbs,Pac-12,South,9.763653383932272,"{""games"":13,""losses"":5,""ties"":0,""wins"":8}","{""games"":9,""losses"":3,""ties"":0,""wins"":6}","{""games"":7,""losses"":1,""ties"":0,""wins"":6}","{""games"":5,""losses"":3,""ties"":0,""wins"":2}","{""games"":1,""losses"":1,""ties"":0,""wins"":0}","{""games"":12,""losses"":4,""ties"":0,""wins"":8}","{""games"":1,""losses"":1,""ties"":0,""wins"":0}"
2021,12,Arizona,fbs,Pac-12,South,2.235388397447234,"{""games"":12,""losses"":11,""ties"":0,""wins"":1}","{""games"":9,""losses"":8,""ties"":0,""wins"":1}","{""games"":6,""losses"":5,""ties"":0,""wins"":1}","{""games"":5,""losses"":5,""ties"":0,""wins"":0}","{""games"":1,""losses"":1,""ties"":0,""wins"":0}","{""games"":12,""losses"":11,""ties"":0,""wins"":1}","{""games"":0,""losses"":0,""ties"":0,""wins"":0}"
2021,21,San Diego State,fbs,Mountain West,West,10.937697882603752,"{""games"":14,""losses"":2,""ties"":0,""wins"":12}","{""games"":9,""losses"":2,""ties"":0,""wins"":7}","{""games"":8,""losses"":2,""ties"":0,""wins"":6}","{""games"":5,""losses"":0,""ties"":0,""wins"":5}","{""games"":1,""losses"":0,""ties"":0,""wins"":1}","{""games"":13,""losses"":2,""ties"":0,""wins"":11}","{""games"":1,""losses"":0,""ties"":0,""wins"":1}"
2021,23,San José State,fbs,Mountain West,West,5.007185880094767,"{""games"":12,""losses"":7,""ties"":0,""wins"":5}","{""games"":8,""losses"":5,""ties"":0,""wins"":3}","{""games"":6,""losses"":3,""ties"":0,""wins"":3}","{""games"":6,""losses"":4,""ties"":0,""wins"":2}","{""games"":0,""losses"":0,""ties"":0,""wins"":0}","{""games"":12,""losses"":7,""ties"":0,""wins"":5}","{""games"":0,""losses"":0,""ties"":0,""wins"":0}"
2021,24,Stanford,fbs,Pac-12,North,2.8460643465358744,"{""games"":12,""losses"":9,""ties"":0,""wins"":3}","{""games"":9,""losses"":7,""ties"":0,""wins"":2}","{""games"":6,""losses"":5,""ties"":0,""wins"":1}","{""games"":5,""losses"":3,""ties"":0,""wins"":2}","{""games"":1,""losses"":1,""ties"":0,""wins"":0}","{""games"":12,""losses"":9,""ties"":0,""wins"":3}","{""games"":0,""losses"":0,""ties"":0,""wins"":0}"
2021,25,California,fbs,Pac-12,North,5.128846488893032,"{""games"":12,""losses"":7,""ties"":0,""wins"":5}","{""games"":9,""losses"":5,""ties"":0,""wins"":4}","{""games"":6,""losses"":2,""ties"":0,""wins"":4}","{""games"":6,""losses"":5,""ties"":0,""wins"":1}","{""games"":0,""losses"":0,""ties"":0,""wins"":0}","{""games"":12,""losses"":7,""ties"":0,""wins"":5}","{""games"":0,""losses"":0,""ties"":0,""wins"":0}"
2021,26,UCLA,fbs,Pac-12,South,8.940619553129313,"{""games"":12,""losses"":4,""ties"":0,""wins"":8}","{""games"":9,""losses"":3,""ties"":0,""wins"":6}","{""games"":7,""losses"":3,""ties"":0,""wins"":4}","{""games"":5,""losses"":1,""ties"":0,""wins"":4}","{""games"":0,""losses"":0,""ties"":0,""wins"":0}","{""games"":12,""losses"":4,""ties"":0,""wins"":8}","{""games"":0,""losses"":0,""ties"":0,""wins"":0}"
2021,30,USC,fbs,Pac-12,South,4.273842949828728,"{""games"":12,""losses"":8,""ties"":0,""wins"":4}","{""games"":9,""losses"":6,""ties"":0,""wins"":3}","{""games"":7,""losses"":5,""ties"":0,""wins"":2}","{""games"":5,""losses"":3,""ties"":0,""wins"":2}","{""games"":0,""losses"":0,""ties"":0,""wins"":0}","{""games"":12,""losses"":8,""ties"":0,""wins"":4}","{""games"":0,""losses"":0,""ties"":0,""wins"":0}"
2021,36,Colorado State,fbs,Mountain West,Mountain,5.279084492474794,"{""games"":12,""losses"":9,""ties"":0,""wins"":3}","{""games"":8,""losses"":6,""ties"":0,""wins"":2}","{""games"":6,""losses"":5,""ties"":0,""wins"":1}","{""games"":6,""losses"":4,""ties"":0,""wins"":2}","{""games"":0,""losses"":0,""ties"":0,""wins"":0}","{""games"":12,""losses"":9,""ties"":0,""wins"":3}","{""games"":0,""losses"":0,""ties"":0,""wins"":0}"
2021,38,Colorado,fbs,Pac-12,South,4.450024652884145,"{""games"":12,""losses"":8,""ties"":0,""wins"":4}","{""games"":9,""losses"":6,""ties"":0,""wins"":3}","{""games"":6,""losses"":2,""ties"":0,""wins"":4}","{""games"":5,""losses"":5,""ties"":0,""wins"":0}","{""games"":1,""losses"":1,""ties"":0,""wins"":0}","{""games"":12,""losses"":8,""ties"":0,""wins"":4}","{""games"":0,""losses"":0,""ties"":0,""wins"":0}"
2021,41,UConn,fbs,FBS Independents,,1.5138564156368375,"{""games"":12,""losses"":11,""ties"":0,""wins"":1}","{""games"":0,""losses"":0,""ties"":0,""wins"":0}","{""games"":6,""losses"":5,""ties"":0,""wins"":1}","{""games"":6,""losses"":6,""ties"":0,""wins"":0}","{""games"":0,""losses"":0,""ties"":0,""wins"":0}","{""games"":12,""losses"":11,""ties"":0,""wins"":1}","{""games"":0,""losses"":0,""ties"":0,""wins"":0}"
2021,52,Florida State,fbs,ACC,Atlantic,5.2638741992414,"{""games"":12,""losses"":7,""ties"":0,""wins"":5}","{""games"":9,""losses"":5,""ties"":0,""wins"":4}","{""games"":7,""losses"":4,""ties"":0,""wins"":3}","{""games"":5,""losses"":3,""ties"":0,""wins"":2}","{""games"":0,""losses"":0,""ties"":0,""wins"":0}","{""games"":12,""losses"":7,""ties"":0,""wins"":5}","{""games"":0,""losses"":0,""ties"":0,""wins"":0}"
2021,57,Florida,fbs,SEC,East,7.7045128401908025,"{""games"":13,""losses"":7,""ties"":0,""wins"":6}","{""games"":8,""losses"":6,""ties"":0,""wins"":2}","{""games"":6,""losses"":1,""ties"":0,""wins"":5}","{""games"":5,""losses"":4,""ties"":0,""wins"":1}","{""games"":2,""losses"":2,""ties"":0,""wins"":0}","{""games"":12,""losses"":6,""ties"":0,""wins"":6}","{""games"":1,""losses"":1,""ties"":0,""wins"":0}"
2021,58,South Florida,fbs,American Athletic,,3.3698053615835146,"{""games"":12,""losses"":10,""ties"":0,""wins"":2}","{""games"":8,""losses"":7,""ties"":0,""wins"":1}","{""games"":6,""losses"":4,""ties"":0,""wins"":2}","{""games"":6,""losses"":6,""ties"":0,""wins"":0}","{""games"":0,""losses"":0,""ties"":0,""wins"":0}","{""games"":12,""losses"":10,""ties"":0,""wins"":2}","{""games"":0,""losses"":0,""ties"":0,""wins"":0}"
2021,59,Georgia Tech,fbs,ACC,Coastal,2.9795312538156216,"{""games"":12,""losses"":9,""ties"":0,""wins"":3}","{""games"":9,""losses"":7,""ties"":0,""wins"":2}","{""games"":6,""losses"":5,""ties"":0,""wins"":1}","{""games"":5,""losses"":4,""ties"":0,""wins"":1}","{""games"":1,""losses"":0,""ties"":0,""wins"":1}","{""games"":12,""losses"":9,""ties"":0,""wins"":3}","{""games"":0,""losses"":0,""ties"":0,""wins"":0}"
2021,61,Georgia,fbs,SEC,East,13.705910027232997,"{""games"":15,""losses"":1,""ties"":0,""wins"":14}","{""games"":9,""losses"":1,""ties"":0,""wins"":8}","{""games"":6,""losses"":0,""ties"":0,""wins"":6}","{""games"":4,""losses"":0,""ties"":0,""wins"":4}","{""games"":5,""losses"":1,""ties"":0,""wins"":4}","{""games"":13,""losses"":1,""ties"":0,""wins"":12}","{""games"":2,""losses"":0,""ties"":0,""wins"":2}"
2021,62,Hawai'i,fbs,Mountain West,West,6.584471667185426,"{""games"":13,""losses"":7,""ties"":0,""wins"":6}","{""games"":8,""losses"":5,""ties"":0,""wins"":3}","{""games"":6,""losses"":2,""ties"":0,""wins"":4}","{""games"":7,""losses"":5,""ties"":0,""wins"":2}","{""games"":0,""losses"":0,""ties"":0,""wins"":0}","{""games"":13,""losses"":7,""ties"":0,""wins"":6}","{""games"":0,""losses"":0,""ties"":0,""wins"":0}"
2021,66,Iowa State,fbs,Big 12,,7.114272583741695,"{""games"":13,""losses"":6,""ties"":0,""wins"":7}","{""games"":9,""losses"":4,""ties"":0,""wins"":5}","{""games"":6,""losses"":1,""ties"":0,""wins"":5}","{""games"":6,""losses"":4,""ties"":0,""wins"":2}","{""games"":1,""losses"":1,""ties"":0,""wins"":0}","{""games"":12,""losses"":5,""ties"":0,""wins"":7}","{""games"":1,""losses"":1,""ties"":0,""wins"":0}"
2021,68,Boise State,fbs,Mountain West,Mountain,7.227021876722574,"{""games"":12,""losses"":5,""ties"":0,""wins"":7}","{""games"":8,""losses"":3,""ties"":0,""wins"":5}","{""games"":6,""losses"":3,""ties"":0,""wins"":3}","{""games"":6,""losses"":2,""ties"":0,""wins"":4}","{""games"":0,""losses"":0,""ties"":0,""wins"":0}","{""games"":12,""losses"":5,""ties"":0,""wins"":7}","{""games"":0,""losses"":0,""ties"":0,""wins"":0}"
2021,77,Northwestern,fbs,Big Ten,West,3.126919194124639,"{""games"":12,""losses"":9,""ties"":0,""wins"":3}","{""games"":9,""losses"":8,""ties"":0,""wins"":1}","{""games"":6,""losses"":3,""ties"":0,""wins"":3}","{""games"":5,""losses"":5,""ties"":0,""wins"":0}","{""games"":1,""losses"":1,""ties"":0,""wins"":0}","{""games"":12,""losses"":9,""ties"":0,""wins"":3}","{""games"":0,""losses"":0,""ties"":0,""wins"":0}"
2021,84,Indiana,fbs,Big Ten,East,2.4485789926256984,"{""games"":12,""losses"":10,""ties"":0,""wins"":2}","{""games"":9,""losses"":9,""ties"":0,""wins"":0}","{""games"":6,""losses"":5,""ties"":0,""wins"":1}","{""games"":6,""losses"":5,""ties"":0,""wins"":1}","{""games"":0,""losses"":0,""ties"":0,""wins"":0}","{""games"":12,""losses"":10,""ties"":0,""wins"":2}","{""games"":0,""losses"":0,""ties"":0,""wins"":0}"
2021,87,Notre Dame,fbs,FBS Independents,,10.224179972068415,"{""games"":13,""losses"":2,""ties"":0,""wins"":11}","{""games"":5,""losses"":0,""ties"":0,""wins"":5}","{""games"":7,""losses"":1,""ties"":0,""wins"":6}","{""games"":4,""losses"":0,""ties"":0,""wins"":4}","{""games"":2,""losses"":1,""ties"":0,""wins"":1}","{""games"":12,""losses"":1,""ties"":0,""wins"":11}","{""games"":1,""losses"":1,""ties"":0,""wins"":0}"
2021,96,Kentucky,fbs,SEC,East,7.6400523212326945,"{""games"":13,""losses"":3,""ties"":0,""wins"":10}","{""games"":8,""losses"":3,""ties"":0,""wins"":5}","{""games"":7,""losses"":1,""ties"":0,""wins"":6}","{""games"":5,""losses"":2,""ties"":0,""wins"":3}","{""games"":1,""losses"":0,""ties"":0,""wins"":1}","{""games"":12,""losses"":3,""ties"":0,""wins"":9}","{""games"":1,""losses"":0,""ties"":0,""wins"":1}"
2021,97,Louisville,fbs,ACC,Atlantic,7.794280879199505,"{""games"":13,""losses"":7,""ties"":0,""wins"":6}","{""games"":8,""losses"":4,""ties"":0,""wins"":4}","{""games"":7,""losses"":3,""ties"":0,""wins"":4}","{""games"":4,""losses"":2,""ties"":0,""wins"":2}","{""games"":2,""losses"":2,""ties"":0,""wins"":0}","{""games"":12,""losses"":6,""ties"":0,""wins"":6}","{""games"":1,""losses"":1,""ties"":0,""wins"":0}"
2021,98,Western Kentucky,fbs,Conference USA,East,8.869391114391329,"{""games"":14,""losses"":5,""ties"":0,""wins"":9}","{""games"":9,""losses"":2,""ties"":0,""wins"":7}","{""games"":6,""losses"":2,""ties"":0,""wins"":4}","{""games"":7,""losses"":3,""ties"":0,""wins"":4}","{""games"":1,""losses"":0,""ties"":0,""wins"":1}","{""games"":13,""losses"":5,""ties"":0,""wins"":8}","{""games"":1,""losses"":0,""ties"":0,""wins"":1}"
2021,99,LSU,fbs,SEC,West,6.151971636209593,"{""games"":13,""losses"":7,""ties"":0,""wins"":6}","{""games"":8,""losses"":5,""ties"":0,""wins"":3}","{""games"":7,""losses"":2,""ties"":0,""wins"":5}","{""games"":5,""losses"":4,""ties"":0,""wins"":1}","{""games"":1,""losses"":1,""ties"":0,""wins"":0}","{""games"":12,""losses"":6,""ties"":0,""wins"":6}","{""games"":1,""losses"":1,""ties"":0,""wins"":0}"
2021,103,Boston College,fbs,ACC,Atlantic,6.30141176097095,"{""games"":12,""losses"":6,""ties"":0,""wins"":6}","{""games"":8,""losses"":6,""ties"":0,""wins"":2}","{""games"":6,""losses"":3,""ties"":0,""wins"":3}","{""games"":6,""losses"":3,""ties"":0,""wins"":3}","{""games"":0,""losses"":0,""ties"":0,""wins"":0}","{""games"":12,""losses"":6,""ties"":0,""wins"":6}","{""games"":0,""losses"":0,""ties"":0,""wins"":0}"
2021,113,Massachusetts,fbs,FBS Independents,,1.4036446946946386,"{""games"":12,""losses"":11,""ties"":0,""wins"":1}","{""games"":0,""losses"":0,""ties"":0,""wins"":0}","{""games"":6,""losses"":5,""ties"":0,""wins"":1}","{""games"":6,""losses"":6,""ties"":0,""wins"":0}","{""games"":0,""losses"":0,""ties"":0,""wins"":0}","{""games"":12,""losses"":11,""ties"":0,""wins"":1}","{""games"":0,""losses"":0,""ties"":0,""wins"":0}"
2021,120,Maryland,fbs,Big Ten,East,6.077025283704104,"{""games"":13,""losses"":6,""ties"":0,""wins"":7}","{""games"":9,""losses"":6,""ties"":0,""wins"":3}","{""games"":7,""losses"":3,""ties"":0,""wins"":4}","{""games"":5,""losses"":3,""ties"":0,""wins"":2}","{""games"":1,""losses"":0,""ties"":0,""wins"":1}","{""games"":12,""losses"":6,""ties"":0,""wins"":6}","{""games"":1,""losses"":0,""ties"":0,""wins"":1}"
2021,127,Michigan State,fbs,Big Ten,East,9.37718752399087,"{""games"":13,""losses"":2,""ties"":0,""wins"":11}","{""games"":9,""losses"":2,""ties"":0,""wins"":7}","{""games"":6,""losses"":0,""ties"":0,""wins"":6}","{""games"":6,""losses"":2,""ties"":0,""wins"":4}","{""games"":1,""losses"":0,""ties"":0,""wins"":1}","{""games"":12,""losses"":2,""ties"":0,""wins"":10}","{""games"":1,""losses"":0,""ties"":0,""wins"":1}"
2021,130,Michigan,fbs,Big Ten,East,11.95371381937442,"{""games"":14,""losses"":2,""ties"":0,""wins"":12}","{""games"":10,""losses"":1,""ties"":0,""wins"":9}","{""games"":7,""losses"":0,""ties"":0,""wins"":7}","{""games"":5,""losses"":1,""ties"":0,""wins"":4}","{""games"":2,""losses"":1,""ties"":0,""wins"":1}","{""games"":13,""losses"":1,""ties"":0,""wins"":12}","{""games"":1,""losses"":1,""ties"":0,""wins"":0}"
2021,135,Minnesota,fbs,Big Ten,West,9.83063636906445,"{""games"":13,""losses"":4,""ties"":0,""wins"":9}","{""games"":9,""losses"":3,""ties"":0,""wins"":6}","{""games"":7,""losses"":3,""ties"":0,""wins"":4}","{""games"":5,""losses"":1,""ties"":0,""wins"":4}","{""games"":1,""losses"":0,""ties"":0,""wins"":1}","{""games"":12,""losses"":4,""ties"":0,""wins"":8}","{""games"":1,""losses"":0,""ties"":0,""wins"":1}"
2021,142,Missouri,fbs,SEC,East,4.098845260872445,"{""games"":13,""losses"":7,""ties"":0,""wins"":6}","{""games"":8,""losses"":5,""ties"":0,""wins"":3}","{""games"":7,""losses"":2,""ties"":0,""wins"":5}","{""games"":5,""losses"":4,""ties"":0,""wins"":1}","{""games"":1,""losses"":1,""ties"":0,""wins"":0}","{""games"":12,""losses"":6,""ties"":0,""wins"":6}","{""games"":1,""losses"":1,""ties"":0,""wins"":0}"
2021,145,Ole Miss,fbs,SEC,West,8.956464692950249,"{""games"":13,""losses"":3,""ties"":0,""wins"":10}","{""games"":8,""losses"":2,""ties"":0,""wins"":6}","{""games"":7,""losses"":0,""ties"":0,""wins"":7}","{""games"":4,""losses"":2,""ties"":0,""wins"":2}","{""games"":2,""losses"":1,""ties"":0,""wins"":1}","{""games"":12,""losses"":2,""ties"":0,""wins"":10}","{""games"":1,""losses"":1,""ties"":0,""wins"":0}"
2021,150,Duke,fbs,ACC,Coastal,4.0064155999571085,"{""games"":12,""losses"":9,""ties"":0,""wins"":3}","{""games"":8,""losses"":8,""ties"":0,""wins"":0}","{""games"":7,""losses"":4,""ties"":0,""wins"":3}","{""games"":5,""losses"":5,""ties"":0,""wins"":0}","{""games"":0,""losses"":0,""ties"":0,""wins"":0}","{""games"":12,""losses"":9,""ties"":0,""wins"":3}","{""games"":0,""losses"":0,""ties"":0,""wins"":0}"
2021,151,East Carolina,fbs,American Athletic,,5.703442960977554,"{""games"":12,""losses"":5,""ties"":0,""wins"":7}","{""games"":8,""losses"":3,""ties"":0,""wins"":5}","{""games"":6,""losses"":2,""ties"":0,""wins"":4}","{""games"":6,""losses"":3,""ties"":0,""wins"":3}","{""games"":0,""losses"":0,""ties"":0,""wins"":0}","{""games"":12,""losses"":5,""ties"":0,""wins"":7}","{""games"":0,""losses"":0,""ties"":0,""wins"":0}"
2021,152,NC State,fbs,ACC,Atlantic,8.873163377866149,"{""games"":12,""losses"":3,""ties"":0,""wins"":9}","{""games"":8,""losses"":2,""ties"":0,""wins"":6}","{""games"":7,""losses"":0,""ties"":0,""wins"":7}","{""games"":5,""losses"":3,""ties"":0,""wins"":2}","{""games"":0,""losses"":0,""ties"":0,""wins"":0}","{""games"":12,""losses"":3,""ties"":0,""wins"":9}","{""games"":0,""losses"":0,""ties"":0,""wins"":0}"
2021,153,North Carolina,fbs,ACC,Coastal,6.179468423712553,"{""games"":13,""losses"":7,""ties"":0,""wins"":6}","{""games"":10,""losses"":6,""ties"":0,""wins"":4}","{""games"":7,""losses"":1,""ties"":0,""wins"":6}","{""games"":4,""losses"":4,""ties"":0,""wins"":0}","{""games"":2,""losses"":2,""ties"":0,""wins"":0}","{""games"":12,""losses"":6,""ties"":0,""wins"":6}","{""games"":1,""losses"":1,""ties"":0,""wins"":0}"
2021,154,Wake Forest,fbs,ACC,Atlantic,9.168688978999853,"{""games"":14,""losses"":3,""ties"":0,""wins"":11}","{""games"":10,""losses"":3,""ties"":0,""wins"":7}","{""games"":6,""losses"":0,""ties"":0,""wins"":6}","{""games"":6,""losses"":2,""ties"":0,""wins"":4}","{""games"":2,""losses"":1,""ties"":0,""wins"":1}","{""games"":13,""losses"":3,""ties"":0,""wins"":10}","{""games"":1,""losses"":0,""ties"":0,""wins"":1}"
2021,158,Nebraska,fbs,Big Ten,West,5.150182746350765,"{""games"":12,""losses"":9,""ties"":0,""wins"":3}","{""games"":9,""losses"":8,""ties"":0,""wins"":1}","{""games"":7,""losses"":4,""ties"":0,""wins"":3}","{""games"":5,""losses"":5,""ties"":0,""wins"":0}","{""games"":0,""losses"":0,""ties"":0,""wins"":0}","{""games"":12,""losses"":9,""ties"":0,""wins"":3}","{""games"":0,""losses"":0,""ties"":0,""wins"":0}"
2021,164,Rutgers,fbs,Big Ten,East,4.259062650503486,"{""games"":13,""losses"":8,""ties"":0,""wins"":5}","{""games"":9,""losses"":7,""ties"":0,""wins"":2}","{""games"":6,""losses"":4,""ties"":0,""wins"":2}","{""games"":6,""losses"":3,""ties"":0,""wins"":3}","{""games"":1,""losses"":1,""ties"":0,""wins"":0}","{""games"":12,""losses"":7,""ties"":0,""wins"":5}","{""games"":1,""losses"":1,""ties"":0,""wins"":0}"
2021,166,New Mexico State,fbs,FBS Independents,,1.9491785030552278,"{""games"":12,""losses"":10,""ties"":0,""wins"":2}","{""games"":0,""losses"":0,""ties"":0,""wins"":0}","{""games"":5,""losses"":3,""ties"":0,""wins"":2}","{""games"":7,""losses"":7,""ties"":0,""wins"":0}","{""games"":0,""losses"":0,""ties"":0,""wins"":0}","{""games"":12,""losses"":10,""ties"":0,""wins"":2}","{""games"":0,""losses"":0,""ties"":0,""wins"":0}"
2021,167,New Mexico,fbs,Mountain West,Mountain,3.289097656345582,"{""games"":12,""losses"":9,""ties"":0,""wins"":3}","{""games"":8,""losses"":7,""ties"":0,""wins"":1}","{""games"":6,""losses"":4,""ties"":0,""wins"":2}","{""games"":6,""losses"":5,""ties"":0,""wins"":1}","{""games"":0,""losses"":0,""ties"":0,""wins"":0}","{""games"":12,""losses"":9,""ties"":0,""wins"":3}","{""games"":0,""losses"":0,""ties"":0,""wins"":0}"
2021,183,Syracuse,fbs,ACC,Atlantic,5.080959717331575,"{""games"":12,""losses"":7,""ties"":0,""wins"":5}","{""games"":8,""losses"":6,""ties"":0,""wins"":2}","{""games"":7,""losses"":4,""ties"":0,""wins"":3}","{""games"":5,""losses"":3,""ties"":0,""wins"":2}","{""games"":0,""losses"":0,""ties"":0,""wins"":0}","{""games"":12,""losses"":7,""ties"":0,""wins"":5}","{""games"":0,""losses"":0,""ties"":0,""wins"":0}"
2021,189,Bowling Green,fbs,Mid-American,East,3.802401892856413,"{""games"":12,""losses"":8,""ties"":0,""wins"":4}","{""games"":8,""losses"":6,""ties"":0,""wins"":2}","{""games"":6,""losses"":4,""ties"":0,""wins"":2}","{""games"":6,""losses"":4,""ties"":0,""wins"":2}","{""games"":0,""losses"":0,""ties"":0,""wins"":0}","{""games"":12,""losses"":8,""ties"":0,""wins"":4}","{""games"":0,""losses"":0,""ties"":0,""wins"":0}"
2021,193,Miami (OH),fbs,Mid-American,East,7.474570451480823,"{""games"":13,""losses"":6,""ties"":0,""wins"":7}","{""games"":8,""losses"":3,""ties"":0,""wins"":5}","{""games"":5,""losses"":0,""ties"":0,""wins"":5}","{""games"":7,""losses"":6,""ties"":0,""wins"":1}","{""games"":1,""losses"":0,""ties"":0,""wins"":1}","{""games"":12,""losses"":6,""ties"":0,""wins"":6}","{""games"":1,""losses"":0,""ties"":0,""wins"":1}"
2021,194,Ohio State,fbs,Big Ten,East,10.645576905691996,"{""games"":13,""losses"":2,""ties"":0,""wins"":11}","{""games"":9,""losses"":1,""ties"":0,""wins"":8}","{""games"":7,""losses"":1,""ties"":0,""wins"":6}","{""games"":5,""losses"":1,""ties"":0,""wins"":4}","{""games"":1,""losses"":0,""ties"":0,""wins"":1}","{""games"":12,""losses"":2,""ties"":0,""wins"":10}","{""games"":1,""losses"":0,""ties"":0,""wins"":1}"
2021,195,Ohio,fbs,Mid-American,East,4.179182451317602,"{""games"":12,""losses"":9,""ties"":0,""wins"":3}","{""games"":8,""losses"":5,""ties"":0,""wins"":3}","{""games"":6,""losses"":5,""ties"":0,""wins"":1}","{""games"":6,""losses"":4,""ties"":0,""wins"":2}","{""games"":0,""losses"":0,""ties"":0,""wins"":0}","{""games"":12,""losses"":9,""ties"":0,""wins"":3}","{""games"":0,""losses"":0,""ties"":0,""wins"":0}"
2021,197,Oklahoma State,fbs,Big 12,,11.443438468232403,"{""games"":14,""losses"":2,""ties"":0,""wins"":12}","{""games"":10,""losses"":2,""ties"":0,""wins"":8}","{""games"":7,""losses"":0,""ties"":0,""wins"":7}","{""games"":5,""losses"":1,""ties"":0,""wins"":4}","{""games"":2,""losses"":1,""ties"":0,""wins"":1}","{""games"":13,""losses"":2,""ties"":0,""wins"":11}","{""games"":1,""losses"":0,""ties"":0,""wins"":1}"
2021,201,Oklahoma,fbs,Big 12,,9.592321891337633,"{""games"":13,""losses"":2,""ties"":0,""wins"":11}","{""games"":9,""losses"":2,""ties"":0,""wins"":7}","{""games"":7,""losses"":0,""ties"":0,""wins"":7}","{""games"":4,""losses"":2,""ties"":0,""wins"":2}","{""games"":2,""losses"":0,""ties"":0,""wins"":2}","{""games"":12,""losses"":2,""ties"":0,""wins"":10}","{""games"":1,""losses"":0,""ties"":0,""wins"":1}"
2021,202,Tulsa,fbs,American Athletic,,7.893275723539175,"{""games"":13,""losses"":6,""ties"":0,""wins"":7}","{""games"":8,""losses"":3,""ties"":0,""wins"":5}","{""games"":6,""losses"":3,""ties"":0,""wins"":3}","{""games"":6,""losses"":3,""ties"":0,""wins"":3}","{""games"":1,""losses"":0,""ties"":0,""wins"":1}","{""games"":12,""losses"":6,""ties"":0,""wins"":6}","{""games"":1,""losses"":0,""ties"":0,""wins"":1}"
2021,204,Oregon State,fbs,Pac-12,North,7.0581004966576595,"{""games"":13,""losses"":6,""ties"":0,""wins"":7}","{""games"":9,""losses"":4,""ties"":0,""wins"":5}","{""games"":6,""losses"":0,""ties"":0,""wins"":6}","{""games"":6,""losses"":5,""ties"":0,""wins"":1}","{""games"":1,""losses"":1,""ties"":0,""wins"":0}","{""games"":12,""losses"":5,""ties"":0,""wins"":7}","{""games"":1,""losses"":1,""ties"":0,""wins"":0}"
2021,213,Penn State,fbs,Big Ten,East,7.132313683629036,"{""games"":13,""losses"":6,""ties"":0,""wins"":7}","{""games"":9,""losses"":5,""ties"":0,""wins"":4}","{""games"":7,""losses"":2,""ties"":0,""wins"":5}","{""games"":5,""losses"":3,""ties"":0,""wins"":2}","{""games"":1,""losses"":1,""ties"":0,""wins"":0}","{""games"":12,""losses"":5,""ties"":0,""wins"":7}","{""games"":1,""losses"":1,""ties"":0,""wins"":0}"
2021,218,Temple,fbs,American Athletic,,2.825003710598059,"{""games"":12,""losses"":9,""ties"":0,""wins"":3}","{""games"":8,""losses"":7,""ties"":0,""wins"":1}","{""games"":6,""losses"":4,""ties"":0,""wins"":2}","{""games"":6,""losses"":5,""ties"":0,""wins"":1}","{""games"":0,""losses"":0,""ties"":0,""wins"":0}","{""games"":12,""losses"":9,""ties"":0,""wins"":3}","{""games"":0,""losses"":0,""ties"":0,""wins"":0}"
2021,221,Pittsburgh,fbs,ACC,Coastal,10.750465177930892,"{""games"":14,""losses"":3,""ties"":0,""wins"":11}","{""games"":9,""losses"":1,""ties"":0,""wins"":8}","{""games"":7,""losses"":2,""ties"":0,""wins"":5}","{""games"":5,""losses"":0,""ties"":0,""wins"":5}","{""games"":2,""losses"":1,""ties"":0,""wins"":1}","{""games"":13,""losses"":2,""ties"":0,""wins"":11}","{""games"":1,""losses"":1,""ties"":0,""wins"":0}"
2021,228,Clemson,fbs,ACC,Atlantic,9.336901914328337,"{""games"":13,""losses"":3,""ties"":0,""wins"":10}","{""games"":8,""losses"":2,""ties"":0,""wins"":6}","{""games"":6,""losses"":0,""ties"":0,""wins"":6}","{""games"":5,""losses"":2,""ties"":0,""wins"":3}","{""games"":2,""losses"":1,""ties"":0,""wins"":1}","{""games"":12,""losses"":3,""ties"":0,""wins"":9}","{""games"":1,""losses"":0,""ties"":0,""wins"":1}"
2021,235,Memphis,fbs,American Athletic,,6.037202420299777,"{""games"":12,""losses"":6,""ties"":0,""wins"":6}","{""games"":8,""losses"":5,""ties"":0,""wins"":3}","{""games"":7,""losses"":2,""ties"":0,""wins"":5}","{""games"":5,""losses"":4,""ties"":0,""wins"":1}","{""games"":0,""losses"":0,""ties"":0,""wins"":0}","{""games"":12,""losses"":6,""ties"":0,""wins"":6}","{""games"":0,""losses"":0,""ties"":0,""wins"":0}"
2021,238,Vanderbilt,fbs,SEC,East,1.120684954803437,"{""games"":12,""losses"":10,""ties"":0,""wins"":2}","{""games"":8,""losses"":8,""ties"":0,""wins"":0}","{""games"":7,""losses"":6,""ties"":0,""wins"":1}","{""games"":5,""losses"":4,""ties"":0,""wins"":1}","{""games"":0,""losses"":0,""ties"":0,""wins"":0}","{""games"":12,""losses"":10,""ties"":0,""wins"":2}","{""games"":0,""losses"":0,""ties"":0,""wins"":0}"
2021,239,Baylor,fbs,Big 12,,10.566518923267722,"{""games"":14,""losses"":2,""ties"":0,""wins"":12}","{""games"":10,""losses"":2,""ties"":0,""wins"":8}","{""games"":7,""losses"":0,""ties"":0,""wins"":7}","{""games"":5,""losses"":2,""ties"":0,""wins"":3}","{""games"":2,""losses"":0,""ties"":0,""wins"":2}","{""games"":13,""losses"":2,""ties"":0,""wins"":11}","{""games"":1,""losses"":0,""ties"":0,""wins"":1}"
2021,242,Rice,fbs,Conference USA,West,4.6846106032583235,"{""games"":12,""losses"":8,""ties"":0,""wins"":4}","{""games"":8,""losses"":5,""ties"":0,""wins"":3}","{""games"":6,""losses"":3,""ties"":0,""wins"":3}","{""games"":6,""losses"":5,""ties"":0,""wins"":1}","{""games"":0,""losses"":0,""ties"":0,""wins"":0}","{""games"":12,""losses"":8,""ties"":0,""wins"":4}","{""games"":0,""losses"":0,""ties"":0,""wins"":0}"
2021,245,Texas A&M,fbs,SEC,West,8.016968714098683,"{""games"":12,""losses"":4,""ties"":0,""wins"":8}","{""games"":8,""losses"":4,""ties"":0,""wins"":4}","{""games"":7,""losses"":1,""ties"":0,""wins"":6}","{""games"":3,""losses"":2,""ties"":0,""wins"":1}","{""games"":2,""losses"":1,""ties"":0,""wins"":1}","{""games"":12,""losses"":4,""ties"":0,""wins"":8}","{""games"":0,""losses"":0,""ties"":0,""wins"":0}"
2021,248,Houston,fbs,American Athletic,,11.138091348810121,"{""games"":14,""losses"":2,""ties"":0,""wins"":12}","{""games"":9,""losses"":1,""ties"":0,""wins"":8}","{""games"":5,""losses"":0,""ties"":0,""wins"":5}","{""games"":7,""losses"":1,""ties"":0,""wins"":6}","{""games"":2,""losses"":1,""ties"":0,""wins"":1}","{""games"":13,""losses"":2,""ties"":0,""wins"":11}","{""games"":1,""losses"":0,""ties"":0,""wins"":1}"
2021,249,North Texas,fbs,Conference USA,West,6.862821639019852,"{""games"":13,""losses"":7,""ties"":0,""wins"":6}","{""games"":8,""losses"":3,""ties"":0,""wins"":5}","{""games"":6,""losses"":3,""ties"":0,""wins"":3}","{""games"":6,""losses"":3,""ties"":0,""wins"":3}","{""games"":1,""losses"":1,""ties"":0,""wins"":0}","{""games"":12,""losses"":6,""ties"":0,""wins"":6}","{""games"":1,""losses"":1,""ties"":0,""wins"":0}"
2021,251,Texas,fbs,Big 12,,5.9926902049008905,"{""games"":12,""losses"":7,""ties"":0,""wins"":5}","{""games"":9,""losses"":6,""ties"":0,""wins"":3}","{""games"":6,""losses"":2,""ties"":0,""wins"":4}","{""games"":5,""losses"":4,""ties"":0,""wins"":1}","{""games"":1,""losses"":1,""ties"":0,""wins"":0}","{""games"":12,""losses"":7,""ties"":0,""wins"":5}","{""games"":0,""losses"":0,""ties"":0,""wins"":0}"
2021,252,BYU,fbs,FBS Independents,,9.03845489770174,"{""games"":13,""losses"":3,""ties"":0,""wins"":10}","{""games"":0,""losses"":0,""ties"":0,""wins"":0}","{""games"":6,""losses"":1,""ties"":0,""wins"":5}","{""games"":5,""losses"":1,""ties"":0,""wins"":4}","{""games"":2,""losses"":1,""ties"":0,""wins"":1}","{""games"":12,""losses"":2,""ties"":0,""wins"":10}","{""games"":1,""losses"":1,""ties"":0,""wins"":0}"
2021,254,Utah,fbs,Pac-12,South,10.132120426744223,"{""games"":14,""losses"":4,""ties"":0,""wins"":10}","{""games"":10,""losses"":1,""ties"":0,""wins"":9}","{""games"":6,""losses"":0,""ties"":0,""wins"":6}","{""games"":6,""losses"":3,""ties"":0,""wins"":3}","{""games"":2,""losses"":1,""ties"":0,""wins"":1}","{""games"":13,""losses"":3,""ties"":0,""wins"":10}","{""games"":1,""losses"":1,""ties"":0,""wins"":0}"
2021,258,Virginia,fbs,ACC,Coastal,4.567179534584284,"{""games"":12,""losses"":6,""ties"":0,""wins"":6}","{""games"":9,""losses"":5,""ties"":0,""wins"":4}","{""games"":7,""losses"":3,""ties"":0,""wins"":4}","{""games"":5,""losses"":3,""ties"":0,""wins"":2}","{""games"":0,""losses"":0,""ties"":0,""wins"":0}","{""games"":12,""losses"":6,""ties"":0,""wins"":6}","{""games"":0,""losses"":0,""ties"":0,""wins"":0}"
2021,259,Virginia Tech,fbs,ACC,Coastal,6.768970569911218,"{""games"":13,""losses"":7,""ties"":0,""wins"":6}","{""games"":9,""losses"":5,""ties"":0,""wins"":4}","{""games"":7,""losses"":3,""ties"":0,""wins"":4}","{""games"":5,""losses"":3,""ties"":0,""wins"":2}","{""games"":1,""losses"":1,""ties"":0,""wins"":0}","{""games"":12,""losses"":6,""ties"":0,""wins"":6}","{""games"":1,""losses"":1,""ties"":0,""wins"":0}"
2021,264,Washington,fbs,Pac-12,North,4.118682281114161,"{""games"":12,""losses"":8,""ties"":0,""wins"":4}","{""games"":9,""losses"":6,""ties"":0,""wins"":3}","{""games"":7,""losses"":5,""ties"":0,""wins"":2}","{""games"":5,""losses"":3,""ties"":0,""wins"":2}","{""games"":0,""losses"":0,""ties"":0,""wins"":0}","{""games"":12,""losses"":8,""ties"":0,""wins"":4}","{""games"":0,""losses"":0,""ties"":0,""wins"":0}"
2021,265,Washington State,fbs,Pac-12,North,6.786212547682226,"{""games"":13,""losses"":6,""ties"":0,""wins"":7}","{""games"":9,""losses"":3,""ties"":0,""wins"":6}","{""games"":7,""losses"":3,""ties"":0,""wins"":4}","{""games"":5,""losses"":2,""ties"":0,""wins"":3}","{""games"":1,""losses"":1,""ties"":0,""wins"":0}","{""games"":12,""losses"":5,""ties"":0,""wins"":7}","{""games"":1,""losses"":1,""ties"":0,""wins"":0}"
2021,275,Wisconsin,fbs,Big Ten,West,8.497732727223925,"{""games"":13,""losses"":4,""ties"":0,""wins"":9}","{""games"":9,""losses"":3,""ties"":0,""wins"":6}","{""games"":7,""losses"":2,""ties"":0,""wins"":5}","{""games"":4,""losses"":1,""ties"":0,""wins"":3}","{""games"":2,""losses"":1,""ties"":0,""wins"":1}","{""games"":12,""losses"":4,""ties"":0,""wins"":8}","{""games"":1,""losses"":0,""ties"":0,""wins"":1}"
2021,276,Marshall,fbs,Conference USA,East,7.837035627643899,"{""games"":13,""losses"":6,""ties"":0,""wins"":7}","{""games"":8,""losses"":3,""ties"":0,""wins"":5}","{""games"":6,""losses"":3,""ties"":0,""wins"":3}","{""games"":6,""losses"":2,""ties"":0,""wins"":4}","{""games"":1,""losses"":1,""ties"":0,""wins"":0}","{""games"":12,""losses"":5,""ties"":0,""wins"":7}","{""games"":1,""losses"":1,""ties"":0,""wins"":0}"
2021,277,West Virginia,fbs,Big 12,,5.96922679618001,"{""games"":13,""losses"":7,""ties"":0,""wins"":6}","{""games"":9,""losses"":5,""ties"":0,""wins"":4}","{""games"":6,""losses"":2,""ties"":0,""wins"":4}","{""games"":6,""losses"":4,""ties"":0,""wins"":2}","{""games"":1,""losses"":1,""ties"":0,""wins"":0}","{""games"":12,""losses"":6,""ties"":0,""wins"":6}","{""games"":1,""losses"":1,""ties"":0,""wins"":0}"
2021,278,Fresno State,fbs,Mountain West,West,8.890104522928596,"{""games"":13,""losses"":3,""ties"":0,""wins"":10}","{""games"":8,""losses"":2,""ties"":0,""wins"":6}","{""games"":6,""losses"":1,""ties"":0,""wins"":5}","{""games"":6,""losses"":2,""ties"":0,""wins"":4}","{""games"":1,""losses"":0,""ties"":0,""wins"":1}","{""games"":12,""losses"":3,""ties"":0,""wins"":9}","{""games"":1,""losses"":0,""ties"":0,""wins"":1}"
2021,290,Georgia Southern,fbs,Sun Belt,East,4.139325982564564,"{""games"":12,""losses"":9,""ties"":0,""wins"":3}","{""games"":8,""losses"":6,""ties"":0,""wins"":2}","{""games"":6,""losses"":4,""ties"":0,""wins"":2}","{""games"":6,""losses"":5,""ties"":0,""wins"":1}","{""games"":0,""losses"":0,""ties"":0,""wins"":0}","{""games"":12,""losses"":9,""ties"":0,""wins"":3}","{""games"":0,""losses"":0,""ties"":0,""wins"":0}"
2021,295,Old Dominion,fbs,Conference USA,East,6.110341310501099,"{""games"":13,""losses"":7,""ties"":0,""wins"":6}","{""games"":8,""losses"":3,""ties"":0,""wins"":5}","{""games"":6,""losses"":2,""ties"":0,""wins"":4}","{""games"":6,""losses"":4,""ties"":0,""wins"":2}","{""games"":1,""losses"":1,""ties"":0,""wins"":0}","{""games"":12,""losses"":6,""ties"":0,""wins"":6}","{""games"":1,""losses"":1,""ties"":0,""wins"":0}"
2021,309,Louisiana,fbs,Sun Belt,West,9.538273736834526,"{""games"":14,""losses"":1,""ties"":0,""wins"":13}","{""games"":9,""losses"":0,""ties"":0,""wins"":9}","{""games"":7,""losses"":0,""ties"":0,""wins"":7}","{""games"":6,""losses"":1,""ties"":0,""wins"":5}","{""games"":1,""losses"":0,""ties"":0,""wins"":1}","{""games"":13,""losses"":1,""ties"":0,""wins"":12}","{""games"":1,""losses"":0,""ties"":0,""wins"":1}"
2021,324,Coastal Carolina,fbs,Sun Belt,East,10.878787172184333,"{""games"":13,""losses"":2,""ties"":0,""wins"":11}","{""games"":8,""losses"":2,""ties"":0,""wins"":6}","{""games"":7,""losses"":1,""ties"":0,""wins"":6}","{""games"":5,""losses"":1,""ties"":0,""wins"":4}","{""games"":1,""losses"":0,""ties"":0,""wins"":1}","{""games"":12,""losses"":2,""ties"":0,""wins"":10}","{""games"":1,""losses"":0,""ties"":0,""wins"":1}"
2021,326,Texas State,fbs,Sun Belt,West,2.1277091097366085,"{""games"":12,""losses"":8,""ties"":0,""wins"":4}","{""games"":8,""losses"":5,""ties"":0,""wins"":3}","{""games"":6,""losses"":4,""ties"":0,""wins"":2}","{""games"":6,""losses"":4,""ties"":0,""wins"":2}","{""games"":0,""losses"":0,""ties"":0,""wins"":0}","{""games"":12,""losses"":8,""ties"":0,""wins"":4}","{""games"":0,""losses"":0,""ties"":0,""wins"":0}"
2021,328,Utah State,fbs,Mountain West,Mountain,8.440604156814516,"{""games"":14,""losses"":3,""ties"":0,""wins"":11}","{""games"":9,""losses"":2,""ties"":0,""wins"":7}","{""games"":6,""losses"":3,""ties"":0,""wins"":3}","{""games"":7,""losses"":0,""ties"":0,""wins"":7}","{""games"":1,""losses"":0,""ties"":0,""wins"":1}","{""games"":13,""losses"":3,""ties"":0,""wins"":10}","{""games"":1,""losses"":0,""ties"":0,""wins"":1}"
2021,333,Alabama,fbs,SEC,West,11.60165423154831,"{""games"":15,""losses"":2,""ties"":0,""wins"":13}","{""games"":9,""losses"":1,""ties"":0,""wins"":8}","{""games"":7,""losses"":0,""ties"":0,""wins"":7}","{""games"":4,""losses"":1,""ties"":0,""wins"":3}","{""games"":4,""losses"":1,""ties"":0,""wins"":3}","{""games"":13,""losses"":1,""ties"":0,""wins"":12}","{""games"":2,""losses"":1,""ties"":0,""wins"":1}"
2021,344,Mississippi State,fbs,SEC,West,7.919902428984642,"{""games"":13,""losses"":6,""ties"":0,""wins"":7}","{""games"":8,""losses"":4,""ties"":0,""wins"":4}","{""games"":7,""losses"":3,""ties"":0,""wins"":4}","{""games"":5,""losses"":2,""ties"":0,""wins"":3}","{""games"":1,""losses"":1,""ties"":0,""wins"":0}","{""games"":12,""losses"":5,""ties"":0,""wins"":7}","{""games"":1,""losses"":1,""ties"":0,""wins"":0}"
2021,349,Army,fbs,FBS Independents,,9.412402316822279,"{""games"":13,""losses"":4,""ties"":0,""wins"":9}","{""games"":0,""losses"":0,""ties"":0,""wins"":0}","{""games"":7,""losses"":2,""ties"":0,""wins"":5}","{""games"":4,""losses"":2,""ties"":0,""wins"":2}","{""games"":2,""losses"":0,""ties"":0,""wins"":2}","{""games"":12,""losses"":4,""ties"":0,""wins"":8}","{""games"":1,""losses"":0,""ties"":0,""wins"":1}"
2021,356,Illinois,fbs,Big Ten,West,5.899749313130393,"{""games"":12,""losses"":7,""ties"":0,""wins"":5}","{""games"":9,""losses"":5,""ties"":0,""wins"":4}","{""games"":7,""losses"":4,""ties"":0,""wins"":3}","{""games"":5,""losses"":3,""ties"":0,""wins"":2}","{""games"":0,""losses"":0,""ties"":0,""wins"":0}","{""games"":12,""losses"":7,""ties"":0,""wins"":5}","{""games"":0,""losses"":0,""ties"":0,""wins"":0}"
2021,2005,Air Force,fbs,Mountain West,Mountain,8.829629253596067,"{""games"":13,""losses"":3,""ties"":0,""wins"":10}","{""games"":8,""losses"":2,""ties"":0,""wins"":6}","{""games"":6,""losses"":2,""ties"":0,""wins"":4}","{""games"":5,""losses"":0,""ties"":0,""wins"":5}","{""games"":2,""losses"":1,""ties"":0,""wins"":1}","{""games"":12,""losses"":3,""ties"":0,""wins"":9}","{""games"":1,""losses"":0,""ties"":0,""wins"":1}"
2021,2006,Akron,fbs,Mid-American,East,2.2516929448783034,"{""games"":12,""losses"":10,""ties"":0,""wins"":2}","{""games"":8,""losses"":7,""ties"":0,""wins"":1}","{""games"":6,""losses"":5,""ties"":0,""wins"":1}","{""games"":6,""losses"":5,""ties"":0,""wins"":1}","{""games"":0,""losses"":0,""ties"":0,""wins"":0}","{""games"":12,""losses"":10,""ties"":0,""wins"":2}","{""games"":0,""losses"":0,""ties"":0,""wins"":0}"
2021,2026,App State,fbs,Sun Belt,East,9.663893043762073,"{""games"":14,""losses"":4,""ties"":0,""wins"":10}","{""games"":9,""losses"":2,""ties"":0,""wins"":7}","{""games"":7,""losses"":0,""ties"":0,""wins"":7}","{""games"":6,""losses"":3,""ties"":0,""wins"":3}","{""games"":1,""losses"":1,""ties"":0,""wins"":0}","{""games"":13,""losses"":3,""ties"":0,""wins"":10}","{""games"":1,""losses"":1,""ties"":0,""wins"":0}"
2021,2032,Arkansas State,fbs,Sun Belt,West,2.687552938567661,"{""games"":12,""losses"":10,""ties"":0,""wins"":2}","{""games"":8,""losses"":7,""ties"":0,""wins"":1}","{""games"":6,""losses"":5,""ties"":0,""wins"":1}","{""games"":6,""losses"":5,""ties"":0,""wins"":1}","{""games"":0,""losses"":0,""ties"":0,""wins"":0}","{""games"":12,""losses"":10,""ties"":0,""wins"":2}","{""games"":0,""losses"":0,""ties"":0,""wins"":0}"
2021,2050,Ball State,fbs,Mid-American,West,5.943134540924802,"{""games"":13,""losses"":7,""ties"":0,""wins"":6}","{""games"":8,""losses"":4,""ties"":0,""wins"":4}","{""games"":6,""losses"":3,""ties"":0,""wins"":3}","{""games"":6,""losses"":3,""ties"":0,""wins"":3}","{""games"":1,""losses"":1,""ties"":0,""wins"":0}","{""games"":12,""losses"":6,""ties"":0,""wins"":6}","{""games"":1,""losses"":1,""ties"":0,""wins"":0}"
2021,2084,Buffalo,fbs,Mid-American,East,4.107531754998219,"{""games"":12,""losses"":8,""ties"":0,""wins"":4}","{""games"":8,""losses"":6,""ties"":0,""wins"":2}","{""games"":6,""losses"":4,""ties"":0,""wins"":2}","{""games"":6,""losses"":4,""ties"":0,""wins"":2}","{""games"":0,""losses"":0,""ties"":0,""wins"":0}","{""games"":12,""losses"":8,""ties"":0,""wins"":4}","{""games"":0,""losses"":0,""ties"":0,""wins"":0}"
2021,2116,UCF,fbs,American Athletic,,7.927467502740462,"{""games"":13,""losses"":4,""ties"":0,""wins"":9}","{""games"":8,""losses"":3,""ties"":0,""wins"":5}","{""games"":7,""losses"":0,""ties"":0,""wins"":7}","{""games"":5,""losses"":4,""ties"":0,""wins"":1}","{""games"":1,""losses"":0,""ties"":0,""wins"":1}","{""games"":12,""losses"":4,""ties"":0,""wins"":8}","{""games"":1,""losses"":0,""ties"":0,""wins"":1}"
2021,2117,Central Michigan,fbs,Mid-American,West,8.792404069929058,"{""games"":13,""losses"":4,""ties"":0,""wins"":9}","{""games"":8,""losses"":2,""ties"":0,""wins"":6}","{""games"":6,""losses"":1,""ties"":0,""wins"":5}","{""games"":6,""losses"":3,""ties"":0,""wins"":3}","{""games"":1,""losses"":0,""ties"":0,""wins"":1}","{""games"":12,""losses"":4,""ties"":0,""wins"":8}","{""games"":1,""losses"":0,""ties"":0,""wins"":1}"
2021,2132,Cincinnati,fbs,American Athletic,,12.100110239349306,"{""games"":14,""losses"":1,""ties"":0,""wins"":13}","{""games"":9,""losses"":0,""ties"":0,""wins"":9}","{""games"":7,""losses"":0,""ties"":0,""wins"":7}","{""games"":6,""losses"":0,""ties"":0,""wins"":6}","{""games"":1,""losses"":1,""ties"":0,""wins"":0}","{""games"":13,""losses"":0,""ties"":0,""wins"":13}","{""games"":1,""losses"":1,""ties"":0,""wins"":0}"
2021,2199,Eastern Michigan,fbs,Mid-American,West,5.931309524616118,"{""games"":13,""losses"":6,""ties"":0,""wins"":7}","{""games"":8,""losses"":4,""ties"":0,""wins"":4}","{""games"":6,""losses"":2,""ties"":0,""wins"":4}","{""games"":6,""losses"":3,""ties"":0,""wins"":3}","{""games"":1,""losses"":1,""ties"":0,""wins"":0}","{""games"":12,""losses"":5,""ties"":0,""wins"":7}","{""games"":1,""losses"":1,""ties"":0,""wins"":0}"
2021,2226,Florida Atlantic,fbs,Conference USA,East,5.946516118012369,"{""games"":12,""losses"":7,""ties"":0,""wins"":5}","{""games"":8,""losses"":5,""ties"":0,""wins"":3}","{""games"":6,""losses"":2,""ties"":0,""wins"":4}","{""games"":6,""losses"":5,""ties"":0,""wins"":1}","{""games"":0,""losses"":0,""ties"":0,""wins"":0}","{""games"":12,""losses"":7,""ties"":0,""wins"":5}","{""games"":0,""losses"":0,""ties"":0,""wins"":0}"
2021,2229,Florida International,fbs,Conference USA,East,1.2663420118602888,"{""games"":12,""losses"":11,""ties"":0,""wins"":1}","{""games"":8,""losses"":8,""ties"":0,""wins"":0}","{""games"":6,""losses"":5,""ties"":0,""wins"":1}","{""games"":6,""losses"":6,""ties"":0,""wins"":0}","{""games"":0,""losses"":0,""ties"":0,""wins"":0}","{""games"":12,""losses"":11,""ties"":0,""wins"":1}","{""games"":0,""losses"":0,""ties"":0,""wins"":0}"
2021,2247,Georgia State,fbs,Sun Belt,East,8.098007010858359,"{""games"":13,""losses"":5,""ties"":0,""wins"":8}","{""games"":8,""losses"":2,""ties"":0,""wins"":6}","{""games"":6,""losses"":2,""ties"":0,""wins"":4}","{""games"":6,""losses"":3,""ties"":0,""wins"":3}","{""games"":1,""losses"":0,""ties"":0,""wins"":1}","{""games"":12,""losses"":5,""ties"":0,""wins"":7}","{""games"":1,""losses"":0,""ties"":0,""wins"":1}"
2021,2294,Iowa,fbs,Big Ten,West,9.045764809474349,"{""games"":14,""losses"":4,""ties"":0,""wins"":10}","{""games"":10,""losses"":3,""ties"":0,""wins"":7}","{""games"":7,""losses"":1,""ties"":0,""wins"":6}","{""games"":5,""losses"":1,""ties"":0,""wins"":4}","{""games"":2,""losses"":2,""ties"":0,""wins"":0}","{""games"":13,""losses"":3,""ties"":0,""wins"":10}","{""games"":1,""losses"":1,""ties"":0,""wins"":0}"
2021,2305,Kansas,fbs,Big 12,,1.5456248577684164,"{""games"":12,""losses"":10,""ties"":0,""wins"":2}","{""games"":9,""losses"":8,""ties"":0,""wins"":1}","{""games"":6,""losses"":5,""ties"":0,""wins"":1}","{""games"":6,""losses"":5,""ties"":0,""wins"":1}","{""games"":0,""losses"":0,""ties"":0,""wins"":0}","{""games"":12,""losses"":10,""ties"":0,""wins"":2}","{""games"":0,""losses"":0,""ties"":0,""wins"":0}"
2021,2306,Kansas State,fbs,Big 12,,7.9343850295990705,"{""games"":13,""losses"":5,""ties"":0,""wins"":8}","{""games"":9,""losses"":5,""ties"":0,""wins"":4}","{""games"":7,""losses"":3,""ties"":0,""wins"":4}","{""games"":4,""losses"":2,""ties"":0,""wins"":2}","{""games"":2,""losses"":0,""ties"":0,""wins"":2}","{""games"":12,""losses"":5,""ties"":0,""wins"":7}","{""games"":1,""losses"":0,""ties"":0,""wins"":1}"
2021,2309,Kent State,fbs,Mid-American,East,6.556279903894062,"{""games"":14,""losses"":7,""ties"":0,""wins"":7}","{""games"":9,""losses"":3,""ties"":0,""wins"":6}","{""games"":5,""losses"":0,""ties"":0,""wins"":5}","{""games"":7,""losses"":5,""ties"":0,""wins"":2}","{""games"":2,""losses"":2,""ties"":0,""wins"":0}","{""games"":13,""losses"":6,""ties"":0,""wins"":7}","{""games"":1,""losses"":1,""ties"":0,""wins"":0}"
2021,2335,Liberty,fbs,FBS Independents,,7.981083206832409,"{""games"":13,""losses"":5,""ties"":0,""wins"":8}","{""games"":0,""losses"":0,""ties"":0,""wins"":0}","{""games"":6,""losses"":2,""ties"":0,""wins"":4}","{""games"":6,""losses"":3,""ties"":0,""wins"":3}","{""games"":1,""losses"":0,""ties"":0,""wins"":1}","{""games"":12,""losses"":5,""ties"":0,""wins"":7}","{""games"":1,""losses"":0,""ties"":0,""wins"":1}"
2021,2348,Louisiana Tech,fbs,Conference USA,West,3.862875919789076,"{""games"":12,""losses"":9,""ties"":0,""wins"":3}","{""games"":8,""losses"":6,""ties"":0,""wins"":2}","{""games"":6,""losses"":3,""ties"":0,""wins"":3}","{""games"":6,""losses"":6,""ties"":0,""wins"":0}","{""games"":0,""losses"":0,""ties"":0,""wins"":0}","{""games"":12,""losses"":9,""ties"":0,""wins"":3}","{""games"":0,""losses"":0,""ties"":0,""wins"":0}"
2021,2390,Miami,fbs,ACC,Coastal,6.807423391063892,"{""games"":12,""losses"":5,""ties"":0,""wins"":7}","{""games"":8,""losses"":3,""ties"":0,""wins"":5}","{""games"":7,""losses"":2,""ties"":0,""wins"":5}","{""games"":4,""losses"":2,""ties"":0,""wins"":2}","{""games"":1,""losses"":1,""ties"":0,""wins"":0}","{""games"":12,""losses"":5,""ties"":0,""wins"":7}","{""games"":0,""losses"":0,""ties"":0,""wins"":0}"
2021,2393,Middle Tennessee,fbs,Conference USA,East,6.587597083573634,"{""games"":13,""losses"":6,""ties"":0,""wins"":7}","{""games"":8,""losses"":4,""ties"":0,""wins"":4}","{""games"":5,""losses"":1,""ties"":0,""wins"":4}","{""games"":7,""losses"":5,""ties"":0,""wins"":2}","{""games"":1,""losses"":0,""ties"":0,""wins"":1}","{""games"":12,""losses"":6,""ties"":0,""wins"":6}","{""games"":1,""losses"":0,""ties"":0,""wins"":1}"
2021,2426,Navy,fbs,American Athletic,,4.057524200477806,"{""games"":12,""losses"":8,""ties"":0,""wins"":4}","{""games"":8,""losses"":5,""ties"":0,""wins"":3}","{""games"":6,""losses"":5,""ties"":0,""wins"":1}","{""games"":6,""losses"":3,""ties"":0,""wins"":3}","{""games"":0,""losses"":0,""ties"":0,""wins"":0}","{""games"":12,""losses"":8,""ties"":0,""wins"":4}","{""games"":0,""losses"":0,""ties"":0,""wins"":0}"
2021,2429,Charlotte,fbs,Conference USA,East,3.8744900442153387,"{""games"":12,""losses"":7,""ties"":0,""wins"":5}","{""games"":8,""losses"":5,""ties"":0,""wins"":3}","{""games"":6,""losses"":2,""ties"":0,""wins"":4}","{""games"":6,""losses"":5,""ties"":0,""wins"":1}","{""games"":0,""losses"":0,""ties"":0,""wins"":0}","{""games"":12,""losses"":7,""ties"":0,""wins"":5}","{""games"":0,""losses"":0,""ties"":0,""wins"":0}"
2021,2433,UL Monroe,fbs,Sun Belt,West,4.167218431615532,"{""games"":12,""losses"":8,""ties"":0,""wins"":4}","{""games"":8,""losses"":6,""ties"":0,""wins"":2}","{""games"":6,""losses"":2,""ties"":0,""wins"":4}","{""games"":6,""losses"":6,""ties"":0,""wins"":0}","{""games"":0,""losses"":0,""ties"":0,""wins"":0}","{""games"":12,""losses"":8,""ties"":0,""wins"":4}","{""games"":0,""losses"":0,""ties"":0,""wins"":0}"
2021,2439,UNLV,fbs,Mountain West,West,2.76031897543727,"{""games"":12,""losses"":10,""ties"":0,""wins"":2}","{""games"":8,""losses"":6,""ties"":0,""wins"":2}","{""games"":6,""losses"":5,""ties"":0,""wins"":1}","{""games"":6,""losses"":5,""ties"":0,""wins"":1}","{""games"":0,""losses"":0,""ties"":0,""wins"":0}","{""games"":12,""losses"":10,""ties"":0,""wins"":2}","{""games"":0,""losses"":0,""ties"":0,""wins"":0}"
2021,2440,Nevada,fbs,Mountain West,West,7.80887118075043,"{""games"":13,""losses"":5,""ties"":0,""wins"":8}","{""games"":8,""losses"":3,""ties"":0,""wins"":5}","{""games"":6,""losses"":1,""ties"":0,""wins"":5}","{""games"":6,""losses"":3,""ties"":0,""wins"":3}","{""games"":1,""losses"":1,""ties"":0,""wins"":0}","{""games"":12,""losses"":4,""ties"":0,""wins"":8}","{""games"":1,""losses"":1,""ties"":0,""wins"":0}"
2021,2459,Northern Illinois,fbs,Mid-American,West,7.7831042493553335,"{""games"":14,""losses"":5,""ties"":0,""wins"":9}","{""games"":9,""losses"":2,""ties"":0,""wins"":7}","{""games"":6,""losses"":2,""ties"":0,""wins"":4}","{""games"":6,""losses"":2,""ties"":0,""wins"":4}","{""games"":2,""losses"":1,""ties"":0,""wins"":1}","{""games"":13,""losses"":4,""ties"":0,""wins"":9}","{""games"":1,""losses"":1,""ties"":0,""wins"":0}"
2021,2483,Oregon,fbs,Pac-12,North,9.158537759206723,"{""games"":14,""losses"":4,""ties"":0,""wins"":10}","{""games"":10,""losses"":3,""ties"":0,""wins"":7}","{""games"":7,""losses"":0,""ties"":0,""wins"":7}","{""games"":5,""losses"":2,""ties"":0,""wins"":3}","{""games"":2,""losses"":2,""ties"":0,""wins"":0}","{""games"":13,""losses"":3,""ties"":0,""wins"":10}","{""games"":1,""losses"":1,""ties"":0,""wins"":0}"
2021,2509,Purdue,fbs,Big Ten,West,7.784287553280592,"{""games"":13,""losses"":4,""ties"":0,""wins"":9}","{""games"":9,""losses"":3,""ties"":0,""wins"":6}","{""games"":6,""losses"":2,""ties"":0,""wins"":4}","{""games"":5,""losses"":2,""ties"":0,""wins"":3}","{""games"":2,""losses"":0,""ties"":0,""wins"":2}","{""games"":12,""losses"":4,""ties"":0,""wins"":8}","{""games"":1,""losses"":0,""ties"":0,""wins"":1}"
2021,2567,SMU,fbs,American Athletic,,8.12793647049467,"{""games"":12,""losses"":4,""ties"":0,""wins"":8}","{""games"":8,""losses"":4,""ties"":0,""wins"":4}","{""games"":6,""losses"":1,""ties"":0,""wins"":5}","{""games"":6,""losses"":3,""ties"":0,""wins"":3}","{""games"":0,""losses"":0,""ties"":0,""wins"":0}","{""games"":12,""losses"":4,""ties"":0,""wins"":8}","{""games"":0,""losses"":0,""ties"":0,""wins"":0}"
2021,2572,Southern Miss,fbs,Conference USA,West,3.955036563798785,"{""games"":12,""losses"":9,""ties"":0,""wins"":3}","{""games"":8,""losses"":6,""ties"":0,""wins"":2}","{""games"":6,""losses"":4,""ties"":0,""wins"":2}","{""games"":6,""losses"":5,""ties"":0,""wins"":1}","{""games"":0,""losses"":0,""ties"":0,""wins"":0}","{""games"":12,""losses"":9,""ties"":0,""wins"":3}","{""games"":0,""losses"":0,""ties"":0,""wins"":0}"
2021,2579,South Carolina,fbs,SEC,East,6.976261067551075,"{""games"":13,""losses"":6,""ties"":0,""wins"":7}","{""games"":8,""losses"":5,""ties"":0,""wins"":3}","{""games"":7,""losses"":2,""ties"":0,""wins"":5}","{""games"":5,""losses"":4,""ties"":0,""wins"":1}","{""games"":1,""losses"":0,""ties"":0,""wins"":1}","{""games"":12,""losses"":6,""ties"":0,""wins"":6}","{""games"":1,""losses"":0,""ties"":0,""wins"":1}"
2021,2628,TCU,fbs,Big 12,,5.920623192242149,"{""games"":12,""losses"":7,""ties"":0,""wins"":5}","{""games"":9,""losses"":6,""ties"":0,""wins"":3}","{""games"":7,""losses"":3,""ties"":0,""wins"":4}","{""games"":5,""losses"":4,""ties"":0,""wins"":1}","{""games"":0,""losses"":0,""ties"":0,""wins"":0}","{""games"":12,""losses"":7,""ties"":0,""wins"":5}","{""games"":0,""losses"":0,""ties"":0,""wins"":0}"
2021,2633,Tennessee,fbs,SEC,East,7.995362214744091,"{""games"":13,""losses"":6,""ties"":0,""wins"":7}","{""games"":8,""losses"":4,""ties"":0,""wins"":4}","{""games"":8,""losses"":3,""ties"":0,""wins"":5}","{""games"":4,""losses"":2,""ties"":0,""wins"":2}","{""games"":1,""losses"":1,""ties"":0,""wins"":0}","{""games"":12,""losses"":5,""ties"":0,""wins"":7}","{""games"":1,""losses"":1,""ties"":0,""wins"":0}"
2021,2636,UTSA,fbs,Conference USA,West,9.910214967120124,"{""games"":14,""losses"":2,""ties"":0,""wins"":12}","{""games"":9,""losses"":1,""ties"":0,""wins"":8}","{""games"":7,""losses"":0,""ties"":0,""wins"":7}","{""games"":6,""losses"":1,""ties"":0,""wins"":5}","{""games"":1,""losses"":1,""ties"":0,""wins"":0}","{""games"":13,""losses"":1,""ties"":0,""wins"":12}","{""games"":1,""losses"":1,""ties"":0,""wins"":0}"
2021,2638,UTEP,fbs,Conference USA,West,7.303024650114483,"{""games"":13,""losses"":6,""ties"":0,""wins"":7}","{""games"":8,""losses"":4,""ties"":0,""wins"":4}","{""games"":6,""losses"":1,""ties"":0,""wins"":5}","{""games"":6,""losses"":4,""ties"":0,""wins"":2}","{""games"":1,""losses"":1,""ties"":0,""wins"":0}","{""games"":12,""losses"":5,""ties"":0,""wins"":7}","{""games"":1,""losses"":1,""ties"":0,""wins"":0}"
2021,2641,Texas Tech,fbs,Big 12,,6.776636819368363,"{""games"":13,""losses"":6,""ties"":0,""wins"":7}","{""games"":9,""losses"":6,""ties"":0,""wins"":3}","{""games"":6,""losses"":3,""ties"":0,""wins"":3}","{""games"":5,""losses"":3,""ties"":0,""wins"":2}","{""games"":2,""losses"":0,""ties"":0,""wins"":2}","{""games"":12,""losses"":6,""ties"":0,""wins"":6}","{""games"":1,""losses"":0,""ties"":0,""wins"":1}"
2021,2649,Toledo,fbs,Mid-American,West,8.148673343239352,"{""games"":13,""losses"":6,""ties"":0,""wins"":7}","{""games"":8,""losses"":3,""ties"":0,""wins"":5}","{""games"":6,""losses"":3,""ties"":0,""wins"":3}","{""games"":6,""losses"":2,""ties"":0,""wins"":4}","{""games"":1,""losses"":1,""ties"":0,""wins"":0}","{""games"":12,""losses"":5,""ties"":0,""wins"":7}","{""games"":1,""losses"":1,""ties"":0,""wins"":0}"
2021,2653,Troy,fbs,Sun Belt,East,5.481762593379244,"{""games"":12,""losses"":7,""ties"":0,""wins"":5}","{""games"":8,""losses"":5,""ties"":0,""wins"":3}","{""games"":6,""losses"":3,""ties"":0,""wins"":3}","{""games"":6,""losses"":4,""ties"":0,""wins"":2}","{""games"":0,""losses"":0,""ties"":0,""wins"":0}","{""games"":12,""losses"":7,""ties"":0,""wins"":5}","{""games"":0,""losses"":0,""ties"":0,""wins"":0}"
2021,2655,Tulane,fbs,American Athletic,,3.94013741533911,"{""games"":12,""losses"":10,""ties"":0,""wins"":2}","{""games"":8,""losses"":7,""ties"":0,""wins"":1}","{""games"":6,""losses"":4,""ties"":0,""wins"":2}","{""games"":6,""losses"":6,""ties"":0,""wins"":0}","{""games"":0,""losses"":0,""ties"":0,""wins"":0}","{""games"":12,""losses"":10,""ties"":0,""wins"":2}","{""games"":0,""losses"":0,""ties"":0,""wins"":0}"
2021,2711,Western Michigan,fbs,Mid-American,West,8.217974493083863,"{""games"":13,""losses"":5,""ties"":0,""wins"":8}","{""games"":8,""losses"":4,""ties"":0,""wins"":4}","{""games"":6,""losses"":2,""ties"":0,""wins"":4}","{""games"":6,""losses"":3,""ties"":0,""wins"":3}","{""games"":1,""losses"":0,""ties"":0,""wins"":1}","{""games"":12,""losses"":5,""ties"":0,""wins"":7}","{""games"":1,""losses"":0,""ties"":0,""wins"":1}"
2021,2751,Wyoming,fbs,Mountain West,Mountain,6.774937602691352,"{""games"":13,""losses"":6,""ties"":0,""wins"":7}","{""games"":8,""losses"":6,""ties"":0,""wins"":2}","{""games"":6,""losses"":3,""ties"":0,""wins"":3}","{""games"":6,""losses"":3,""ties"":0,""wins"":3}","{""games"":1,""losses"":0,""ties"":0,""wins"":1}","{""games"":12,""losses"":6,""ties"":0,""wins"":6}","{""games"":1,""losses"":0,""ties"":0,""wins"":1}"
2022,2,Auburn,fbs,SEC,West,6.199200849980116,"{""games"":12,""losses"":7,""ties"":0,""wins"":5}","{""games"":8,""losses"":6,""ties"":0,""wins"":2}","{""games"":8,""losses"":3,""ties"":0,""wins"":5}","{""games"":4,""losses"":4,""ties"":0,""wins"":0}","{""games"":0,""losses"":0,""ties"":0,""wins"":0}","{""games"":12,""losses"":7,""ties"":0,""wins"":5}","{""games"":0,""losses"":0,""ties"":0,""wins"":0}"
2022,5,UAB,fbs,Conference USA,,7.839455455541611,"{""games"":13,""losses"":6,""ties"":0,""wins"":7}","{""games"":8,""losses"":4,""ties"":0,""wins"":4}","{""games"":6,""losses"":1,""ties"":0,""wins"":5}","{""games"":6,""losses"":5,""ties"":0,""wins"":1}","{""games"":1,""losses"":0,""ties"":0,""wins"":1}","{""games"":12,""losses"":6,""ties"":0,""wins"":6}","{""games"":1,""losses"":0,""ties"":0,""wins"":1}"
2022,6,South Alabama,fbs,Sun Belt,West,9.989695866592228,"{""games"":13,""losses"":3,""ties"":0,""wins"":10}","{""games"":8,""losses"":1,""ties"":0,""wins"":7}","{""games"":6,""losses"":1,""ties"":0,""wins"":5}","{""games"":6,""losses"":1,""ties"":0,""wins"":5}","{""games"":1,""losses"":1,""ties"":0,""wins"":0}","{""games"":12,""losses"":2,""ties"":0,""wins"":10}","{""games"":1,""losses"":1,""ties"":0,""wins"":0}"
2022,8,Arkansas,fbs,SEC,West,7.95541326860791,"{""games"":13,""losses"":6,""ties"":0,""wins"":7}","{""games"":8,""losses"":5,""ties"":0,""wins"":3}","{""games"":7,""losses"":3,""ties"":0,""wins"":4}","{""games"":4,""losses"":2,""ties"":0,""wins"":2}","{""games"":2,""losses"":1,""ties"":0,""wins"":1}","{""games"":12,""losses"":6,""ties"":0,""wins"":6}","{""games"":1,""losses"":0,""ties"":0,""wins"":1}"
2022,9,Arizona State,fbs,Pac-12,,4.216926967410129,"{""games"":12,""losses"":9,""ties"":0,""wins"":3}","{""games"":9,""losses"":7,""ties"":0,""wins"":2}","{""games"":6,""losses"":4,""ties"":0,""wins"":2}","{""games"":6,""losses"":5,""ties"":0,""wins"":1}","{""games"":0,""losses"":0,""ties"":0,""wins"":0}","{""games"":12,""losses"":9,""ties"":0,""wins"":3}","{""games"":0,""losses"":0,""ties"":0,""wins"":0}"
2022,12,Arizona,fbs,Pac-12,,5.12372703012079,"{""games"":12,""losses"":7,""ties"":0,""wins"":5}","{""games"":9,""losses"":6,""ties"":0,""wins"":3}","{""games"":7,""losses"":4,""ties"":0,""wins"":3}","{""games"":5,""losses"":3,""ties"":0,""wins"":2}","{""games"":0,""losses"":0,""ties"":0,""wins"":0}","{""games"":12,""losses"":7,""ties"":0,""wins"":5}","{""games"":0,""losses"":0,""ties"":0,""wins"":0}"
2022,21,San Diego State,fbs,Mountain West,West,7.9104982167457925,"{""games"":13,""losses"":6,""ties"":0,""wins"":7}","{""games"":8,""losses"":3,""ties"":0,""wins"":5}","{""games"":7,""losses"":2,""ties"":0,""wins"":5}","{""games"":5,""losses"":3,""ties"":0,""wins"":2}","{""games"":1,""losses"":1,""ties"":0,""wins"":0}","{""games"":12,""losses"":5,""ties"":0,""wins"":7}","{""games"":1,""losses"":1,""ties"":0,""wins"":0}"
2022,23,San José State,fbs,Mountain West,West,6.635760583914816,"{""games"":12,""losses"":5,""ties"":0,""wins"":7}","{""games"":8,""losses"":3,""ties"":0,""wins"":5}","{""games"":6,""losses"":0,""ties"":0,""wins"":6}","{""games"":5,""losses"":4,""ties"":0,""wins"":1}","{""games"":1,""losses"":1,""ties"":0,""wins"":0}","{""games"":11,""losses"":4,""ties"":0,""wins"":7}","{""games"":1,""losses"":1,""ties"":0,""wins"":0}"
2022,24,Stanford,fbs,Pac-12,,2.5317662991583347,"{""games"":12,""losses"":9,""ties"":0,""wins"":3}","{""games"":9,""losses"":8,""ties"":0,""wins"":1}","{""games"":6,""losses"":4,""ties"":0,""wins"":2}","{""games"":6,""losses"":5,""ties"":0,""wins"":1}","{""games"":0,""losses"":0,""ties"":0,""wins"":0}","{""games"":12,""losses"":9,""ties"":0,""wins"":3}","{""games"":0,""losses"":0,""ties"":0,""wins"":0}"
2022,25,California,fbs,Pac-12,,4.5932592786848545,"{""games"":12,""losses"":8,""ties"":0,""wins"":4}","{""games"":9,""losses"":7,""ties"":0,""wins"":2}","{""games"":7,""losses"":3,""ties"":0,""wins"":4}","{""games"":5,""losses"":5,""ties"":0,""wins"":0}","{""games"":0,""losses"":0,""ties"":0,""wins"":0}","{""games"":12,""losses"":8,""ties"":0,""wins"":4}","{""games"":0,""losses"":0,""ties"":0,""wins"":0}"
2022,26,UCLA,fbs,Pac-12,,8.422227398492396,"{""games"":13,""losses"":4,""ties"":0,""wins"":9}","{""games"":9,""losses"":3,""ties"":0,""wins"":6}","{""games"":8,""losses"":2,""ties"":0,""wins"":6}","{""games"":4,""losses"":1,""ties"":0,""wins"":3}","{""games"":1,""losses"":1,""ties"":0,""wins"":0}","{""games"":12,""losses"":3,""ties"":0,""wins"":9}","{""games"":1,""losses"":1,""ties"":0,""wins"":0}"
2022,30,USC,fbs,Pac-12,,10.585792439989746,"{""games"":14,""losses"":3,""ties"":0,""wins"":11}","{""games"":10,""losses"":2,""ties"":0,""wins"":8}","{""games"":7,""losses"":0,""ties"":0,""wins"":7}","{""games"":5,""losses"":1,""ties"":0,""wins"":4}","{""games"":2,""losses"":2,""ties"":0,""wins"":0}","{""games"":13,""losses"":2,""ties"":0,""wins"":11}","{""games"":1,""losses"":1,""ties"":0,""wins"":0}"
2022,36,Colorado State,fbs,Mountain West,Mountain,3.3274265485815704,"{""games"":12,""losses"":9,""ties"":0,""wins"":3}","{""games"":8,""losses"":5,""ties"":0,""wins"":3}","{""games"":6,""losses"":4,""ties"":0,""wins"":2}","{""games"":6,""losses"":5,""ties"":0,""wins"":1}","{""games"":0,""losses"":0,""ties"":0,""wins"":0}","{""games"":12,""losses"":9,""ties"":0,""wins"":3}","{""games"":0,""losses"":0,""ties"":0,""wins"":0}"
2022,38,Colorado,fbs,Pac-12,,0.8248480357340255,"{""games"":12,""losses"":11,""ties"":0,""wins"":1}","{""games"":9,""losses"":8,""ties"":0,""wins"":1}","{""games"":6,""losses"":5,""ties"":0,""wins"":1}","{""games"":6,""losses"":6,""ties"":0,""wins"":0}","{""games"":0,""losses"":0,""ties"":0,""wins"":0}","{""games"":12,""losses"":11,""ties"":0,""wins"":1}","{""games"":0,""losses"":0,""ties"":0,""wins"":0}"
2022,41,UConn,fbs,FBS Independents,,6.287769183516502,"{""games"":13,""losses"":7,""ties"":0,""wins"":6}","{""games"":0,""losses"":0,""ties"":0,""wins"":0}","{""games"":6,""losses"":1,""ties"":0,""wins"":5}","{""games"":6,""losses"":5,""ties"":0,""wins"":1}","{""games"":1,""losses"":1,""ties"":0,""wins"":0}","{""games"":12,""losses"":6,""ties"":0,""wins"":6}","{""games"":1,""losses"":1,""ties"":0,""wins"":0}"
2022,52,Florida State,fbs,ACC,Atlantic,9.442789158318192,"{""games"":13,""losses"":3,""ties"":0,""wins"":10}","{""games"":8,""losses"":3,""ties"":0,""wins"":5}","{""games"":7,""losses"":2,""ties"":0,""wins"":5}","{""games"":4,""losses"":1,""ties"":0,""wins"":3}","{""games"":2,""losses"":0,""ties"":0,""wins"":2}","{""games"":12,""losses"":3,""ties"":0,""wins"":9}","{""games"":1,""losses"":0,""ties"":0,""wins"":1}"
2022,57,Florida,fbs,SEC,East,5.249986885115504,"{""games"":13,""losses"":7,""ties"":0,""wins"":6}","{""games"":8,""losses"":5,""ties"":0,""wins"":3}","{""games"":7,""losses"":2,""ties"":0,""wins"":5}","{""games"":4,""losses"":3,""ties"":0,""wins"":1}","{""games"":2,""losses"":2,""ties"":0,""wins"":0}","{""games"":12,""losses"":6,""ties"":0,""wins"":6}","{""games"":1,""losses"":1,""ties"":0,""wins"":0}"
2022,58,South Florida,fbs,American Athletic,,3.240467764588906,"{""games"":12,""losses"":11,""ties"":0,""wins"":1}","{""games"":8,""losses"":8,""ties"":0,""wins"":0}","{""games"":5,""losses"":4,""ties"":0,""wins"":1}","{""games"":6,""losses"":6,""ties"":0,""wins"":0}","{""games"":1,""losses"":1,""ties"":0,""wins"":0}","{""games"":12,""losses"":11,""ties"":0,""wins"":1}","{""games"":0,""losses"":0,""ties"":0,""wins"":0}"
2022,59,Georgia Tech,fbs,ACC,Coastal,4.1484446078538895,"{""games"":12,""losses"":7,""ties"":0,""wins"":5}","{""games"":8,""losses"":4,""ties"":0,""wins"":4}","{""games"":5,""losses"":3,""ties"":0,""wins"":2}","{""games"":6,""losses"":3,""ties"":0,""wins"":3}","{""games"":1,""losses"":1,""ties"":0,""wins"":0}","{""games"":12,""losses"":7,""ties"":0,""wins"":5}","{""games"":0,""losses"":0,""ties"":0,""wins"":0}"
2022,61,Georgia,fbs,SEC,East,14.25881663709879,"{""games"":15,""losses"":0,""ties"":0,""wins"":15}","{""games"":9,""losses"":0,""ties"":0,""wins"":9}","{""games"":6,""losses"":0,""ties"":0,""wins"":6}","{""games"":4,""losses"":0,""ties"":0,""wins"":4}","{""games"":5,""losses"":0,""ties"":0,""wins"":5}","{""games"":13,""losses"":0,""ties"":0,""wins"":13}","{""games"":2,""losses"":0,""ties"":0,""wins"":2}"
2022,62,Hawai'i,fbs,Mountain West,West,3.1686328163875603,"{""games"":13,""losses"":10,""ties"":0,""wins"":3}","{""games"":8,""losses"":6,""ties"":0,""wins"":2}","{""games"":7,""losses"":4,""ties"":0,""wins"":3}","{""games"":6,""losses"":6,""ties"":0,""wins"":0}","{""games"":0,""losses"":0,""ties"":0,""wins"":0}","{""games"":13,""losses"":10,""ties"":0,""wins"":3}","{""games"":0,""losses"":0,""ties"":0,""wins"":0}"
2022,66,Iowa State,fbs,Big 12,,4.2762200348079205,"{""games"":12,""losses"":8,""ties"":0,""wins"":4}","{""games"":9,""losses"":8,""ties"":0,""wins"":1}","{""games"":7,""losses"":4,""ties"":0,""wins"":3}","{""games"":5,""losses"":4,""ties"":0,""wins"":1}","{""games"":0,""losses"":0,""ties"":0,""wins"":0}","{""games"":12,""losses"":8,""ties"":0,""wins"":4}","{""games"":0,""losses"":0,""ties"":0,""wins"":0}"
2022,68,Boise State,fbs,Mountain West,Mountain,9.695912156392252,"{""games"":14,""losses"":4,""ties"":0,""wins"":10}","{""games"":9,""losses"":1,""ties"":0,""wins"":8}","{""games"":7,""losses"":2,""ties"":0,""wins"":5}","{""games"":6,""losses"":2,""ties"":0,""wins"":4}","{""games"":1,""losses"":0,""ties"":0,""wins"":1}","{""games"":13,""losses"":4,""ties"":0,""wins"":9}","{""games"":1,""losses"":0,""ties"":0,""wins"":1}"
2022,77,Northwestern,fbs,Big Ten,West,2.0399729823693633,"{""games"":12,""losses"":11,""ties"":0,""wins"":1}","{""games"":9,""losses"":8,""ties"":0,""wins"":1}","{""games"":6,""losses"":6,""ties"":0,""wins"":0}","{""games"":5,""losses"":5,""ties"":0,""wins"":0}","{""games"":1,""losses"":0,""ties"":0,""wins"":1}","{""games"":12,""losses"":11,""ties"":0,""wins"":1}","{""games"":0,""losses"":0,""ties"":0,""wins"":0}"
2022,84,Indiana,fbs,Big Ten,East,2.6474671664036835,"{""games"":12,""losses"":8,""ties"":0,""wins"":4}","{""games"":9,""losses"":7,""ties"":0,""wins"":2}","{""games"":7,""losses"":4,""ties"":0,""wins"":3}","{""games"":5,""losses"":4,""ties"":0,""wins"":1}","{""games"":0,""losses"":0,""ties"":0,""wins"":0}","{""games"":12,""losses"":8,""ties"":0,""wins"":4}","{""games"":0,""losses"":0,""ties"":0,""wins"":0}"
2022,87,Notre Dame,fbs,FBS Independents,,8.585417690081016,"{""games"":13,""losses"":4,""ties"":0,""wins"":9}","{""games"":1,""losses"":0,""ties"":0,""wins"":1}","{""games"":6,""losses"":2,""ties"":0,""wins"":4}","{""games"":4,""losses"":2,""ties"":0,""wins"":2}","{""games"":3,""losses"":0,""ties"":0,""wins"":3}","{""games"":12,""losses"":4,""ties"":0,""wins"":8}","{""games"":1,""losses"":0,""ties"":0,""wins"":1}"
2022,96,Kentucky,fbs,SEC,East,8.11546365171671,"{""games"":13,""losses"":6,""ties"":0,""wins"":7}","{""games"":8,""losses"":5,""ties"":0,""wins"":3}","{""games"":8,""losses"":3,""ties"":0,""wins"":5}","{""games"":4,""losses"":2,""ties"":0,""wins"":2}","{""games"":1,""losses"":1,""ties"":0,""wins"":0}","{""games"":12,""losses"":5,""ties"":0,""wins"":7}","{""games"":1,""losses"":1,""ties"":0,""wins"":0}"
2022,97,Louisville,fbs,ACC,Atlantic,7.529220260679722,"{""games"":13,""losses"":5,""ties"":0,""wins"":8}","{""games"":8,""losses"":4,""ties"":0,""wins"":4}","{""games"":6,""losses"":1,""ties"":0,""wins"":5}","{""games"":6,""losses"":4,""ties"":0,""wins"":2}","{""games"":1,""losses"":0,""ties"":0,""wins"":1}","{""games"":12,""losses"":5,""ties"":0,""wins"":7}","{""games"":1,""losses"":0,""ties"":0,""wins"":1}"
2022,98,Western Kentucky,fbs,Conference USA,,8.612602431327105,"{""games"":14,""losses"":5,""ties"":0,""wins"":9}","{""games"":8,""losses"":2,""ties"":0,""wins"":6}","{""games"":6,""losses"":2,""ties"":0,""wins"":4}","{""games"":7,""losses"":3,""ties"":0,""wins"":4}","{""games"":1,""losses"":0,""ties"":0,""wins"":1}","{""games"":13,""losses"":5,""ties"":0,""wins"":8}","{""games"":1,""losses"":0,""ties"":0,""wins"":1}"
2022,99,LSU,fbs,SEC,West,8.412065729655826,"{""games"":14,""losses"":4,""ties"":0,""wins"":10}","{""games"":9,""losses"":3,""ties"":0,""wins"":6}","{""games"":7,""losses"":1,""ties"":0,""wins"":6}","{""games"":4,""losses"":1,""ties"":0,""wins"":3}","{""games"":3,""losses"":2,""ties"":0,""wins"":1}","{""games"":13,""losses"":4,""ties"":0,""wins"":9}","{""games"":1,""losses"":0,""ties"":0,""wins"":1}"
2022,103,Boston College,fbs,ACC,Atlantic,3.557627037167549,"{""games"":12,""losses"":9,""ties"":0,""wins"":3}","{""games"":8,""losses"":6,""ties"":0,""wins"":2}","{""games"":6,""losses"":4,""ties"":0,""wins"":2}","{""games"":6,""losses"":5,""ties"":0,""wins"":1}","{""games"":0,""losses"":0,""ties"":0,""wins"":0}","{""games"":12,""losses"":9,""ties"":0,""wins"":3}","{""games"":0,""losses"":0,""ties"":0,""wins"":0}"
2022,113,Massachusetts,fbs,FBS Independents,,1.7510692607611418,"{""games"":12,""losses"":11,""ties"":0,""wins"":1}","{""games"":3,""losses"":3,""ties"":0,""wins"":0}","{""games"":5,""losses"":4,""ties"":0,""wins"":1}","{""games"":7,""losses"":7,""ties"":0,""wins"":0}","{""games"":0,""losses"":0,""ties"":0,""wins"":0}","{""games"":12,""losses"":11,""ties"":0,""wins"":1}","{""games"":0,""losses"":0,""ties"":0,""wins"":0}"
2022,120,Maryland,fbs,Big Ten,East,8.76444154116325,"{""games"":13,""losses"":5,""ties"":0,""wins"":8}","{""games"":9,""losses"":5,""ties"":0,""wins"":4}","{""games"":7,""losses"":2,""ties"":0,""wins"":5}","{""games"":5,""losses"":3,""ties"":0,""wins"":2}","{""games"":1,""losses"":0,""ties"":0,""wins"":1}","{""games"":12,""losses"":5,""ties"":0,""wins"":7}","{""games"":1,""losses"":0,""ties"":0,""wins"":1}"
2022,127,Michigan State,fbs,Big Ten,East,4.281685929745436,"{""games"":12,""losses"":7,""ties"":0,""wins"":5}","{""games"":9,""losses"":6,""ties"":0,""wins"":3}","{""games"":7,""losses"":3,""ties"":0,""wins"":4}","{""games"":5,""losses"":4,""ties"":0,""wins"":1}","{""games"":0,""losses"":0,""ties"":0,""wins"":0}","{""games"":12,""losses"":7,""ties"":0,""wins"":5}","{""games"":0,""losses"":0,""ties"":0,""wins"":0}"
2022,130,Michigan,fbs,Big Ten,East,12.821844050425682,"{""games"":14,""losses"":1,""ties"":0,""wins"":13}","{""games"":10,""losses"":0,""ties"":0,""wins"":10}","{""games"":8,""losses"":0,""ties"":0,""wins"":8}","{""games"":4,""losses"":0,""ties"":0,""wins"":4}","{""games"":2,""losses"":1,""ties"":0,""wins"":1}","{""games"":13,""losses"":0,""ties"":0,""wins"":13}","{""games"":1,""losses"":1,""ties"":0,""wins"":0}"
2022,135,Minnesota,fbs,Big Ten,West,9.08473938703537,"{""games"":13,""losses"":4,""ties"":0,""wins"":9}","{""games"":9,""losses"":4,""ties"":0,""wins"":5}","{""games"":7,""losses"":2,""ties"":0,""wins"":5}","{""games"":5,""losses"":2,""ties"":0,""wins"":3}","{""games"":1,""losses"":0,""ties"":0,""wins"":1}","{""games"":12,""losses"":4,""ties"":0,""wins"":8}","{""games"":1,""losses"":0,""ties"":0,""wins"":1}"
2022,142,Missouri,fbs,SEC,East,6.621211440069601,"{""games"":13,""losses"":7,""ties"":0,""wins"":6}","{""games"":8,""losses"":5,""ties"":0,""wins"":3}","{""games"":7,""losses"":2,""ties"":0,""wins"":5}","{""games"":5,""losses"":4,""ties"":0,""wins"":1}","{""games"":1,""losses"":1,""ties"":0,""wins"":0}","{""games"":12,""losses"":6,""ties"":0,""wins"":6}","{""games"":1,""losses"":1,""ties"":0,""wins"":0}"
2022,145,Ole Miss,fbs,SEC,West,8.083249379880726,"{""games"":13,""losses"":5,""ties"":0,""wins"":8}","{""games"":8,""losses"":4,""ties"":0,""wins"":4}","{""games"":7,""losses"":2,""ties"":0,""wins"":5}","{""games"":5,""losses"":2,""ties"":0,""wins"":3}","{""games"":1,""losses"":1,""ties"":0,""wins"":0}","{""games"":12,""losses"":4,""ties"":0,""wins"":8}","{""games"":1,""losses"":1,""ties"":0,""wins"":0}"
2022,150,Duke,fbs,ACC,Coastal,9.25766050122306,"{""games"":13,""losses"":4,""ties"":0,""wins"":9}","{""games"":8,""losses"":3,""ties"":0,""wins"":5}","{""games"":6,""losses"":1,""ties"":0,""wins"":5}","{""games"":6,""losses"":3,""ties"":0,""wins"":3}","{""games"":1,""losses"":0,""ties"":0,""wins"":1}","{""games"":12,""losses"":4,""ties"":0,""wins"":8}","{""games"":1,""losses"":0,""ties"":0,""wins"":1}"
2022,151,East Carolina,fbs,American Athletic,,8.224327925440953,"{""games"":13,""losses"":5,""ties"":0,""wins"":8}","{""games"":8,""losses"":4,""ties"":0,""wins"":4}","{""games"":7,""losses"":3,""ties"":0,""wins"":4}","{""games"":4,""losses"":2,""ties"":0,""wins"":2}","{""games"":2,""losses"":0,""ties"":0,""wins"":2}","{""games"":12,""losses"":5,""ties"":0,""wins"":7}","{""games"":1,""losses"":0,""ties"":0,""wins"":1}"
2022,152,NC State,fbs,ACC,Atlantic,7.16093268797225,"{""games"":13,""losses"":5,""ties"":0,""wins"":8}","{""games"":8,""losses"":4,""ties"":0,""wins"":4}","{""games"":7,""losses"":1,""ties"":0,""wins"":6}","{""games"":5,""losses"":3,""ties"":0,""wins"":2}","{""games"":1,""losses"":1,""ties"":0,""wins"":0}","{""games"":12,""losses"":4,""ties"":0,""wins"":8}","{""games"":1,""losses"":1,""ties"":0,""wins"":0}"
2022,153,North Carolina,fbs,ACC,Coastal,8.109633033163846,"{""games"":14,""losses"":5,""ties"":0,""wins"":9}","{""games"":9,""losses"":3,""ties"":0,""wins"":6}","{""games"":6,""losses"":3,""ties"":0,""wins"":3}","{""games"":6,""losses"":0,""ties"":0,""wins"":6}","{""games"":2,""losses"":2,""ties"":0,""wins"":0}","{""games"":13,""losses"":4,""ties"":0,""wins"":9}","{""games"":1,""losses"":1,""ties"":0,""wins"":0}"
2022,154,Wake Forest,fbs,ACC,Atlantic,7.794725914131907,"{""games"":13,""losses"":5,""ties"":0,""wins"":8}","{""games"":8,""losses"":5,""ties"":0,""wins"":3}","{""games"":7,""losses"":2,""ties"":0,""wins"":5}","{""games"":5,""losses"":3,""ties"":0,""wins"":2}","{""games"":1,""losses"":0,""ties"":0,""wins"":1}","{""games"":12,""losses"":5,""ties"":0,""wins"":7}","{""games"":1,""losses"":0,""ties"":0,""wins"":1}"
2022,158,Nebraska,fbs,Big Ten,West,4.081380381251108,"{""games"":12,""losses"":8,""ties"":0,""wins"":4}","{""games"":9,""losses"":6,""ties"":0,""wins"":3}","{""games"":7,""losses"":5,""ties"":0,""wins"":2}","{""games"":4,""losses"":2,""ties"":0,""wins"":2}","{""games"":1,""losses"":1,""ties"":0,""wins"":0}","{""games"":12,""losses"":8,""ties"":0,""wins"":4}","{""games"":0,""losses"":0,""ties"":0,""wins"":0}"
2022,164,Rutgers,fbs,Big Ten,East,5.109022461333962,"{""games"":12,""losses"":8,""ties"":0,""wins"":4}","{""games"":9,""losses"":8,""ties"":0,""wins"":1}","{""games"":6,""losses"":4,""ties"":0,""wins"":2}","{""games"":6,""losses"":4,""ties"":0,""wins"":2}","{""games"":0,""losses"":0,""ties"":0,""wins"":0}","{""games"":12,""losses"":8,""ties"":0,""wins"":4}","{""games"":0,""losses"":0,""ties"":0,""wins"":0}"
2022,166,New Mexico State,fbs,FBS Independents,,6.798837109468877,"{""games"":13,""losses"":6,""ties"":0,""wins"":7}","{""games"":2,""losses"":0,""ties"":0,""wins"":2}","{""games"":6,""losses"":2,""ties"":0,""wins"":4}","{""games"":6,""losses"":4,""ties"":0,""wins"":2}","{""games"":1,""losses"":0,""ties"":0,""wins"":1}","{""games"":12,""losses"":6,""ties"":0,""wins"":6}","{""games"":1,""losses"":0,""ties"":0,""wins"":1}"
2022,167,New Mexico,fbs,Mountain West,Mountain,2.392999806907028,"{""games"":12,""losses"":10,""ties"":0,""wins"":2}","{""games"":8,""losses"":8,""ties"":0,""wins"":0}","{""games"":6,""losses"":4,""ties"":0,""wins"":2}","{""games"":6,""losses"":6,""ties"":0,""wins"":0}","{""games"":0,""losses"":0,""ties"":0,""wins"":0}","{""games"":12,""losses"":10,""ties"":0,""wins"":2}","{""games"":0,""losses"":0,""ties"":0,""wins"":0}"
2022,183,Syracuse,fbs,ACC,Atlantic,5.943445207132267,"{""games"":13,""losses"":6,""ties"":0,""wins"":7}","{""games"":8,""losses"":4,""ties"":0,""wins"":4}","{""games"":7,""losses"":2,""ties"":0,""wins"":5}","{""games"":5,""losses"":3,""ties"":0,""wins"":2}","{""games"":1,""losses"":1,""ties"":0,""wins"":0}","{""games"":12,""losses"":5,""ties"":0,""wins"":7}","{""games"":1,""losses"":1,""ties"":0,""wins"":0}"
2022,189,Bowling Green,fbs,Mid-American,East,5.607769926339232,"{""games"":13,""losses"":7,""ties"":0,""wins"":6}","{""games"":8,""losses"":3,""ties"":0,""wins"":5}","{""games"":6,""losses"":3,""ties"":0,""wins"":3}","{""games"":6,""losses"":3,""ties"":0,""wins"":3}","{""games"":1,""losses"":1,""ties"":0,""wins"":0}","{""games"":12,""losses"":6,""ties"":0,""wins"":6}","{""games"":1,""losses"":1,""ties"":0,""wins"":0}"
2022,193,Miami (OH),fbs,Mid-American,East,6.4627977302020945,"{""games"":13,""losses"":7,""ties"":0,""wins"":6}","{""games"":8,""losses"":4,""ties"":0,""wins"":4}","{""games"":5,""losses"":2,""ties"":0,""wins"":3}","{""games"":6,""losses"":3,""ties"":0,""wins"":3}","{""games"":2,""losses"":2,""ties"":0,""wins"":0}","{""games"":12,""losses"":6,""ties"":0,""wins"":6}","{""games"":1,""losses"":1,""ties"":0,""wins"":0}"
2022,194,Ohio State,fbs,Big Ten,East,9.819483597437427,"{""games"":13,""losses"":2,""ties"":0,""wins"":11}","{""games"":9,""losses"":1,""ties"":0,""wins"":8}","{""games"":8,""losses"":1,""ties"":0,""wins"":7}","{""games"":4,""losses"":0,""ties"":0,""wins"":4}","{""games"":1,""losses"":1,""ties"":0,""wins"":0}","{""games"":12,""losses"":1,""ties"":0,""wins"":11}","{""games"":1,""losses"":1,""ties"":0,""wins"":0}"
2022,195,Ohio,fbs,Mid-American,East,8.937528003938496,"{""games"":14,""losses"":4,""ties"":0,""wins"":10}","{""games"":9,""losses"":2,""ties"":0,""wins"":7}","{""games"":6,""losses"":0,""ties"":0,""wins"":6}","{""games"":6,""losses"":3,""ties"":0,""wins"":3}","{""games"":2,""losses"":1,""ties"":0,""wins"":1}","{""games"":13,""losses"":4,""ties"":0,""wins"":9}","{""games"":1,""losses"":0,""ties"":0,""wins"":1}"
2022,197,Oklahoma State,fbs,Big 12,,6.917777217924595,"{""games"":13,""losses"":6,""ties"":0,""wins"":7}","{""games"":9,""losses"":5,""ties"":0,""wins"":4}","{""games"":7,""losses"":1,""ties"":0,""wins"":6}","{""games"":5,""losses"":4,""ties"":0,""wins"":1}","{""games"":1,""losses"":1,""ties"":0,""wins"":0}","{""games"":12,""losses"":5,""ties"":0,""wins"":7}","{""games"":1,""losses"":1,""ties"":0,""wins"":0}"
2022,201,Oklahoma,fbs,Big 12,,6.950937445365267,"{""games"":13,""losses"":7,""ties"":0,""wins"":6}","{""games"":9,""losses"":6,""ties"":0,""wins"":3}","{""games"":6,""losses"":2,""ties"":0,""wins"":4}","{""games"":5,""losses"":3,""ties"":0,""wins"":2}","{""games"":2,""losses"":2,""ties"":0,""wins"":0}","{""games"":12,""losses"":6,""ties"":0,""wins"":6}","{""games"":1,""losses"":1,""ties"":0,""wins"":0}"
2022,202,Tulsa,fbs,American Athletic,,5.391319569200277,"{""games"":12,""losses"":7,""ties"":0,""wins"":5}","{""games"":8,""losses"":5,""ties"":0,""wins"":3}","{""games"":6,""losses"":3,""ties"":0,""wins"":3}","{""games"":6,""losses"":4,""ties"":0,""wins"":2}","{""games"":0,""losses"":0,""ties"":0,""wins"":0}","{""games"":12,""losses"":7,""ties"":0,""wins"":5}","{""games"":0,""losses"":0,""ties"":0,""wins"":0}"
2022,204,Oregon State,fbs,Pac-12,,9.720065277069807,"{""games"":13,""losses"":3,""ties"":0,""wins"":10}","{""games"":9,""losses"":3,""ties"":0,""wins"":6}","{""games"":6,""losses"":1,""ties"":0,""wins"":5}","{""games"":5,""losses"":2,""ties"":0,""wins"":3}","{""games"":2,""losses"":0,""ties"":0,""wins"":2}","{""games"":12,""losses"":3,""ties"":0,""wins"":9}","{""games"":1,""losses"":0,""ties"":0,""wins"":1}"
2022,213,Penn State,fbs,Big Ten,East,10.184478060366493,"{""games"":13,""losses"":2,""ties"":0,""wins"":11}","{""games"":9,""losses"":2,""ties"":0,""wins"":7}","{""games"":7,""losses"":1,""ties"":0,""wins"":6}","{""games"":5,""losses"":1,""ties"":0,""wins"":4}","{""games"":1,""losses"":0,""ties"":0,""wins"":1}","{""games"":12,""losses"":2,""ties"":0,""wins"":10}","{""games"":1,""losses"":0,""ties"":0,""wins"":1}"
2022,218,Temple,fbs,American Athletic,,3.7067762883380055,"{""games"":12,""losses"":9,""ties"":0,""wins"":3}","{""games"":8,""losses"":7,""ties"":0,""wins"":1}","{""games"":7,""losses"":4,""ties"":0,""wins"":3}","{""games"":5,""losses"":5,""ties"":0,""wins"":0}","{""games"":0,""losses"":0,""ties"":0,""wins"":0}","{""games"":12,""losses"":9,""ties"":0,""wins"":3}","{""games"":0,""losses"":0,""ties"":0,""wins"":0}"
2022,221,Pittsburgh,fbs,ACC,Coastal,9.884688657009974,"{""games"":13,""losses"":4,""ties"":0,""wins"":9}","{""games"":8,""losses"":3,""ties"":0,""wins"":5}","{""games"":7,""losses"":2,""ties"":0,""wins"":5}","{""games"":5,""losses"":2,""ties"":0,""wins"":3}","{""games"":1,""losses"":0,""ties"":0,""wins"":1}","{""games"":12,""losses"":4,""ties"":0,""wins"":8}","{""games"":1,""losses"":0,""ties"":0,""wins"":1}"
2022,228,Clemson,fbs,ACC,Atlantic,10.478805763069483,"{""games"":14,""losses"":3,""ties"":0,""wins"":11}","{""games"":9,""losses"":0,""ties"":0,""wins"":9}","{""games"":7,""losses"":1,""ties"":0,""wins"":6}","{""games"":4,""losses"":1,""ties"":0,""wins"":3}","{""games"":3,""losses"":1,""ties"":0,""wins"":2}","{""games"":13,""losses"":2,""ties"":0,""wins"":11}","{""games"":1,""losses"":1,""ties"":0,""wins"":0}"
2022,235,Memphis,fbs,American Athletic,,7.156341356225312,"{""games"":13,""losses"":6,""ties"":0,""wins"":7}","{""games"":8,""losses"":5,""ties"":0,""wins"":3}","{""games"":7,""losses"":2,""ties"":0,""wins"":5}","{""games"":5,""losses"":4,""ties"":0,""wins"":1}","{""games"":1,""losses"":0,""ties"":0,""wins"":1}","{""games"":12,""losses"":6,""ties"":0,""wins"":6}","{""games"":1,""losses"":0,""ties"":0,""wins"":1}"
2022,238,Vanderbilt,fbs,SEC,East,4.637227926403284,"{""games"":12,""losses"":7,""ties"":0,""wins"":5}","{""games"":8,""losses"":6,""ties"":0,""wins"":2}","{""games"":6,""losses"":4,""ties"":0,""wins"":2}","{""games"":6,""losses"":3,""ties"":0,""wins"":3}","{""games"":0,""losses"":0,""ties"":0,""wins"":0}","{""games"":12,""losses"":7,""ties"":0,""wins"":5}","{""games"":0,""losses"":0,""ties"":0,""wins"":0}"
2022,239,Baylor,fbs,Big 12,,7.198459925083587,"{""games"":13,""losses"":7,""ties"":0,""wins"":6}","{""games"":9,""losses"":5,""ties"":0,""wins"":4}","{""games"":6,""losses"":3,""ties"":0,""wins"":3}","{""games"":6,""losses"":3,""ties"":0,""wins"":3}","{""games"":1,""losses"":1,""ties"":0,""wins"":0}","{""games"":12,""losses"":6,""ties"":0,""wins"":6}","{""games"":1,""losses"":1,""ties"":0,""wins"":0}"
2022,242,Rice,fbs,Conference USA,,4.5001896023750305,"{""games"":13,""losses"":8,""ties"":0,""wins"":5}","{""games"":8,""losses"":5,""ties"":0,""wins"":3}","{""games"":6,""losses"":2,""ties"":0,""wins"":4}","{""games"":6,""losses"":5,""ties"":0,""wins"":1}","{""games"":1,""losses"":1,""ties"":0,""wins"":0}","{""games"":12,""losses"":7,""ties"":0,""wins"":5}","{""games"":1,""losses"":1,""ties"":0,""wins"":0}"
2022,245,Texas A&M,fbs,SEC,West,4.439216144654099,"{""games"":12,""losses"":7,""ties"":0,""wins"":5}","{""games"":8,""losses"":6,""ties"":0,""wins"":2}","{""games"":7,""losses"":3,""ties"":0,""wins"":4}","{""games"":4,""losses"":4,""ties"":0,""wins"":0}","{""games"":1,""losses"":0,""ties"":0,""wins"":1}","{""games"":12,""losses"":7,""ties"":0,""wins"":5}","{""games"":0,""losses"":0,""ties"":0,""wins"":0}"
2022,248,Houston,fbs,American Athletic,,8.754930764436722,"{""games"":13,""losses"":5,""ties"":0,""wins"":8}","{""games"":8,""losses"":3,""ties"":0,""wins"":5}","{""games"":6,""losses"":3,""ties"":0,""wins"":3}","{""games"":6,""losses"":2,""ties"":0,""wins"":4}","{""games"":1,""losses"":0,""ties"":0,""wins"":1}","{""games"":12,""losses"":5,""ties"":0,""wins"":7}","{""games"":1,""losses"":0,""ties"":0,""wins"":1}"
2022,249,North Texas,fbs,Conference USA,,6.828887416981161,"{""games"":14,""losses"":7,""ties"":0,""wins"":7}","{""games"":9,""losses"":3,""ties"":0,""wins"":6}","{""games"":6,""losses"":1,""ties"":0,""wins"":5}","{""games"":7,""losses"":5,""ties"":0,""wins"":2}","{""games"":1,""losses"":1,""ties"":0,""wins"":0}","{""games"":13,""losses"":6,""ties"":0,""wins"":7}","{""games"":1,""losses"":1,""ties"":0,""wins"":0}"
2022,251,Texas,fbs,Big 12,,9.078911299817264,"{""games"":13,""losses"":5,""ties"":0,""wins"":8}","{""games"":9,""losses"":3,""ties"":0,""wins"":6}","{""games"":7,""losses"":2,""ties"":0,""wins"":5}","{""games"":4,""losses"":2,""ties"":0,""wins"":2}","{""games"":2,""losses"":1,""ties"":0,""wins"":1}","{""games"":12,""losses"":4,""ties"":0,""wins"":8}","{""games"":1,""losses"":1,""ties"":0,""wins"":0}"
2022,252,BYU,fbs,FBS Independents,,7.013427930231994,"{""games"":13,""losses"":5,""ties"":0,""wins"":8}","{""games"":2,""losses"":2,""ties"":0,""wins"":0}","{""games"":6,""losses"":2,""ties"":0,""wins"":4}","{""games"":5,""losses"":2,""ties"":0,""wins"":3}","{""games"":2,""losses"":1,""ties"":0,""wins"":1}","{""games"":12,""losses"":5,""ties"":0,""wins"":7}","{""games"":1,""losses"":0,""ties"":0,""wins"":1}"
2022,254,Utah,fbs,Pac-12,,10.272499392973259,"{""games"":14,""losses"":4,""ties"":0,""wins"":10}","{""games"":10,""losses"":2,""ties"":0,""wins"":8}","{""games"":6,""losses"":0,""ties"":0,""wins"":6}","{""games"":6,""losses"":3,""ties"":0,""wins"":3}","{""games"":2,""losses"":1,""ties"":0,""wins"":1}","{""games"":13,""losses"":3,""ties"":0,""wins"":10}","{""games"":1,""losses"":1,""ties"":0,""wins"":0}"
2022,256,James Madison,fbs,Sun Belt,East,7.849133947500236,"{""games"":11,""losses"":3,""ties"":0,""wins"":8}","{""games"":8,""losses"":2,""ties"":0,""wins"":6}","{""games"":6,""losses"":1,""ties"":0,""wins"":5}","{""games"":5,""losses"":2,""ties"":0,""wins"":3}","{""games"":0,""losses"":0,""ties"":0,""wins"":0}","{""games"":11,""losses"":3,""ties"":0,""wins"":8}","{""games"":0,""losses"":0,""ties"":0,""wins"":0}"
2022,258,Virginia,fbs,ACC,Coastal,3.644802398979664,"{""games"":10,""losses"":7,""ties"":0,""wins"":3}","{""games"":7,""losses"":6,""ties"":0,""wins"":1}","{""games"":6,""losses"":4,""ties"":0,""wins"":2}","{""games"":4,""losses"":3,""ties"":0,""wins"":1}","{""games"":0,""losses"":0,""ties"":0,""wins"":0}","{""games"":10,""losses"":7,""ties"":0,""wins"":3}","{""games"":0,""losses"":0,""ties"":0,""wins"":0}"
2022,259,Virginia Tech,fbs,ACC,Coastal,4.667354874383149,"{""games"":11,""losses"":8,""ties"":0,""wins"":3}","{""games"":7,""losses"":6,""ties"":0,""wins"":1}","{""games"":5,""losses"":3,""ties"":0,""wins"":2}","{""games"":6,""losses"":5,""ties"":0,""wins"":1}","{""games"":0,""losses"":0,""ties"":0,""wins"":0}","{""games"":11,""losses"":8,""ties"":0,""wins"":3}","{""games"":0,""losses"":0,""ties"":0,""wins"":0}"
2022,264,Washington,fbs,Pac-12,,9.259146111086011,"{""games"":13,""losses"":2,""ties"":0,""wins"":11}","{""games"":9,""losses"":2,""ties"":0,""wins"":7}","{""games"":7,""losses"":0,""ties"":0,""wins"":7}","{""games"":5,""losses"":2,""ties"":0,""wins"":3}","{""games"":1,""losses"":0,""ties"":0,""wins"":1}","{""games"":12,""losses"":2,""ties"":0,""wins"":10}","{""games"":1,""losses"":0,""ties"":0,""wins"":1}"
2022,265,Washington State,fbs,Pac-12,,6.220012037083507,"{""games"":13,""losses"":6,""ties"":0,""wins"":7}","{""games"":9,""losses"":5,""ties"":0,""wins"":4}","{""games"":7,""losses"":3,""ties"":0,""wins"":4}","{""games"":5,""losses"":2,""ties"":0,""wins"":3}","{""games"":1,""losses"":1,""ties"":0,""wins"":0}","{""games"":12,""losses"":5,""ties"":0,""wins"":7}","{""games"":1,""losses"":1,""ties"":0,""wins"":0}"
2022,275,Wisconsin,fbs,Big Ten,West,7.869445298798382,"{""games"":13,""losses"":6,""ties"":0,""wins"":7}","{""games"":9,""losses"":5,""ties"":0,""wins"":4}","{""games"":7,""losses"":3,""ties"":0,""wins"":4}","{""games"":5,""losses"":3,""ties"":0,""wins"":2}","{""games"":1,""losses"":0,""ties"":0,""wins"":1}","{""games"":12,""losses"":6,""ties"":0,""wins"":6}","{""games"":1,""losses"":0,""ties"":0,""wins"":1}"
2022,276,Marshall,fbs,Sun Belt,East,9.563595336484436,"{""games"":13,""losses"":4,""ties"":0,""wins"":9}","{""games"":8,""losses"":3,""ties"":0,""wins"":5}","{""games"":6,""losses"":2,""ties"":0,""wins"":4}","{""games"":6,""losses"":2,""ties"":0,""wins"":4}","{""games"":1,""losses"":0,""ties"":0,""wins"":1}","{""games"":12,""losses"":4,""ties"":0,""wins"":8}","{""games"":1,""losses"":0,""ties"":0,""wins"":1}"
2022,277,West Virginia,fbs,Big 12,,4.375211810474323,"{""games"":12,""losses"":7,""ties"":0,""wins"":5}","{""games"":9,""losses"":6,""ties"":0,""wins"":3}","{""games"":6,""losses"":3,""ties"":0,""wins"":3}","{""games"":6,""losses"":4,""ties"":0,""wins"":2}","{""games"":0,""losses"":0,""ties"":0,""wins"":0}","{""games"":12,""losses"":7,""ties"":0,""wins"":5}","{""games"":0,""losses"":0,""ties"":0,""wins"":0}"
2022,278,Fresno State,fbs,Mountain West,West,9.456702639348805,"{""games"":14,""losses"":4,""ties"":0,""wins"":10}","{""games"":9,""losses"":1,""ties"":0,""wins"":8}","{""games"":6,""losses"":1,""ties"":0,""wins"":5}","{""games"":7,""losses"":3,""ties"":0,""wins"":4}","{""games"":1,""losses"":0,""ties"":0,""wins"":1}","{""games"":13,""losses"":4,""ties"":0,""wins"":9}","{""games"":1,""losses"":0,""ties"":0,""wins"":1}"
2022,290,Georgia Southern,fbs,Sun Belt,East,4.287336469627917,"{""games"":13,""losses"":7,""ties"":0,""wins"":6}","{""games"":8,""losses"":5,""ties"":0,""wins"":3}","{""games"":6,""losses"":2,""ties"":0,""wins"":4}","{""games"":6,""losses"":4,""ties"":0,""wins"":2}","{""games"":1,""losses"":1,""ties"":0,""wins"":0}","{""games"":12,""losses"":6,""ties"":0,""wins"":6}","{""games"":1,""losses"":1,""ties"":0,""wins"":0}"
2022,295,Old Dominion,fbs,Sun Belt,East,2.55111700668931,"{""games"":12,""losses"":9,""ties"":0,""wins"":3}","{""games"":8,""losses"":6,""ties"":0,""wins"":2}","{""games"":6,""losses"":4,""ties"":0,""wins"":2}","{""games"":6,""losses"":5,""ties"":0,""wins"":1}","{""games"":0,""losses"":0,""ties"":0,""wins"":0}","{""games"":12,""losses"":9,""ties"":0,""wins"":3}","{""games"":0,""losses"":0,""ties"":0,""wins"":0}"
2022,309,Louisiana,fbs,Sun Belt,West,6.519165535457432,"{""games"":13,""losses"":7,""ties"":0,""wins"":6}","{""games"":8,""losses"":4,""ties"":0,""wins"":4}","{""games"":6,""losses"":2,""ties"":0,""wins"":4}","{""games"":6,""losses"":4,""ties"":0,""wins"":2}","{""games"":1,""losses"":1,""ties"":0,""wins"":0}","{""games"":12,""losses"":6,""ties"":0,""wins"":6}","{""games"":1,""losses"":1,""ties"":0,""wins"":0}"
2022,324,Coastal Carolina,fbs,Sun Belt,East,7.561973731150362,"{""games"":13,""losses"":4,""ties"":0,""wins"":9}","{""games"":9,""losses"":3,""ties"":0,""wins"":6}","{""games"":7,""losses"":1,""ties"":0,""wins"":6}","{""games"":5,""losses"":2,""ties"":0,""wins"":3}","{""games"":1,""losses"":1,""ties"":0,""wins"":0}","{""games"":12,""losses"":3,""ties"":0,""wins"":9}","{""games"":1,""losses"":1,""ties"":0,""wins"":0}"
2022,326,Texas State,fbs,Sun Belt,West,4.780420554690558,"{""games"":12,""losses"":8,""ties"":0,""wins"":4}","{""games"":8,""losses"":6,""ties"":0,""wins"":2}","{""games"":6,""losses"":2,""ties"":0,""wins"":4}","{""games"":6,""losses"":6,""ties"":0,""wins"":0}","{""games"":0,""losses"":0,""ties"":0,""wins"":0}","{""games"":12,""losses"":8,""ties"":0,""wins"":4}","{""games"":0,""losses"":0,""ties"":0,""wins"":0}"
2022,328,Utah State,fbs,Mountain West,Mountain,5.831202431581914,"{""games"":13,""losses"":7,""ties"":0,""wins"":6}","{""games"":8,""losses"":3,""ties"":0,""wins"":5}","{""games"":6,""losses"":2,""ties"":0,""wins"":4}","{""games"":6,""losses"":4,""ties"":0,""wins"":2}","{""games"":1,""losses"":1,""ties"":0,""wins"":0}","{""games"":12,""losses"":6,""ties"":0,""wins"":6}","{""games"":1,""losses"":1,""ties"":0,""wins"":0}"
2022,333,Alabama,fbs,SEC,West,10.615728948806844,"{""games"":13,""losses"":2,""ties"":0,""wins"":11}","{""games"":8,""losses"":2,""ties"":0,""wins"":6}","{""games"":7,""losses"":0,""ties"":0,""wins"":7}","{""games"":5,""losses"":2,""ties"":0,""wins"":3}","{""games"":1,""losses"":0,""ties"":0,""wins"":1}","{""games"":12,""losses"":2,""ties"":0,""wins"":10}","{""games"":1,""losses"":0,""ties"":0,""wins"":1}"
2022,344,Mississippi State,fbs,SEC,West,7.281309321522713,"{""games"":13,""losses"":4,""ties"":0,""wins"":9}","{""games"":8,""losses"":4,""ties"":0,""wins"":4}","{""games"":7,""losses"":1,""ties"":0,""wins"":6}","{""games"":5,""losses"":3,""ties"":0,""wins"":2}","{""games"":1,""losses"":0,""ties"":0,""wins"":1}","{""games"":12,""losses"":4,""ties"":0,""wins"":8}","{""games"":1,""losses"":0,""ties"":0,""wins"":1}"
2022,349,Army,fbs,FBS Independents,,6.700376524589956,"{""games"":12,""losses"":6,""ties"":0,""wins"":6}","{""games"":1,""losses"":0,""ties"":0,""wins"":1}","{""games"":6,""losses"":2,""ties"":0,""wins"":4}","{""games"":4,""losses"":3,""ties"":0,""wins"":1}","{""games"":2,""losses"":1,""ties"":0,""wins"":1}","{""games"":12,""losses"":6,""ties"":0,""wins"":6}","{""games"":0,""losses"":0,""ties"":0,""wins"":0}"
2022,356,Illinois,fbs,Big Ten,West,9.686446099774912,"{""games"":13,""losses"":5,""ties"":0,""wins"":8}","{""games"":9,""losses"":4,""ties"":0,""wins"":5}","{""games"":7,""losses"":2,""ties"":0,""wins"":5}","{""games"":5,""losses"":2,""ties"":0,""wins"":3}","{""games"":1,""losses"":1,""ties"":0,""wins"":0}","{""games"":12,""losses"":4,""ties"":0,""wins"":8}","{""games"":1,""losses"":1,""ties"":0,""wins"":0}"
2022,2005,Air Force,fbs,Mountain West,Mountain,10.328487379212078,"{""games"":13,""losses"":3,""ties"":0,""wins"":10}","{""games"":8,""losses"":3,""ties"":0,""wins"":5}","{""games"":7,""losses"":1,""ties"":0,""wins"":6}","{""games"":4,""losses"":2,""ties"":0,""wins"":2}","{""games"":2,""losses"":0,""ties"":0,""wins"":2}","{""games"":12,""losses"":3,""ties"":0,""wins"":9}","{""games"":1,""losses"":0,""ties"":0,""wins"":1}"
2022,2006,Akron,fbs,Mid-American,East,2.025509034349534,"{""games"":12,""losses"":10,""ties"":0,""wins"":2}","{""games"":8,""losses"":7,""ties"":0,""wins"":1}","{""games"":5,""losses"":4,""ties"":0,""wins"":1}","{""games"":7,""losses"":6,""ties"":0,""wins"":1}","{""games"":0,""losses"":0,""ties"":0,""wins"":0}","{""games"":12,""losses"":10,""ties"":0,""wins"":2}","{""games"":0,""losses"":0,""ties"":0,""wins"":0}"
2022,2026,App State,fbs,Sun Belt,East,6.790986641310155,"{""games"":12,""losses"":6,""ties"":0,""wins"":6}","{""games"":8,""losses"":5,""ties"":0,""wins"":3}","{""games"":7,""losses"":2,""ties"":0,""wins"":5}","{""games"":5,""losses"":4,""ties"":0,""wins"":1}","{""games"":0,""losses"":0,""ties"":0,""wins"":0}","{""games"":12,""losses"":6,""ties"":0,""wins"":6}","{""games"":0,""losses"":0,""ties"":0,""wins"":0}"
2022,2032,Arkansas State,fbs,Sun Belt,West,4.1094912657428315,"{""games"":12,""losses"":9,""ties"":0,""wins"":3}","{""games"":8,""losses"":7,""ties"":0,""wins"":1}","{""games"":6,""losses"":3,""ties"":0,""wins"":3}","{""games"":6,""losses"":6,""ties"":0,""wins"":0}","{""games"":0,""losses"":0,""ties"":0,""wins"":0}","{""games"":12,""losses"":9,""ties"":0,""wins"":3}","{""games"":0,""losses"":0,""ties"":0,""wins"":0}"
2022,2050,Ball State,fbs,Mid-American,West,4.63849110621959,"{""games"":12,""losses"":7,""ties"":0,""wins"":5}","{""games"":8,""losses"":5,""ties"":0,""wins"":3}","{""games"":6,""losses"":3,""ties"":0,""wins"":3}","{""games"":6,""losses"":4,""ties"":0,""wins"":2}","{""games"":0,""losses"":0,""ties"":0,""wins"":0}","{""games"":12,""losses"":7,""ties"":0,""wins"":5}","{""games"":0,""losses"":0,""ties"":0,""wins"":0}"
2022,2084,Buffalo,fbs,Mid-American,East,6.721318809022696,"{""games"":13,""losses"":6,""ties"":0,""wins"":7}","{""games"":8,""losses"":3,""ties"":0,""wins"":5}","{""games"":5,""losses"":2,""ties"":0,""wins"":3}","{""games"":7,""losses"":4,""ties"":0,""wins"":3}","{""games"":1,""losses"":0,""ties"":0,""wins"":1}","{""games"":12,""losses"":6,""ties"":0,""wins"":6}","{""games"":1,""losses"":0,""ties"":0,""wins"":1}"
2022,2116,UCF,fbs,American Athletic,,8.463864065937253,"{""games"":14,""losses"":5,""ties"":0,""wins"":9}","{""games"":9,""losses"":3,""ties"":0,""wins"":6}","{""games"":7,""losses"":2,""ties"":0,""wins"":5}","{""games"":6,""losses"":2,""ties"":0,""wins"":4}","{""games"":1,""losses"":1,""ties"":0,""wins"":0}","{""games"":13,""losses"":4,""ties"":0,""wins"":9}","{""games"":1,""losses"":1,""ties"":0,""wins"":0}"
2022,2117,Central Michigan,fbs,Mid-American,West,4.720387966899676,"{""games"":12,""losses"":8,""ties"":0,""wins"":4}","{""games"":8,""losses"":5,""ties"":0,""wins"":3}","{""games"":6,""losses"":4,""ties"":0,""wins"":2}","{""games"":6,""losses"":4,""ties"":0,""wins"":2}","{""games"":0,""losses"":0,""ties"":0,""wins"":0}","{""games"":12,""losses"":8,""ties"":0,""wins"":4}","{""games"":0,""losses"":0,""ties"":0,""wins"":0}"
2022,2132,Cincinnati,fbs,American Athletic,,8.152565004039872,"{""games"":13,""losses"":4,""ties"":0,""wins"":9}","{""games"":8,""losses"":2,""ties"":0,""wins"":6}","{""games"":6,""losses"":1,""ties"":0,""wins"":5}","{""games"":5,""losses"":2,""ties"":0,""wins"":3}","{""games"":2,""losses"":1,""ties"":0,""wins"":1}","{""games"":12,""losses"":3,""ties"":0,""wins"":9}","{""games"":1,""losses"":1,""ties"":0,""wins"":0}"
2022,2199,Eastern Michigan,fbs,Mid-American,West,9.137633994465792,"{""games"":13,""losses"":4,""ties"":0,""wins"":9}","{""games"":8,""losses"":3,""ties"":0,""wins"":5}","{""games"":6,""losses"":3,""ties"":0,""wins"":3}","{""games"":6,""losses"":1,""ties"":0,""wins"":5}","{""games"":1,""losses"":0,""ties"":0,""wins"":1}","{""games"":12,""losses"":4,""ties"":0,""wins"":8}","{""games"":1,""losses"":0,""ties"":0,""wins"":1}"
2022,2226,Florida Atlantic,fbs,Conference USA,,5.855772299692035,"{""games"":12,""losses"":7,""ties"":0,""wins"":5}","{""games"":8,""losses"":4,""ties"":0,""wins"":4}","{""games"":6,""losses"":2,""ties"":0,""wins"":4}","{""games"":6,""losses"":5,""ties"":0,""wins"":1}","{""games"":0,""losses"":0,""ties"":0,""wins"":0}","{""games"":12,""losses"":7,""ties"":0,""wins"":5}","{""games"":0,""losses"":0,""ties"":0,""wins"":0}"
2022,2229,Florida International,fbs,Conference USA,,2.8512724882457405,"{""games"":12,""losses"":8,""ties"":0,""wins"":4}","{""games"":8,""losses"":6,""ties"":0,""wins"":2}","{""games"":6,""losses"":4,""ties"":0,""wins"":2}","{""games"":6,""losses"":4,""ties"":0,""wins"":2}","{""games"":0,""losses"":0,""ties"":0,""wins"":0}","{""games"":12,""losses"":8,""ties"":0,""wins"":4}","{""games"":0,""losses"":0,""ties"":0,""wins"":0}"
2022,2247,Georgia State,fbs,Sun Belt,East,6.438273195177317,"{""games"":12,""losses"":8,""ties"":0,""wins"":4}","{""games"":8,""losses"":5,""ties"":0,""wins"":3}","{""games"":6,""losses"":4,""ties"":0,""wins"":2}","{""games"":6,""losses"":4,""ties"":0,""wins"":2}","{""games"":0,""losses"":0,""ties"":0,""wins"":0}","{""games"":12,""losses"":8,""ties"":0,""wins"":4}","{""games"":0,""losses"":0,""ties"":0,""wins"":0}"
2022,2294,Iowa,fbs,Big Ten,West,7.687824876978993,"{""games"":13,""losses"":5,""ties"":0,""wins"":8}","{""games"":9,""losses"":4,""ties"":0,""wins"":5}","{""games"":7,""losses"":3,""ties"":0,""wins"":4}","{""games"":5,""losses"":2,""ties"":0,""wins"":3}","{""games"":1,""losses"":0,""ties"":0,""wins"":1}","{""games"":12,""losses"":5,""ties"":0,""wins"":7}","{""games"":1,""losses"":0,""ties"":0,""wins"":1}"
2022,2305,Kansas,fbs,Big 12,,6.153748458380397,"{""games"":13,""losses"":7,""ties"":0,""wins"":6}","{""games"":9,""losses"":6,""ties"":0,""wins"":3}","{""games"":6,""losses"":2,""ties"":0,""wins"":4}","{""games"":6,""losses"":4,""ties"":0,""wins"":2}","{""games"":1,""losses"":1,""ties"":0,""wins"":0}","{""games"":12,""losses"":6,""ties"":0,""wins"":6}","{""games"":1,""losses"":1,""ties"":0,""wins"":0}"
2022,2306,Kansas State,fbs,Big 12,,9.995399721665308,"{""games"":14,""losses"":4,""ties"":0,""wins"":10}","{""games"":10,""losses"":2,""ties"":0,""wins"":8}","{""games"":7,""losses"":2,""ties"":0,""wins"":5}","{""games"":5,""losses"":1,""ties"":0,""wins"":4}","{""games"":2,""losses"":1,""ties"":0,""wins"":1}","{""games"":13,""losses"":3,""ties"":0,""wins"":10}","{""games"":1,""losses"":1,""ties"":0,""wins"":0}"
2022,2309,Kent State,fbs,Mid-American,East,4.9083124764586525,"{""games"":12,""losses"":7,""ties"":0,""wins"":5}","{""games"":8,""losses"":4,""ties"":0,""wins"":4}","{""games"":5,""losses"":2,""ties"":0,""wins"":3}","{""games"":7,""losses"":5,""ties"":0,""wins"":2}","{""games"":0,""losses"":0,""ties"":0,""wins"":0}","{""games"":12,""losses"":7,""ties"":0,""wins"":5}","{""games"":0,""losses"":0,""ties"":0,""wins"":0}"
2022,2335,Liberty,fbs,FBS Independents,,7.931962722912431,"{""games"":13,""losses"":5,""ties"":0,""wins"":8}","{""games"":3,""losses"":1,""ties"":0,""wins"":2}","{""games"":6,""losses"":2,""ties"":0,""wins"":4}","{""games"":6,""losses"":2,""ties"":0,""wins"":4}","{""games"":1,""losses"":1,""ties"":0,""wins"":0}","{""games"":12,""losses"":4,""ties"":0,""wins"":8}","{""games"":1,""losses"":1,""ties"":0,""wins"":0}"
2022,2348,Louisiana Tech,fbs,Conference USA,,4.122668355703354,"{""games"":12,""losses"":9,""ties"":0,""wins"":3}","{""games"":8,""losses"":6,""ties"":0,""wins"":2}","{""games"":5,""losses"":2,""ties"":0,""wins"":3}","{""games"":7,""losses"":7,""ties"":0,""wins"":0}","{""games"":0,""losses"":0,""ties"":0,""wins"":0}","{""games"":12,""losses"":9,""ties"":0,""wins"":3}","{""games"":0,""losses"":0,""ties"":0,""wins"":0}"
2022,2390,Miami,fbs,ACC,Coastal,5.433409464545548,"{""games"":12,""losses"":7,""ties"":0,""wins"":5}","{""games"":8,""losses"":5,""ties"":0,""wins"":3}","{""games"":7,""losses"":5,""ties"":0,""wins"":2}","{""games"":5,""losses"":2,""ties"":0,""wins"":3}","{""games"":0,""losses"":0,""ties"":0,""wins"":0}","{""games"":12,""losses"":7,""ties"":0,""wins"":5}","{""games"":0,""losses"":0,""ties"":0,""wins"":0}"
2022,2393,Middle Tennessee,fbs,Conference USA,,7.4986725128255785,"{""games"":13,""losses"":5,""ties"":0,""wins"":8}","{""games"":8,""losses"":4,""ties"":0,""wins"":4}","{""games"":5,""losses"":2,""ties"":0,""wins"":3}","{""games"":7,""losses"":3,""ties"":0,""wins"":4}","{""games"":1,""losses"":0,""ties"":0,""wins"":1}","{""games"":12,""losses"":5,""ties"":0,""wins"":7}","{""games"":1,""losses"":0,""ties"":0,""wins"":1}"
2022,2426,Navy,fbs,American Athletic,,6.283888085626235,"{""games"":12,""losses"":8,""ties"":0,""wins"":4}","{""games"":8,""losses"":4,""ties"":0,""wins"":4}","{""games"":5,""losses"":3,""ties"":0,""wins"":2}","{""games"":5,""losses"":3,""ties"":0,""wins"":2}","{""games"":2,""losses"":2,""ties"":0,""wins"":0}","{""games"":12,""losses"":8,""ties"":0,""wins"":4}","{""games"":0,""losses"":0,""ties"":0,""wins"":0}"
2022,2429,Charlotte,fbs,Conference USA,,2.3496567469555885,"{""games"":12,""losses"":9,""ties"":0,""wins"":3}","{""games"":8,""losses"":6,""ties"":0,""wins"":2}","{""games"":6,""losses"":5,""ties"":0,""wins"":1}","{""games"":6,""losses"":4,""ties"":0,""wins"":2}","{""games"":0,""losses"":0,""ties"":0,""wins"":0}","{""games"":12,""losses"":9,""ties"":0,""wins"":3}","{""games"":0,""losses"":0,""ties"":0,""wins"":0}"
2022,2433,UL Monroe,fbs,Sun Belt,West,3.5056767957285047,"{""games"":12,""losses"":8,""ties"":0,""wins"":4}","{""games"":8,""losses"":5,""ties"":0,""wins"":3}","{""games"":5,""losses"":2,""ties"":0,""wins"":3}","{""games"":7,""losses"":6,""ties"":0,""wins"":1}","{""games"":0,""losses"":0,""ties"":0,""wins"":0}","{""games"":12,""losses"":8,""ties"":0,""wins"":4}","{""games"":0,""losses"":0,""ties"":0,""wins"":0}"
2022,2439,UNLV,fbs,Mountain West,West,5.172432833663103,"{""games"":12,""losses"":7,""ties"":0,""wins"":5}","{""games"":8,""losses"":5,""ties"":0,""wins"":3}","{""games"":6,""losses"":2,""ties"":0,""wins"":4}","{""games"":6,""losses"":5,""ties"":0,""wins"":1}","{""games"":0,""losses"":0,""ties"":0,""wins"":0}","{""games"":12,""losses"":7,""ties"":0,""wins"":5}","{""games"":0,""losses"":0,""ties"":0,""wins"":0}"
2022,2440,Nevada,fbs,Mountain West,West,3.0942760887476086,"{""games"":12,""losses"":10,""ties"":0,""wins"":2}","{""games"":8,""losses"":8,""ties"":0,""wins"":0}","{""games"":6,""losses"":5,""ties"":0,""wins"":1}","{""games"":6,""losses"":5,""ties"":0,""wins"":1}","{""games"":0,""losses"":0,""ties"":0,""wins"":0}","{""games"":12,""losses"":10,""ties"":0,""wins"":2}","{""games"":0,""losses"":0,""ties"":0,""wins"":0}"
2022,2459,Northern Illinois,fbs,Mid-American,West,4.200807835906744,"{""games"":12,""losses"":9,""ties"":0,""wins"":3}","{""games"":8,""losses"":6,""ties"":0,""wins"":2}","{""games"":6,""losses"":5,""ties"":0,""wins"":1}","{""games"":6,""losses"":4,""ties"":0,""wins"":2}","{""games"":0,""losses"":0,""ties"":0,""wins"":0}","{""games"":12,""losses"":9,""ties"":0,""wins"":3}","{""games"":0,""losses"":0,""ties"":0,""wins"":0}"
2022,2483,Oregon,fbs,Pac-12,,10.105401965789497,"{""games"":13,""losses"":3,""ties"":0,""wins"":10}","{""games"":9,""losses"":2,""ties"":0,""wins"":7}","{""games"":6,""losses"":1,""ties"":0,""wins"":5}","{""games"":5,""losses"":1,""ties"":0,""wins"":4}","{""games"":2,""losses"":1,""ties"":0,""wins"":1}","{""games"":12,""losses"":3,""ties"":0,""wins"":9}","{""games"":1,""losses"":0,""ties"":0,""wins"":1}"
2022,2509,Purdue,fbs,Big Ten,West,7.289410735644264,"{""games"":14,""losses"":6,""ties"":0,""wins"":8}","{""games"":10,""losses"":4,""ties"":0,""wins"":6}","{""games"":6,""losses"":2,""ties"":0,""wins"":4}","{""games"":6,""losses"":2,""ties"":0,""wins"":4}","{""games"":2,""losses"":2,""ties"":0,""wins"":0}","{""games"":13,""losses"":5,""ties"":0,""wins"":8}","{""games"":1,""losses"":1,""ties"":0,""wins"":0}"
2022,2567,SMU,fbs,American Athletic,,6.9551274832338095,"{""games"":13,""losses"":6,""ties"":0,""wins"":7}","{""games"":8,""losses"":3,""ties"":0,""wins"":5}","{""games"":6,""losses"":2,""ties"":0,""wins"":4}","{""games"":6,""losses"":3,""ties"":0,""wins"":3}","{""games"":1,""losses"":1,""ties"":0,""wins"":0}","{""games"":12,""losses"":5,""ties"":0,""wins"":7}","{""games"":1,""losses"":1,""ties"":0,""wins"":0}"
2022,2572,Southern Miss,fbs,Sun Belt,West,7.515552866272628,"{""games"":13,""losses"":6,""ties"":0,""wins"":7}","{""games"":8,""losses"":4,""ties"":0,""wins"":4}","{""games"":6,""losses"":3,""ties"":0,""wins"":3}","{""games"":6,""losses"":3,""ties"":0,""wins"":3}","{""games"":1,""losses"":0,""ties"":0,""wins"":1}","{""games"":12,""losses"":6,""ties"":0,""wins"":6}","{""games"":1,""losses"":0,""ties"":0,""wins"":1}"
2022,2579,South Carolina,fbs,SEC,East,7.700901731150225,"{""games"":13,""losses"":5,""ties"":0,""wins"":8}","{""games"":8,""losses"":4,""ties"":0,""wins"":4}","{""games"":7,""losses"":2,""ties"":0,""wins"":5}","{""games"":5,""losses"":2,""ties"":0,""wins"":3}","{""games"":1,""losses"":1,""ties"":0,""wins"":0}","{""games"":12,""losses"":4,""ties"":0,""wins"":8}","{""games"":1,""losses"":1,""ties"":0,""wins"":0}"
2022,2628,TCU,fbs,Big 12,,11.86268525198102,"{""games"":15,""losses"":2,""ties"":0,""wins"":13}","{""games"":10,""losses"":1,""ties"":0,""wins"":9}","{""games"":6,""losses"":0,""ties"":0,""wins"":6}","{""games"":6,""losses"":0,""ties"":0,""wins"":6}","{""games"":3,""losses"":2,""ties"":0,""wins"":1}","{""games"":13,""losses"":1,""ties"":0,""wins"":12}","{""games"":2,""losses"":1,""ties"":0,""wins"":1}"
2022,2633,Tennessee,fbs,SEC,East,9.241820485331118,"{""games"":13,""losses"":2,""ties"":0,""wins"":11}","{""games"":8,""losses"":2,""ties"":0,""wins"":6}","{""games"":7,""losses"":0,""ties"":0,""wins"":7}","{""games"":5,""losses"":2,""ties"":0,""wins"":3}","{""games"":1,""losses"":0,""ties"":0,""wins"":1}","{""games"":12,""losses"":2,""ties"":0,""wins"":10}","{""games"":1,""losses"":0,""ties"":0,""wins"":1}"
2022,2636,UTSA,fbs,Conference USA,,9.669442608719692,"{""games"":14,""losses"":3,""ties"":0,""wins"":11}","{""games"":9,""losses"":0,""ties"":0,""wins"":9}","{""games"":7,""losses"":1,""ties"":0,""wins"":6}","{""games"":6,""losses"":1,""ties"":0,""wins"":5}","{""games"":1,""losses"":1,""ties"":0,""wins"":0}","{""games"":13,""losses"":2,""ties"":0,""wins"":11}","{""games"":1,""losses"":1,""ties"":0,""wins"":0}"
2022,2638,UTEP,fbs,Conference USA,,5.189202515408397,"{""games"":12,""losses"":7,""ties"":0,""wins"":5}","{""games"":8,""losses"":5,""ties"":0,""wins"":3}","{""games"":6,""losses"":2,""ties"":0,""wins"":4}","{""games"":6,""losses"":5,""ties"":0,""wins"":1}","{""games"":0,""losses"":0,""ties"":0,""wins"":0}","{""games"":12,""losses"":7,""ties"":0,""wins"":5}","{""games"":0,""losses"":0,""ties"":0,""wins"":0}"
2022,2641,Texas Tech,fbs,Big 12,,6.973732054233551,"{""games"":13,""losses"":5,""ties"":0,""wins"":8}","{""games"":9,""losses"":4,""ties"":0,""wins"":5}","{""games"":7,""losses"":1,""ties"":0,""wins"":6}","{""games"":5,""losses"":4,""ties"":0,""wins"":1}","{""games"":1,""losses"":0,""ties"":0,""wins"":1}","{""games"":12,""losses"":5,""ties"":0,""wins"":7}","{""games"":1,""losses"":0,""ties"":0,""wins"":1}"
2022,2649,Toledo,fbs,Mid-American,West,8.441714530810714,"{""games"":14,""losses"":5,""ties"":0,""wins"":9}","{""games"":9,""losses"":3,""ties"":0,""wins"":6}","{""games"":6,""losses"":1,""ties"":0,""wins"":5}","{""games"":6,""losses"":4,""ties"":0,""wins"":2}","{""games"":2,""losses"":0,""ties"":0,""wins"":2}","{""games"":13,""losses"":5,""ties"":0,""wins"":8}","{""games"":1,""losses"":0,""ties"":0,""wins"":1}"
2022,2653,Troy,fbs,Sun Belt,West,10.034955161623657,"{""games"":14,""losses"":2,""ties"":0,""wins"":12}","{""games"":9,""losses"":1,""ties"":0,""wins"":8}","{""games"":7,""losses"":0,""ties"":0,""wins"":7}","{""games"":6,""losses"":2,""ties"":0,""wins"":4}","{""games"":1,""losses"":0,""ties"":0,""wins"":1}","{""games"":13,""losses"":2,""ties"":0,""wins"":11}","{""games"":1,""losses"":0,""ties"":0,""wins"":1}"
2022,2655,Tulane,fbs,American Athletic,,9.776204799301922,"{""games"":14,""losses"":2,""ties"":0,""wins"":12}","{""games"":9,""losses"":1,""ties"":0,""wins"":8}","{""games"":8,""losses"":2,""ties"":0,""wins"":6}","{""games"":5,""losses"":0,""ties"":0,""wins"":5}","{""games"":1,""losses"":0,""ties"":0,""wins"":1}","{""games"":13,""losses"":2,""ties"":0,""wins"":11}","{""games"":1,""losses"":0,""ties"":0,""wins"":1}"
2022,2711,Western Michigan,fbs,Mid-American,West,4.249335790872821,"{""games"":12,""losses"":7,""ties"":0,""wins"":5}","{""games"":8,""losses"":4,""ties"":0,""wins"":4}","{""games"":6,""losses"":4,""ties"":0,""wins"":2}","{""games"":6,""losses"":3,""ties"":0,""wins"":3}","{""games"":0,""losses"":0,""ties"":0,""wins"":0}","{""games"":12,""losses"":7,""ties"":0,""wins"":5}","{""games"":0,""losses"":0,""ties"":0,""wins"":0}"
2022,2751,Wyoming,fbs,Mountain West,Mountain,6.057182382792234,"{""games"":13,""losses"":6,""ties"":0,""wins"":7}","{""games"":8,""losses"":3,""ties"":0,""wins"":5}","{""games"":6,""losses"":2,""ties"":0,""wins"":4}","{""games"":6,""losses"":3,""ties"":0,""wins"":3}","{""games"":1,""losses"":1,""ties"":0,""wins"":0}","{""games"":12,""losses"":5,""ties"":0,""wins"":7}","{""games"":1,""losses"":1,""ties"":0,""wins"":0}"
2023,2,Auburn,fbs,SEC,West,6.6289623207948445,"{""games"":13,""losses"":7,""ties"":0,""wins"":6}","{""games"":8,""losses"":5,""ties"":0,""wins"":3}","{""games"":7,""losses"":4,""ties"":0,""wins"":3}","{""games"":5,""losses"":2,""ties"":0,""wins"":3}","{""games"":1,""losses"":1,""ties"":0,""wins"":0}","{""games"":12,""losses"":6,""ties"":0,""wins"":6}","{""games"":1,""losses"":1,""ties"":0,""wins"":0}"
2023,5,UAB,fbs,American Athletic,,5.072687204927206,"{""games"":12,""losses"":8,""ties"":0,""wins"":4}","{""games"":8,""losses"":5,""ties"":0,""wins"":3}","{""games"":6,""losses"":2,""ties"":0,""wins"":4}","{""games"":6,""losses"":6,""ties"":0,""wins"":0}","{""games"":0,""losses"":0,""ties"":0,""wins"":0}","{""games"":12,""losses"":8,""ties"":0,""wins"":4}","{""games"":0,""losses"":0,""ties"":0,""wins"":0}"
2023,6,South Alabama,fbs,Sun Belt,West,7.780779523263582,"{""games"":13,""losses"":6,""ties"":0,""wins"":7}","{""games"":8,""losses"":4,""ties"":0,""wins"":4}","{""games"":6,""losses"":2,""ties"":0,""wins"":4}","{""games"":7,""losses"":4,""ties"":0,""wins"":3}","{""games"":0,""losses"":0,""ties"":0,""wins"":0}","{""games"":12,""losses"":6,""ties"":0,""wins"":6}","{""games"":1,""losses"":0,""ties"":0,""wins"":1}"
2023,8,Arkansas,fbs,SEC,West,4.81763921827998,"{""games"":12,""losses"":8,""ties"":0,""wins"":4}","{""games"":8,""losses"":7,""ties"":0,""wins"":1}","{""games"":6,""losses"":4,""ties"":0,""wins"":2}","{""games"":4,""losses"":3,""ties"":0,""wins"":1}","{""games"":2,""losses"":1,""ties"":0,""wins"":1}","{""games"":12,""losses"":8,""ties"":0,""wins"":4}","{""games"":0,""losses"":0,""ties"":0,""wins"":0}"
2023,9,Arizona State,fbs,Pac-12,,3.121831812572604,"{""games"":12,""losses"":9,""ties"":0,""wins"":3}","{""games"":9,""losses"":7,""ties"":0,""wins"":2}","{""games"":8,""losses"":6,""ties"":0,""wins"":2}","{""games"":4,""losses"":3,""ties"":0,""wins"":1}","{""games"":0,""losses"":0,""ties"":0,""wins"":0}","{""games"":12,""losses"":9,""ties"":0,""wins"":3}","{""games"":0,""losses"":0,""ties"":0,""wins"":0}"
2023,12,Arizona,fbs,Pac-12,,8.575654062679389,"{""games"":13,""losses"":3,""ties"":0,""wins"":10}","{""games"":9,""losses"":2,""ties"":0,""wins"":7}","{""games"":6,""losses"":1,""ties"":0,""wins"":5}","{""games"":6,""losses"":2,""ties"":0,""wins"":4}","{""games"":1,""losses"":0,""ties"":0,""wins"":1}","{""games"":12,""losses"":3,""ties"":0,""wins"":9}","{""games"":1,""losses"":0,""ties"":0,""wins"":1}"
2023,21,San Diego State,fbs,Mountain West,,5.04325175222526,"{""games"":12,""losses"":8,""ties"":0,""wins"":4}","{""games"":8,""losses"":6,""ties"":0,""wins"":2}","{""games"":7,""losses"":4,""ties"":0,""wins"":3}","{""games"":5,""losses"":4,""ties"":0,""wins"":1}","{""games"":0,""losses"":0,""ties"":0,""wins"":0}","{""games"":12,""losses"":8,""ties"":0,""wins"":4}","{""games"":0,""losses"":0,""ties"":0,""wins"":0}"
2023,23,San José State,fbs,Mountain West,,7.778883656486869,"{""games"":13,""losses"":6,""ties"":0,""wins"":7}","{""games"":8,""losses"":2,""ties"":0,""wins"":6}","{""games"":6,""losses"":2,""ties"":0,""wins"":4}","{""games"":6,""losses"":3,""ties"":0,""wins"":3}","{""games"":1,""losses"":1,""ties"":0,""wins"":0}","{""games"":12,""losses"":5,""ties"":0,""wins"":7}","{""games"":1,""losses"":1,""ties"":0,""wins"":0}"
2023,24,Stanford,fbs,Pac-12,,2.930386478954581,"{""games"":12,""losses"":9,""ties"":0,""wins"":3}","{""games"":9,""losses"":7,""ties"":0,""wins"":2}","{""games"":7,""losses"":7,""ties"":0,""wins"":0}","{""games"":5,""losses"":2,""ties"":0,""wins"":3}","{""games"":0,""losses"":0,""ties"":0,""wins"":0}","{""games"":12,""losses"":9,""ties"":0,""wins"":3}","{""games"":0,""losses"":0,""ties"":0,""wins"":0}"
2023,25,California,fbs,Pac-12,,6.093817734159529,"{""games"":13,""losses"":7,""ties"":0,""wins"":6}","{""games"":9,""losses"":5,""ties"":0,""wins"":4}","{""games"":6,""losses"":3,""ties"":0,""wins"":3}","{""games"":6,""losses"":3,""ties"":0,""wins"":3}","{""games"":1,""losses"":1,""ties"":0,""wins"":0}","{""games"":12,""losses"":6,""ties"":0,""wins"":6}","{""games"":1,""losses"":1,""ties"":0,""wins"":0}"
2023,26,UCLA,fbs,Pac-12,,8.595224177232012,"{""games"":13,""losses"":5,""ties"":0,""wins"":8}","{""games"":9,""losses"":5,""ties"":0,""wins"":4}","{""games"":6,""losses"":2,""ties"":0,""wins"":4}","{""games"":6,""losses"":3,""ties"":0,""wins"":3}","{""games"":1,""losses"":0,""ties"":0,""wins"":1}","{""games"":12,""losses"":5,""ties"":0,""wins"":7}","{""games"":1,""losses"":0,""ties"":0,""wins"":1}"
2023,30,USC,fbs,Pac-12,,7.31896217353642,"{""games"":13,""losses"":5,""ties"":0,""wins"":8}","{""games"":9,""losses"":4,""ties"":0,""wins"":5}","{""games"":7,""losses"":3,""ties"":0,""wins"":4}","{""games"":5,""losses"":2,""ties"":0,""wins"":3}","{""games"":1,""losses"":0,""ties"":0,""wins"":1}","{""games"":12,""losses"":5,""ties"":0,""wins"":7}","{""games"":1,""losses"":0,""ties"":0,""wins"":1}"
2023,36,Colorado State,fbs,Mountain West,,4.702320273267105,"{""games"":12,""losses"":7,""ties"":0,""wins"":5}","{""games"":8,""losses"":5,""ties"":0,""wins"":3}","{""games"":6,""losses"":2,""ties"":0,""wins"":4}","{""games"":6,""losses"":5,""ties"":0,""wins"":1}","{""games"":0,""losses"":0,""ties"":0,""wins"":0}","{""games"":12,""losses"":7,""ties"":0,""wins"":5}","{""games"":0,""losses"":0,""ties"":0,""wins"":0}"
2023,38,Colorado,fbs,Pac-12,,4.283405583462716,"{""games"":12,""losses"":8,""ties"":0,""wins"":4}","{""games"":9,""losses"":8,""ties"":0,""wins"":1}","{""games"":6,""losses"":4,""ties"":0,""wins"":2}","{""games"":6,""losses"":4,""ties"":0,""wins"":2}","{""games"":0,""losses"":0,""ties"":0,""wins"":0}","{""games"":12,""losses"":8,""ties"":0,""wins"":4}","{""games"":0,""losses"":0,""ties"":0,""wins"":0}"
2023,41,UConn,fbs,FBS Independents,,4.183480620238469,"{""games"":12,""losses"":9,""ties"":0,""wins"":3}","{""games"":1,""losses"":0,""ties"":0,""wins"":1}","{""games"":6,""losses"":5,""ties"":0,""wins"":1}","{""games"":6,""losses"":4,""ties"":0,""wins"":2}","{""games"":0,""losses"":0,""ties"":0,""wins"":0}","{""games"":12,""losses"":9,""ties"":0,""wins"":3}","{""games"":0,""losses"":0,""ties"":0,""wins"":0}"
2023,52,Florida State,fbs,ACC,,10.599019657820463,"{""games"":14,""losses"":1,""ties"":0,""wins"":13}","{""games"":9,""losses"":0,""ties"":0,""wins"":9}","{""games"":6,""losses"":0,""ties"":0,""wins"":6}","{""games"":5,""losses"":0,""ties"":0,""wins"":5}","{""games"":3,""losses"":1,""ties"":0,""wins"":2}","{""games"":13,""losses"":0,""ties"":0,""wins"":13}","{""games"":1,""losses"":1,""ties"":0,""wins"":0}"
2023,55,Jacksonville State,fbs,Conference USA,,8.237263094633818,"{""games"":13,""losses"":4,""ties"":0,""wins"":9}","{""games"":8,""losses"":2,""ties"":0,""wins"":6}","{""games"":6,""losses"":1,""ties"":0,""wins"":5}","{""games"":6,""losses"":3,""ties"":0,""wins"":3}","{""games"":1,""losses"":0,""ties"":0,""wins"":1}","{""games"":12,""losses"":4,""ties"":0,""wins"":8}","{""games"":1,""losses"":0,""ties"":0,""wins"":1}"
2023,57,Florida,fbs,SEC,East,6.0014219880104065,"{""games"":12,""losses"":7,""ties"":0,""wins"":5}","{""games"":8,""losses"":5,""ties"":0,""wins"":3}","{""games"":6,""losses"":2,""ties"":0,""wins"":4}","{""games"":5,""losses"":4,""ties"":0,""wins"":1}","{""games"":1,""losses"":1,""ties"":0,""wins"":0}","{""games"":12,""losses"":7,""ties"":0,""wins"":5}","{""games"":0,""losses"":0,""ties"":0,""wins"":0}"
2023,58,South Florida,fbs,American Athletic,,6.739166792482138,"{""games"":13,""losses"":6,""ties"":0,""wins"":7}","{""games"":8,""losses"":4,""ties"":0,""wins"":4}","{""games"":6,""losses"":2,""ties"":0,""wins"":4}","{""games"":6,""losses"":4,""ties"":0,""wins"":2}","{""games"":1,""losses"":0,""ties"":0,""wins"":1}","{""games"":12,""losses"":6,""ties"":0,""wins"":6}","{""games"":1,""losses"":0,""ties"":0,""wins"":1}"
2023,59,Georgia Tech,fbs,ACC,,6.503863741643727,"{""games"":13,""losses"":6,""ties"":0,""wins"":7}","{""games"":8,""losses"":3,""ties"":0,""wins"":5}","{""games"":6,""losses"":3,""ties"":0,""wins"":3}","{""games"":5,""losses"":2,""ties"":0,""wins"":3}","{""games"":2,""losses"":1,""ties"":0,""wins"":1}","{""games"":12,""losses"":6,""ties"":0,""wins"":6}","{""games"":1,""losses"":0,""ties"":0,""wins"":1}"
2023,61,Georgia,fbs,SEC,East,12.037723063260831,"{""games"":14,""losses"":1,""ties"":0,""wins"":13}","{""games"":9,""losses"":1,""ties"":0,""wins"":8}","{""games"":7,""losses"":0,""ties"":0,""wins"":7}","{""games"":4,""losses"":0,""ties"":0,""wins"":4}","{""games"":3,""losses"":1,""ties"":0,""wins"":2}","{""games"":13,""losses"":1,""ties"":0,""wins"":12}","{""games"":1,""losses"":0,""ties"":0,""wins"":1}"
2023,62,Hawai'i,fbs,Mountain West,,3.840801505371928,"{""games"":13,""losses"":8,""ties"":0,""wins"":5}","{""games"":8,""losses"":5,""ties"":0,""wins"":3}","{""games"":7,""losses"":3,""ties"":0,""wins"":4}","{""games"":6,""losses"":5,""ties"":0,""wins"":1}","{""games"":0,""losses"":0,""ties"":0,""wins"":0}","{""games"":13,""losses"":8,""ties"":0,""wins"":5}","{""games"":0,""losses"":0,""ties"":0,""wins"":0}"
2023,66,Iowa State,fbs,Big 12,,7.971518807113171,"{""games"":13,""losses"":6,""ties"":0,""wins"":7}","{""games"":9,""losses"":3,""ties"":0,""wins"":6}","{""games"":7,""losses"":4,""ties"":0,""wins"":3}","{""games"":6,""losses"":2,""ties"":0,""wins"":4}","{""games"":0,""losses"":0,""ties"":0,""wins"":0}","{""games"":12,""losses"":5,""ties"":0,""wins"":7}","{""games"":1,""losses"":1,""ties"":0,""wins"":0}"
2023,68,Boise State,fbs,Mountain West,,8.60934779047966,"{""games"":14,""losses"":6,""ties"":0,""wins"":8}","{""games"":9,""losses"":2,""ties"":0,""wins"":7}","{""games"":6,""losses"":1,""ties"":0,""wins"":5}","{""games"":7,""losses"":4,""ties"":0,""wins"":3}","{""games"":1,""losses"":1,""ties"":0,""wins"":0}","{""games"":13,""losses"":5,""ties"":0,""wins"":8}","{""games"":1,""losses"":1,""ties"":0,""wins"":0}"
2023,77,Northwestern,fbs,Big Ten,West,6.623504689430581,"{""games"":13,""losses"":5,""ties"":0,""wins"":8}","{""games"":9,""losses"":4,""ties"":0,""wins"":5}","{""games"":6,""losses"":1,""ties"":0,""wins"":5}","{""games"":5,""losses"":3,""ties"":0,""wins"":2}","{""games"":2,""losses"":1,""ties"":0,""wins"":1}","{""games"":12,""losses"":5,""ties"":0,""wins"":7}","{""games"":1,""losses"":0,""ties"":0,""wins"":1}"
2023,84,Indiana,fbs,Big Ten,East,3.3554680990055203,"{""games"":12,""losses"":9,""ties"":0,""wins"":3}","{""games"":9,""losses"":8,""ties"":0,""wins"":1}","{""games"":6,""losses"":3,""ties"":0,""wins"":3}","{""games"":5,""losses"":5,""ties"":0,""wins"":0}","{""games"":1,""losses"":1,""ties"":0,""wins"":0}","{""games"":12,""losses"":9,""ties"":0,""wins"":3}","{""games"":0,""losses"":0,""ties"":0,""wins"":0}"
2023,87,Notre Dame,fbs,FBS Independents,,10.514189510016335,"{""games"":13,""losses"":3,""ties"":0,""wins"":10}","{""games"":0,""losses"":0,""ties"":0,""wins"":0}","{""games"":6,""losses"":1,""ties"":0,""wins"":5}","{""games"":5,""losses"":2,""ties"":0,""wins"":3}","{""games"":2,""losses"":0,""ties"":0,""wins"":2}","{""games"":12,""losses"":3,""ties"":0,""wins"":9}","{""games"":1,""losses"":0,""ties"":0,""wins"":1}"
2023,96,Kentucky,fbs,SEC,East,6.95614462159574,"{""games"":13,""losses"":6,""ties"":0,""wins"":7}","{""games"":8,""losses"":5,""ties"":0,""wins"":3}","{""games"":7,""losses"":3,""ties"":0,""wins"":4}","{""games"":5,""losses"":2,""ties"":0,""wins"":3}","{""games"":1,""losses"":1,""ties"":0,""wins"":0}","{""games"":12,""losses"":5,""ties"":0,""wins"":7}","{""games"":1,""losses"":1,""ties"":0,""wins"":0}"
2023,97,Louisville,fbs,ACC,,9.396277179941535,"{""games"":14,""losses"":4,""ties"":0,""wins"":10}","{""games"":9,""losses"":2,""ties"":0,""wins"":7}","{""games"":7,""losses"":1,""ties"":0,""wins"":6}","{""games"":3,""losses"":1,""ties"":0,""wins"":2}","{""games"":4,""losses"":2,""ties"":0,""wins"":2}","{""games"":13,""losses"":3,""ties"":0,""wins"":10}","{""games"":1,""losses"":1,""ties"":0,""wins"":0}"
2023,98,Western Kentucky,fbs,Conference USA,,5.63645220654767,"{""games"":13,""losses"":5,""ties"":0,""wins"":8}","{""games"":8,""losses"":3,""ties"":0,""wins"":5}","{""games"":6,""losses"":2,""ties"":0,""wins"":4}","{""games"":6,""losses"":3,""ties"":0,""wins"":3}","{""games"":1,""losses"":0,""ties"":0,""wins"":1}","{""games"":12,""losses"":5,""ties"":0,""wins"":7}","{""games"":1,""losses"":0,""ties"":0,""wins"":1}"
2023,99,LSU,fbs,SEC,West,8.548197401454672,"{""games"":13,""losses"":3,""ties"":0,""wins"":10}","{""games"":8,""losses"":2,""ties"":0,""wins"":6}","{""games"":7,""losses"":0,""ties"":0,""wins"":7}","{""games"":4,""losses"":2,""ties"":0,""wins"":2}","{""games"":2,""losses"":1,""ties"":0,""wins"":1}","{""games"":12,""losses"":3,""ties"":0,""wins"":9}","{""games"":1,""losses"":0,""ties"":0,""wins"":1}"
2023,103,Boston College,fbs,ACC,,6.027373448945582,"{""games"":13,""losses"":6,""ties"":0,""wins"":7}","{""games"":8,""losses"":5,""ties"":0,""wins"":3}","{""games"":7,""losses"":4,""ties"":0,""wins"":3}","{""games"":5,""losses"":2,""ties"":0,""wins"":3}","{""games"":1,""losses"":0,""ties"":0,""wins"":1}","{""games"":12,""losses"":6,""ties"":0,""wins"":6}","{""games"":1,""losses"":0,""ties"":0,""wins"":1}"
2023,113,Massachusetts,fbs,FBS Independents,,3.47696147672832,"{""games"":12,""losses"":9,""ties"":0,""wins"":3}","{""games"":2,""losses"":1,""ties"":0,""wins"":1}","{""games"":6,""losses"":5,""ties"":0,""wins"":1}","{""games"":6,""losses"":4,""ties"":0,""wins"":2}","{""games"":0,""losses"":0,""ties"":0,""wins"":0}","{""games"":12,""losses"":9,""ties"":0,""wins"":3}","{""games"":0,""losses"":0,""ties"":0,""wins"":0}"
2023,120,Maryland,fbs,Big Ten,East,8.452617875300348,"{""games"":13,""losses"":5,""ties"":0,""wins"":8}","{""games"":9,""losses"":5,""ties"":0,""wins"":4}","{""games"":7,""losses"":3,""ties"":0,""wins"":4}","{""games"":5,""losses"":2,""ties"":0,""wins"":3}","{""games"":1,""losses"":0,""ties"":0,""wins"":1}","{""games"":12,""losses"":5,""ties"":0,""wins"":7}","{""games"":1,""losses"":0,""ties"":0,""wins"":1}"
2023,127,Michigan State,fbs,Big Ten,East,4.353001536461129,"{""games"":12,""losses"":8,""ties"":0,""wins"":4}","{""games"":9,""losses"":7,""ties"":0,""wins"":2}","{""games"":6,""losses"":3,""ties"":0,""wins"":3}","{""games"":5,""losses"":4,""ties"":0,""wins"":1}","{""games"":1,""losses"":1,""ties"":0,""wins"":0}","{""games"":12,""losses"":8,""ties"":0,""wins"":4}","{""games"":0,""losses"":0,""ties"":0,""wins"":0}"
2023,130,Michigan,fbs,Big Ten,East,14.39915885390412,"{""games"":15,""losses"":0,""ties"":0,""wins"":15}","{""games"":10,""losses"":0,""ties"":0,""wins"":10}","{""games"":7,""losses"":0,""ties"":0,""wins"":7}","{""games"":5,""losses"":0,""ties"":0,""wins"":5}","{""games"":3,""losses"":0,""ties"":0,""wins"":3}","{""games"":13,""losses"":0,""ties"":0,""wins"":13}","{""games"":2,""losses"":0,""ties"":0,""wins"":2}"
2023,135,Minnesota,fbs,Big Ten,West,6.506178627825443,"{""games"":13,""losses"":7,""ties"":0,""wins"":6}","{""games"":9,""losses"":6,""ties"":0,""wins"":3}","{""games"":7,""losses"":3,""ties"":0,""wins"":4}","{""games"":5,""losses"":4,""ties"":0,""wins"":1}","{""games"":1,""losses"":0,""ties"":0,""wins"":1}","{""games"":12,""losses"":7,""ties"":0,""wins"":5}","{""games"":1,""losses"":0,""ties"":0,""wins"":1}"
2023,142,Missouri,fbs,SEC,East,9.892406760491275,"{""games"":13,""losses"":2,""ties"":0,""wins"":11}","{""games"":8,""losses"":2,""ties"":0,""wins"":6}","{""games"":7,""losses"":1,""ties"":0,""wins"":6}","{""games"":4,""losses"":1,""ties"":0,""wins"":3}","{""games"":2,""losses"":0,""ties"":0,""wins"":2}","{""games"":12,""losses"":2,""ties"":0,""wins"":10}","{""games"":1,""losses"":0,""ties"":0,""wins"":1}"
2023,145,Ole Miss,fbs,SEC,West,9.700148880278677,"{""games"":13,""losses"":2,""ties"":0,""wins"":11}","{""games"":8,""losses"":2,""ties"":0,""wins"":6}","{""games"":7,""losses"":0,""ties"":0,""wins"":7}","{""games"":5,""losses"":2,""ties"":0,""wins"":3}","{""games"":1,""losses"":0,""ties"":0,""wins"":1}","{""games"":12,""losses"":2,""ties"":0,""wins"":10}","{""games"":1,""losses"":0,""ties"":0,""wins"":1}"
2023,150,Duke,fbs,ACC,,7.672560594975948,"{""games"":13,""losses"":5,""ties"":0,""wins"":8}","{""games"":8,""losses"":4,""ties"":0,""wins"":4}","{""games"":7,""losses"":1,""ties"":0,""wins"":6}","{""games"":5,""losses"":4,""ties"":0,""wins"":1}","{""games"":1,""losses"":0,""ties"":0,""wins"":1}","{""games"":12,""losses"":5,""ties"":0,""wins"":7}","{""games"":1,""losses"":0,""ties"":0,""wins"":1}"
2023,151,East Carolina,fbs,American Athletic,,3.355228167027235,"{""games"":12,""losses"":10,""ties"":0,""wins"":2}","{""games"":8,""losses"":7,""ties"":0,""wins"":1}","{""games"":6,""losses"":5,""ties"":0,""wins"":1}","{""games"":6,""losses"":5,""ties"":0,""wins"":1}","{""games"":0,""losses"":0,""ties"":0,""wins"":0}","{""games"":12,""losses"":10,""ties"":0,""wins"":2}","{""games"":0,""losses"":0,""ties"":0,""wins"":0}"
2023,152,NC State,fbs,ACC,,8.691293088646585,"{""games"":13,""losses"":4,""ties"":0,""wins"":9}","{""games"":8,""losses"":2,""ties"":0,""wins"":6}","{""games"":7,""losses"":2,""ties"":0,""wins"":5}","{""games"":5,""losses"":1,""ties"":0,""wins"":4}","{""games"":1,""losses"":1,""ties"":0,""wins"":0}","{""games"":12,""losses"":3,""ties"":0,""wins"":9}","{""games"":1,""losses"":1,""ties"":0,""wins"":0}"
2023,153,North Carolina,fbs,ACC,,7.260844670236111,"{""games"":13,""losses"":5,""ties"":0,""wins"":8}","{""games"":8,""losses"":4,""ties"":0,""wins"":4}","{""games"":7,""losses"":1,""ties"":0,""wins"":6}","{""games"":4,""losses"":3,""ties"":0,""wins"":1}","{""games"":2,""losses"":1,""ties"":0,""wins"":1}","{""games"":12,""losses"":4,""ties"":0,""wins"":8}","{""games"":1,""losses"":1,""ties"":0,""wins"":0}"
2023,154,Wake Forest,fbs,ACC,,5.172856063976479,"{""games"":12,""losses"":8,""ties"":0,""wins"":4}","{""games"":8,""losses"":7,""ties"":0,""wins"":1}","{""games"":6,""losses"":3,""ties"":0,""wins"":3}","{""games"":6,""losses"":5,""ties"":0,""wins"":1}","{""games"":0,""losses"":0,""ties"":0,""wins"":0}","{""games"":12,""losses"":8,""ties"":0,""wins"":4}","{""games"":0,""losses"":0,""ties"":0,""wins"":0}"
2023,158,Nebraska,fbs,Big Ten,West,6.541159543208778,"{""games"":12,""losses"":7,""ties"":0,""wins"":5}","{""games"":9,""losses"":6,""ties"":0,""wins"":3}","{""games"":7,""losses"":3,""ties"":0,""wins"":4}","{""games"":5,""losses"":4,""ties"":0,""wins"":1}","{""games"":0,""losses"":0,""ties"":0,""wins"":0}","{""games"":12,""losses"":7,""ties"":0,""wins"":5}","{""games"":0,""losses"":0,""ties"":0,""wins"":0}"
2023,164,Rutgers,fbs,Big Ten,East,6.911544194212183,"{""games"":13,""losses"":6,""ties"":0,""wins"":7}","{""games"":9,""losses"":6,""ties"":0,""wins"":3}","{""games"":7,""losses"":2,""ties"":0,""wins"":5}","{""games"":5,""losses"":4,""ties"":0,""wins"":1}","{""games"":1,""losses"":0,""ties"":0,""wins"":1}","{""games"":12,""losses"":6,""ties"":0,""wins"":6}","{""games"":1,""losses"":0,""ties"":0,""wins"":1}"
2023,166,New Mexico State,fbs,Conference USA,,9.262535328154694,"{""games"":15,""losses"":5,""ties"":0,""wins"":10}","{""games"":9,""losses"":2,""ties"":0,""wins"":7}","{""games"":6,""losses"":1,""ties"":0,""wins"":5}","{""games"":8,""losses"":3,""ties"":0,""wins"":5}","{""games"":1,""losses"":1,""ties"":0,""wins"":0}","{""games"":14,""losses"":4,""ties"":0,""wins"":10}","{""games"":1,""losses"":1,""ties"":0,""wins"":0}"
2023,167,New Mexico,fbs,Mountain West,,4.213996813538519,"{""games"":12,""losses"":8,""ties"":0,""wins"":4}","{""games"":8,""losses"":6,""ties"":0,""wins"":2}","{""games"":6,""losses"":4,""ties"":0,""wins"":2}","{""games"":6,""losses"":4,""ties"":0,""wins"":2}","{""games"":0,""losses"":0,""ties"":0,""wins"":0}","{""games"":12,""losses"":8,""ties"":0,""wins"":4}","{""games"":0,""losses"":0,""ties"":0,""wins"":0}"
2023,183,Syracuse,fbs,ACC,,5.9205631371665435,"{""games"":13,""losses"":7,""ties"":0,""wins"":6}","{""games"":8,""losses"":6,""ties"":0,""wins"":2}","{""games"":6,""losses"":2,""ties"":0,""wins"":4}","{""games"":5,""losses"":4,""ties"":0,""wins"":1}","{""games"":2,""losses"":1,""ties"":0,""wins"":1}","{""games"":12,""losses"":6,""ties"":0,""wins"":6}","{""games"":1,""losses"":1,""ties"":0,""wins"":0}"
2023,189,Bowling Green,fbs,Mid-American,East,7.1989183546975255,"{""games"":13,""losses"":6,""ties"":0,""wins"":7}","{""games"":8,""losses"":3,""ties"":0,""wins"":5}","{""games"":5,""losses"":2,""ties"":0,""wins"":3}","{""games"":7,""losses"":3,""ties"":0,""wins"":4}","{""games"":1,""losses"":1,""ties"":0,""wins"":0}","{""games"":12,""losses"":5,""ties"":0,""wins"":7}","{""games"":1,""losses"":1,""ties"":0,""wins"":0}"
2023,193,Miami (OH),fbs,Mid-American,East,9.50762696750462,"{""games"":14,""losses"":3,""ties"":0,""wins"":11}","{""games"":9,""losses"":1,""ties"":0,""wins"":8}","{""games"":5,""losses"":1,""ties"":0,""wins"":4}","{""games"":7,""losses"":1,""ties"":0,""wins"":6}","{""games"":2,""losses"":1,""ties"":0,""wins"":1}","{""games"":13,""losses"":2,""ties"":0,""wins"":11}","{""games"":1,""losses"":1,""ties"":0,""wins"":0}"
2023,194,Ohio State,fbs,Big Ten,East,10.47719209051869,"{""games"":13,""losses"":2,""ties"":0,""wins"":11}","{""games"":9,""losses"":1,""ties"":0,""wins"":8}","{""games"":6,""losses"":0,""ties"":0,""wins"":6}","{""games"":6,""losses"":1,""ties"":0,""wins"":5}","{""games"":1,""losses"":1,""ties"":0,""wins"":0}","{""games"":12,""losses"":1,""ties"":0,""wins"":11}","{""games"":1,""losses"":1,""ties"":0,""wins"":0}"
2023,195,Ohio,fbs,Mid-American,East,9.248393251560628,"{""games"":13,""losses"":3,""ties"":0,""wins"":10}","{""games"":8,""losses"":2,""ties"":0,""wins"":6}","{""games"":6,""losses"":1,""ties"":0,""wins"":5}","{""games"":6,""losses"":2,""ties"":0,""wins"":4}","{""games"":1,""losses"":0,""ties"":0,""wins"":1}","{""games"":12,""losses"":3,""ties"":0,""wins"":9}","{""games"":1,""losses"":0,""ties"":0,""wins"":1}"
2023,197,Oklahoma State,fbs,Big 12,,7.8919765166938305,"{""games"":14,""losses"":4,""ties"":0,""wins"":10}","{""games"":10,""losses"":3,""ties"":0,""wins"":7}","{""games"":7,""losses"":1,""ties"":0,""wins"":6}","{""games"":5,""losses"":2,""ties"":0,""wins"":3}","{""games"":2,""losses"":1,""ties"":0,""wins"":1}","{""games"":13,""losses"":4,""ties"":0,""wins"":9}","{""games"":1,""losses"":0,""ties"":0,""wins"":1}"
2023,201,Oklahoma,fbs,Big 12,,10.004145650193095,"{""games"":13,""losses"":3,""ties"":0,""wins"":10}","{""games"":9,""losses"":2,""ties"":0,""wins"":7}","{""games"":6,""losses"":0,""ties"":0,""wins"":6}","{""games"":5,""losses"":2,""ties"":0,""wins"":3}","{""games"":2,""losses"":1,""ties"":0,""wins"":1}","{""games"":12,""losses"":2,""ties"":0,""wins"":10}","{""games"":1,""losses"":1,""ties"":0,""wins"":0}"
2023,202,Tulsa,fbs,American Athletic,,4.848975567147136,"{""games"":12,""losses"":8,""ties"":0,""wins"":4}","{""games"":8,""losses"":6,""ties"":0,""wins"":2}","{""games"":6,""losses"":4,""ties"":0,""wins"":2}","{""games"":6,""losses"":4,""ties"":0,""wins"":2}","{""games"":0,""losses"":0,""ties"":0,""wins"":0}","{""games"":12,""losses"":8,""ties"":0,""wins"":4}","{""games"":0,""losses"":0,""ties"":0,""wins"":0}"
2023,204,Oregon State,fbs,Pac-12,,8.511812471784651,"{""games"":13,""losses"":5,""ties"":0,""wins"":8}","{""games"":9,""losses"":4,""ties"":0,""wins"":5}","{""games"":6,""losses"":1,""ties"":0,""wins"":5}","{""games"":6,""losses"":3,""ties"":0,""wins"":3}","{""games"":1,""losses"":1,""ties"":0,""wins"":0}","{""games"":12,""losses"":4,""ties"":0,""wins"":8}","{""games"":1,""losses"":1,""ties"":0,""wins"":0}"
2023,213,Penn State,fbs,Big Ten,East,9.949816150590777,"{""games"":13,""losses"":3,""ties"":0,""wins"":10}","{""games"":9,""losses"":2,""ties"":0,""wins"":7}","{""games"":7,""losses"":1,""ties"":0,""wins"":6}","{""games"":4,""losses"":1,""ties"":0,""wins"":3}","{""games"":2,""losses"":1,""ties"":0,""wins"":1}","{""games"":12,""losses"":2,""ties"":0,""wins"":10}","{""games"":1,""losses"":1,""ties"":0,""wins"":0}"
2023,218,Temple,fbs,American Athletic,,2.90409845020622,"{""games"":12,""losses"":9,""ties"":0,""wins"":3}","{""games"":8,""losses"":7,""ties"":0,""wins"":1}","{""games"":7,""losses"":4,""ties"":0,""wins"":3}","{""games"":5,""losses"":5,""ties"":0,""wins"":0}","{""games"":0,""losses"":0,""ties"":0,""wins"":0}","{""games"":12,""losses"":9,""ties"":0,""wins"":3}","{""games"":0,""losses"":0,""ties"":0,""wins"":0}"
2023,221,Pittsburgh,fbs,ACC,,3.975102622061968,"{""games"":12,""losses"":9,""ties"":0,""wins"":3}","{""games"":8,""losses"":6,""ties"":0,""wins"":2}","{""games"":6,""losses"":3,""ties"":0,""wins"":3}","{""games"":5,""losses"":5,""ties"":0,""wins"":0}","{""games"":1,""losses"":1,""ties"":0,""wins"":0}","{""games"":12,""losses"":9,""ties"":0,""wins"":3}","{""games"":0,""losses"":0,""ties"":0,""wins"":0}"
2023,228,Clemson,fbs,ACC,,9.130710124969482,"{""games"":13,""losses"":4,""ties"":0,""wins"":9}","{""games"":8,""losses"":4,""ties"":0,""wins"":4}","{""games"":7,""losses"":1,""ties"":0,""wins"":6}","{""games"":5,""losses"":3,""ties"":0,""wins"":2}","{""games"":1,""losses"":0,""ties"":0,""wins"":1}","{""games"":12,""losses"":4,""ties"":0,""wins"":8}","{""games"":1,""losses"":0,""ties"":0,""wins"":1}"
2023,235,Memphis,fbs,American Athletic,,8.932587137445807,"{""games"":13,""losses"":3,""ties"":0,""wins"":10}","{""games"":8,""losses"":2,""ties"":0,""wins"":6}","{""games"":6,""losses"":2,""ties"":0,""wins"":4}","{""games"":6,""losses"":0,""ties"":0,""wins"":6}","{""games"":1,""losses"":1,""ties"":0,""wins"":0}","{""games"":12,""losses"":3,""ties"":0,""wins"":9}","{""games"":1,""losses"":0,""ties"":0,""wins"":1}"
2023,238,Vanderbilt,fbs,SEC,East,1.937881782083062,"{""games"":12,""losses"":10,""ties"":0,""wins"":2}","{""games"":8,""losses"":8,""ties"":0,""wins"":0}","{""games"":6,""losses"":4,""ties"":0,""wins"":2}","{""games"":6,""losses"":6,""ties"":0,""wins"":0}","{""games"":0,""losses"":0,""ties"":0,""wins"":0}","{""games"":12,""losses"":10,""ties"":0,""wins"":2}","{""games"":0,""losses"":0,""ties"":0,""wins"":0}"
2023,239,Baylor,fbs,Big 12,,2.9977865666151047,"{""games"":12,""losses"":9,""ties"":0,""wins"":3}","{""games"":9,""losses"":7,""ties"":0,""wins"":2}","{""games"":8,""losses"":7,""ties"":0,""wins"":1}","{""games"":4,""losses"":2,""ties"":0,""wins"":2}","{""games"":0,""losses"":0,""ties"":0,""wins"":0}","{""games"":12,""losses"":9,""ties"":0,""wins"":3}","{""games"":0,""losses"":0,""ties"":0,""wins"":0}"
2023,242,Rice,fbs,American Athletic,,6.003440876491368,"{""games"":13,""losses"":7,""ties"":0,""wins"":6}","{""games"":8,""losses"":4,""ties"":0,""wins"":4}","{""games"":7,""losses"":3,""ties"":0,""wins"":4}","{""games"":5,""losses"":3,""ties"":0,""wins"":2}","{""games"":1,""losses"":1,""ties"":0,""wins"":0}","{""games"":12,""losses"":6,""ties"":0,""wins"":6}","{""games"":1,""losses"":1,""ties"":0,""wins"":0}"
2023,245,Texas A&M,fbs,SEC,West,8.238159954281505,"{""games"":13,""losses"":6,""ties"":0,""wins"":7}","{""games"":8,""losses"":4,""ties"":0,""wins"":4}","{""games"":7,""losses"":1,""ties"":0,""wins"":6}","{""games"":4,""losses"":4,""ties"":0,""wins"":0}","{""games"":2,""losses"":1,""ties"":0,""wins"":1}","{""games"":12,""losses"":5,""ties"":0,""wins"":7}","{""games"":1,""losses"":1,""ties"":0,""wins"":0}"
2023,248,Houston,fbs,Big 12,,2.8644506274722517,"{""games"":12,""losses"":8,""ties"":0,""wins"":4}","{""games"":9,""losses"":7,""ties"":0,""wins"":2}","{""games"":7,""losses"":4,""ties"":0,""wins"":3}","{""games"":5,""losses"":4,""ties"":0,""wins"":1}","{""games"":0,""losses"":0,""ties"":0,""wins"":0}","{""games"":12,""losses"":8,""ties"":0,""wins"":4}","{""games"":0,""losses"":0,""ties"":0,""wins"":0}"
2023,249,North Texas,fbs,American Athletic,,3.7851127525791526,"{""games"":12,""losses"":7,""ties"":0,""wins"":5}","{""games"":8,""losses"":5,""ties"":0,""wins"":3}","{""games"":6,""losses"":3,""ties"":0,""wins"":3}","{""games"":6,""losses"":4,""ties"":0,""wins"":2}","{""games"":0,""losses"":0,""ties"":0,""wins"":0}","{""games"":12,""losses"":7,""ties"":0,""wins"":5}","{""games"":0,""losses"":0,""ties"":0,""wins"":0}"
2023,251,Texas,fbs,Big 12,,10.404382993467152,"{""games"":14,""losses"":2,""ties"":0,""wins"":12}","{""games"":10,""losses"":1,""ties"":0,""wins"":9}","{""games"":6,""losses"":0,""ties"":0,""wins"":6}","{""games"":5,""losses"":0,""ties"":0,""wins"":5}","{""games"":3,""losses"":2,""ties"":0,""wins"":1}","{""games"":13,""losses"":1,""ties"":0,""wins"":12}","{""games"":1,""losses"":1,""ties"":0,""wins"":0}"
2023,252,BYU,fbs,Big 12,,4.500573303550482,"{""games"":12,""losses"":7,""ties"":0,""wins"":5}","{""games"":9,""losses"":7,""ties"":0,""wins"":2}","{""games"":6,""losses"":2,""ties"":0,""wins"":4}","{""games"":6,""losses"":5,""ties"":0,""wins"":1}","{""games"":0,""losses"":0,""ties"":0,""wins"":0}","{""games"":12,""losses"":7,""ties"":0,""wins"":5}","{""games"":0,""losses"":0,""ties"":0,""wins"":0}"
2023,254,Utah,fbs,Pac-12,,8.070453682539314,"{""games"":13,""losses"":5,""ties"":0,""wins"":8}","{""games"":9,""losses"":4,""ties"":0,""wins"":5}","{""games"":7,""losses"":1,""ties"":0,""wins"":6}","{""games"":5,""losses"":3,""ties"":0,""wins"":2}","{""games"":1,""losses"":1,""ties"":0,""wins"":0}","{""games"":12,""losses"":4,""ties"":0,""wins"":8}","{""games"":1,""losses"":1,""ties"":0,""wins"":0}"
2023,256,James Madison,fbs,Sun Belt,East,9.972289776429534,"{""games"":13,""losses"":2,""ties"":0,""wins"":11}","{""games"":8,""losses"":1,""ties"":0,""wins"":7}","{""games"":6,""losses"":1,""ties"":0,""wins"":5}","{""games"":6,""losses"":0,""ties"":0,""wins"":6}","{""games"":1,""losses"":1,""ties"":0,""wins"":0}","{""games"":12,""losses"":1,""ties"":0,""wins"":11}","{""games"":1,""losses"":1,""ties"":0,""wins"":0}"
2023,258,Virginia,fbs,ACC,,4.748087567277253,"{""games"":12,""losses"":9,""ties"":0,""wins"":3}","{""games"":8,""losses"":6,""ties"":0,""wins"":2}","{""games"":6,""losses"":4,""ties"":0,""wins"":2}","{""games"":5,""losses"":4,""ties"":0,""wins"":1}","{""games"":1,""losses"":1,""ties"":0,""wins"":0}","{""games"":12,""losses"":9,""ties"":0,""wins"":3}","{""games"":0,""losses"":0,""ties"":0,""wins"":0}"
2023,259,Virginia Tech,fbs,ACC,,6.915915849610822,"{""games"":13,""losses"":6,""ties"":0,""wins"":7}","{""games"":8,""losses"":3,""ties"":0,""wins"":5}","{""games"":6,""losses"":2,""ties"":0,""wins"":4}","{""games"":6,""losses"":4,""ties"":0,""wins"":2}","{""games"":1,""losses"":0,""ties"":0,""wins"":1}","{""games"":12,""losses"":6,""ties"":0,""wins"":6}","{""games"":1,""losses"":0,""ties"":0,""wins"":1}"
2023,264,Washington,fbs,Pac-12,,12.397793360054493,"{""games"":15,""losses"":1,""ties"":0,""wins"":14}","{""games"":10,""losses"":0,""ties"":0,""wins"":10}","{""games"":7,""losses"":0,""ties"":0,""wins"":7}","{""games"":5,""losses"":0,""ties"":0,""wins"":5}","{""games"":3,""losses"":1,""ties"":0,""wins"":2}","{""games"":13,""losses"":0,""ties"":0,""wins"":13}","{""games"":2,""losses"":1,""ties"":0,""wins"":1}"
2023,265,Washington State,fbs,Pac-12,,5.95040463632904,"{""games"":12,""losses"":7,""ties"":0,""wins"":5}","{""games"":9,""losses"":7,""ties"":0,""wins"":2}","{""games"":6,""losses"":2,""ties"":0,""wins"":4}","{""games"":6,""losses"":5,""ties"":0,""wins"":1}","{""games"":0,""losses"":0,""ties"":0,""wins"":0}","{""games"":12,""losses"":7,""ties"":0,""wins"":5}","{""games"":0,""losses"":0,""ties"":0,""wins"":0}"
2023,275,Wisconsin,fbs,Big Ten,West,7.195201674476266,"{""games"":13,""losses"":6,""ties"":0,""wins"":7}","{""games"":9,""losses"":4,""ties"":0,""wins"":5}","{""games"":7,""losses"":3,""ties"":0,""wins"":4}","{""games"":5,""losses"":2,""ties"":0,""wins"":3}","{""games"":1,""losses"":1,""ties"":0,""wins"":0}","{""games"":12,""losses"":5,""ties"":0,""wins"":7}","{""games"":1,""losses"":1,""ties"":0,""wins"":0}"
2023,276,Marshall,fbs,Sun Belt,East,5.702925682067871,"{""games"":13,""losses"":7,""ties"":0,""wins"":6}","{""games"":8,""losses"":5,""ties"":0,""wins"":3}","{""games"":6,""losses"":1,""ties"":0,""wins"":5}","{""games"":6,""losses"":5,""ties"":0,""wins"":1}","{""games"":1,""losses"":1,""ties"":0,""wins"":0}","{""games"":12,""losses"":6,""ties"":0,""wins"":6}","{""games"":1,""losses"":1,""ties"":0,""wins"":0}"
2023,277,West Virginia,fbs,Big 12,,8.272299282252789,"{""games"":13,""losses"":4,""ties"":0,""wins"":9}","{""games"":9,""losses"":3,""ties"":0,""wins"":6}","{""games"":6,""losses"":1,""ties"":0,""wins"":5}","{""games"":6,""losses"":3,""ties"":0,""wins"":3}","{""games"":1,""losses"":0,""ties"":0,""wins"":1}","{""games"":12,""losses"":4,""ties"":0,""wins"":8}","{""games"":1,""losses"":0,""ties"":0,""wins"":1}"
2023,278,Fresno State,fbs,Mountain West,,7.463299307972193,"{""games"":13,""losses"":4,""ties"":0,""wins"":9}","{""games"":8,""losses"":4,""ties"":0,""wins"":4}","{""games"":6,""losses"":1,""ties"":0,""wins"":5}","{""games"":6,""losses"":3,""ties"":0,""wins"":3}","{""games"":1,""losses"":0,""ties"":0,""wins"":1}","{""games"":12,""losses"":4,""ties"":0,""wins"":8}","{""games"":1,""losses"":0,""ties"":0,""wins"":1}"
2023,290,Georgia Southern,fbs,Sun Belt,East,5.702514231204987,"{""games"":13,""losses"":7,""ties"":0,""wins"":6}","{""games"":8,""losses"":5,""ties"":0,""wins"":3}","{""games"":6,""losses"":1,""ties"":0,""wins"":5}","{""games"":6,""losses"":5,""ties"":0,""wins"":1}","{""games"":1,""losses"":1,""ties"":0,""wins"":0}","{""games"":12,""losses"":6,""ties"":0,""wins"":6}","{""games"":1,""losses"":1,""ties"":0,""wins"":0}"
2023,295,Old Dominion,fbs,Sun Belt,East,5.568836593143717,"{""games"":13,""losses"":7,""ties"":0,""wins"":6}","{""games"":8,""losses"":3,""ties"":0,""wins"":5}","{""games"":6,""losses"":2,""ties"":0,""wins"":4}","{""games"":6,""losses"":4,""ties"":0,""wins"":2}","{""games"":1,""losses"":1,""ties"":0,""wins"":0}","{""games"":12,""losses"":6,""ties"":0,""wins"":6}","{""games"":1,""losses"":1,""ties"":0,""wins"":0}"
2023,309,Louisiana,fbs,Sun Belt,West,7.302561539122381,"{""games"":13,""losses"":7,""ties"":0,""wins"":6}","{""games"":8,""losses"":5,""ties"":0,""wins"":3}","{""games"":6,""losses"":2,""ties"":0,""wins"":4}","{""games"":6,""losses"":4,""ties"":0,""wins"":2}","{""games"":1,""losses"":1,""ties"":0,""wins"":0}","{""games"":12,""losses"":6,""ties"":0,""wins"":6}","{""games"":1,""losses"":1,""ties"":0,""wins"":0}"
2023,324,Coastal Carolina,fbs,Sun Belt,East,6.964516367763281,"{""games"":13,""losses"":5,""ties"":0,""wins"":8}","{""games"":8,""losses"":3,""ties"":0,""wins"":5}","{""games"":6,""losses"":2,""ties"":0,""wins"":4}","{""games"":6,""losses"":3,""ties"":0,""wins"":3}","{""games"":1,""losses"":0,""ties"":0,""wins"":1}","{""games"":12,""losses"":5,""ties"":0,""wins"":7}","{""games"":1,""losses"":0,""ties"":0,""wins"":1}"
2023,326,Texas State,fbs,Sun Belt,West,7.28172399988398,"{""games"":13,""losses"":5,""ties"":0,""wins"":8}","{""games"":8,""losses"":4,""ties"":0,""wins"":4}","{""games"":6,""losses"":1,""ties"":0,""wins"":5}","{""games"":6,""losses"":4,""ties"":0,""wins"":2}","{""games"":1,""losses"":0,""ties"":0,""wins"":1}","{""games"":12,""losses"":5,""ties"":0,""wins"":7}","{""games"":1,""losses"":0,""ties"":0,""wins"":1}"
2023,328,Utah State,fbs,Mountain West,,6.016602515337023,"{""games"":13,""losses"":7,""ties"":0,""wins"":6}","{""games"":8,""losses"":4,""ties"":0,""wins"":4}","{""games"":6,""losses"":3,""ties"":0,""wins"":3}","{""games"":6,""losses"":3,""ties"":0,""wins"":3}","{""games"":1,""losses"":1,""ties"":0,""wins"":0}","{""games"":12,""losses"":6,""ties"":0,""wins"":6}","{""games"":1,""losses"":1,""ties"":0,""wins"":0}"
2023,333,Alabama,fbs,SEC,West,11.388574485570754,"{""games"":14,""losses"":2,""ties"":0,""wins"":12}","{""games"":9,""losses"":0,""ties"":0,""wins"":9}","{""games"":7,""losses"":1,""ties"":0,""wins"":6}","{""games"":5,""losses"":0,""ties"":0,""wins"":5}","{""games"":2,""losses"":1,""ties"":0,""wins"":1}","{""games"":13,""losses"":1,""ties"":0,""wins"":12}","{""games"":1,""losses"":1,""ties"":0,""wins"":0}"
2023,344,Mississippi State,fbs,SEC,West,5.025228817947209,"{""games"":12,""losses"":7,""ties"":0,""wins"":5}","{""games"":8,""losses"":7,""ties"":0,""wins"":1}","{""games"":8,""losses"":4,""ties"":0,""wins"":4}","{""games"":4,""losses"":3,""ties"":0,""wins"":1}","{""games"":0,""losses"":0,""ties"":0,""wins"":0}","{""games"":12,""losses"":7,""ties"":0,""wins"":5}","{""games"":0,""losses"":0,""ties"":0,""wins"":0}"
2023,349,Army,fbs,FBS Independents,,5.90326254534257,"{""games"":12,""losses"":6,""ties"":0,""wins"":6}","{""games"":1,""losses"":1,""ties"":0,""wins"":0}","{""games"":6,""losses"":3,""ties"":0,""wins"":3}","{""games"":4,""losses"":3,""ties"":0,""wins"":1}","{""games"":2,""losses"":0,""ties"":0,""wins"":2}","{""games"":12,""losses"":6,""ties"":0,""wins"":6}","{""games"":0,""losses"":0,""ties"":0,""wins"":0}"
2023,356,Illinois,fbs,Big Ten,West,4.255596973001957,"{""games"":12,""losses"":7,""ties"":0,""wins"":5}","{""games"":9,""losses"":6,""ties"":0,""wins"":3}","{""games"":7,""losses"":4,""ties"":0,""wins"":3}","{""games"":5,""losses"":3,""ties"":0,""wins"":2}","{""games"":0,""losses"":0,""ties"":0,""wins"":0}","{""games"":12,""losses"":7,""ties"":0,""wins"":5}","{""games"":0,""losses"":0,""ties"":0,""wins"":0}"
2023,2005,Air Force,fbs,Mountain West,,9.407095746765336,"{""games"":13,""losses"":4,""ties"":0,""wins"":9}","{""games"":8,""losses"":3,""ties"":0,""wins"":5}","{""games"":5,""losses"":1,""ties"":0,""wins"":4}","{""games"":5,""losses"":2,""ties"":0,""wins"":3}","{""games"":3,""losses"":1,""ties"":0,""wins"":2}","{""games"":12,""losses"":4,""ties"":0,""wins"":8}","{""games"":1,""losses"":0,""ties"":0,""wins"":1}"
2023,2006,Akron,fbs,Mid-American,East,3.52980810836891,"{""games"":12,""losses"":10,""ties"":0,""wins"":2}","{""games"":8,""losses"":7,""ties"":0,""wins"":1}","{""games"":5,""losses"":3,""ties"":0,""wins"":2}","{""games"":7,""losses"":7,""ties"":0,""wins"":0}","{""games"":0,""losses"":0,""ties"":0,""wins"":0}","{""games"":12,""losses"":10,""ties"":0,""wins"":2}","{""games"":0,""losses"":0,""ties"":0,""wins"":0}"
2023,2026,App State,fbs,Sun Belt,East,8.271278903745038,"{""games"":14,""losses"":5,""ties"":0,""wins"":9}","{""games"":9,""losses"":3,""ties"":0,""wins"":6}","{""games"":6,""losses"":1,""ties"":0,""wins"":5}","{""games"":7,""losses"":4,""ties"":0,""wins"":3}","{""games"":1,""losses"":0,""ties"":0,""wins"":1}","{""games"":13,""losses"":5,""ties"":0,""wins"":8}","{""games"":1,""losses"":0,""ties"":0,""wins"":1}"
2023,2032,Arkansas State,fbs,Sun Belt,West,5.990727650001645,"{""games"":13,""losses"":7,""ties"":0,""wins"":6}","{""games"":8,""losses"":4,""ties"":0,""wins"":4}","{""games"":6,""losses"":2,""ties"":0,""wins"":4}","{""games"":6,""losses"":4,""ties"":0,""wins"":2}","{""games"":1,""losses"":1,""ties"":0,""wins"":0}","{""games"":12,""losses"":6,""ties"":0,""wins"":6}","{""games"":1,""losses"":1,""ties"":0,""wins"":0}"
2023,2050,Ball State,fbs,Mid-American,West,4.889113126322627,"{""games"":12,""losses"":8,""ties"":0,""wins"":4}","{""games"":8,""losses"":5,""ties"":0,""wins"":3}","{""games"":6,""losses"":3,""ties"":0,""wins"":3}","{""games"":6,""losses"":5,""ties"":0,""wins"":1}","{""games"":0,""losses"":0,""ties"":0,""wins"":0}","{""games"":12,""losses"":8,""ties"":0,""wins"":4}","{""games"":0,""losses"":0,""ties"":0,""wins"":0}"
2023,2084,Buffalo,fbs,Mid-American,East,3.959654135053559,"{""games"":12,""losses"":9,""ties"":0,""wins"":3}","{""games"":8,""losses"":5,""ties"":0,""wins"":3}","{""games"":6,""losses"":5,""ties"":0,""wins"":1}","{""games"":6,""losses"":4,""ties"":0,""wins"":2}","{""games"":0,""losses"":0,""ties"":0,""wins"":0}","{""games"":12,""losses"":9,""ties"":0,""wins"":3}","{""games"":0,""losses"":0,""ties"":0,""wins"":0}"
2023,2116,UCF,fbs,Big 12,,8.487185448408127,"{""games"":13,""losses"":7,""ties"":0,""wins"":6}","{""games"":9,""losses"":6,""ties"":0,""wins"":3}","{""games"":6,""losses"":2,""ties"":0,""wins"":4}","{""games"":6,""losses"":4,""ties"":0,""wins"":2}","{""games"":1,""losses"":1,""ties"":0,""wins"":0}","{""games"":12,""losses"":6,""ties"":0,""wins"":6}","{""games"":1,""losses"":1,""ties"":0,""wins"":0}"
2023,2117,Central Michigan,fbs,Mid-American,West,4.197668936739216,"{""games"":12,""losses"":7,""ties"":0,""wins"":5}","{""games"":8,""losses"":5,""ties"":0,""wins"":3}","{""games"":5,""losses"":1,""ties"":0,""wins"":4}","{""games"":7,""losses"":6,""ties"":0,""wins"":1}","{""games"":0,""losses"":0,""ties"":0,""wins"":0}","{""games"":12,""losses"":7,""ties"":0,""wins"":5}","{""games"":0,""losses"":0,""ties"":0,""wins"":0}"
2023,2132,Cincinnati,fbs,Big 12,,4.137912463396788,"{""games"":12,""losses"":9,""ties"":0,""wins"":3}","{""games"":9,""losses"":8,""ties"":0,""wins"":1}","{""games"":7,""losses"":6,""ties"":0,""wins"":1}","{""games"":5,""losses"":3,""ties"":0,""wins"":2}","{""games"":0,""losses"":0,""ties"":0,""wins"":0}","{""games"":12,""losses"":9,""ties"":0,""wins"":3}","{""games"":0,""losses"":0,""ties"":0,""wins"":0}"
2023,2199,Eastern Michigan,fbs,Mid-American,West,4.620906680216991,"{""games"":13,""losses"":7,""ties"":0,""wins"":6}","{""games"":8,""losses"":4,""ties"":0,""wins"":4}","{""games"":7,""losses"":2,""ties"":0,""wins"":5}","{""games"":6,""losses"":5,""ties"":0,""wins"":1}","{""games"":0,""losses"":0,""ties"":0,""wins"":0}","{""games"":12,""losses"":6,""ties"":0,""wins"":6}","{""games"":1,""losses"":1,""ties"":0,""wins"":0}"
2023,2226,Florida Atlantic,fbs,American Athletic,,4.672987831756473,"{""games"":12,""losses"":8,""ties"":0,""wins"":4}","{""games"":8,""losses"":5,""ties"":0,""wins"":3}","{""games"":6,""losses"":4,""ties"":0,""wins"":2}","{""games"":6,""losses"":4,""ties"":0,""wins"":2}","{""games"":0,""losses"":0,""ties"":0,""wins"":0}","{""games"":12,""losses"":8,""ties"":0,""wins"":4}","{""games"":0,""losses"":0,""ties"":0,""wins"":0}"
2023,2229,Florida International,fbs,Conference USA,,2.8725841785781085,"{""games"":12,""losses"":8,""ties"":0,""wins"":4}","{""games"":8,""losses"":7,""ties"":0,""wins"":1}","{""games"":6,""losses"":4,""ties"":0,""wins"":2}","{""games"":6,""losses"":4,""ties"":0,""wins"":2}","{""games"":0,""losses"":0,""ties"":0,""wins"":0}","{""games"":12,""losses"":8,""ties"":0,""wins"":4}","{""games"":0,""losses"":0,""ties"":0,""wins"":0}"
2023,2247,Georgia State,fbs,Sun Belt,East,7.026065716519952,"{""games"":13,""losses"":6,""ties"":0,""wins"":7}","{""games"":8,""losses"":5,""ties"":0,""wins"":3}","{""games"":6,""losses"":3,""ties"":0,""wins"":3}","{""games"":6,""losses"":3,""ties"":0,""wins"":3}","{""games"":1,""losses"":0,""ties"":0,""wins"":1}","{""games"":12,""losses"":6,""ties"":0,""wins"":6}","{""games"":1,""losses"":0,""ties"":0,""wins"":1}"
2023,2294,Iowa,fbs,Big Ten,West,7.887012902647257,"{""games"":14,""losses"":4,""ties"":0,""wins"":10}","{""games"":10,""losses"":3,""ties"":0,""wins"":7}","{""games"":7,""losses"":1,""ties"":0,""wins"":6}","{""games"":4,""losses"":1,""ties"":0,""wins"":3}","{""games"":3,""losses"":2,""ties"":0,""wins"":1}","{""games"":13,""losses"":3,""ties"":0,""wins"":10}","{""games"":1,""losses"":1,""ties"":0,""wins"":0}"
2023,2305,Kansas,fbs,Big 12,,9.558421060442924,"{""games"":13,""losses"":4,""ties"":0,""wins"":9}","{""games"":9,""losses"":4,""ties"":0,""wins"":5}","{""games"":7,""losses"":2,""ties"":0,""wins"":5}","{""games"":5,""losses"":2,""ties"":0,""wins"":3}","{""games"":1,""losses"":0,""ties"":0,""wins"":1}","{""games"":12,""losses"":4,""ties"":0,""wins"":8}","{""games"":1,""losses"":0,""ties"":0,""wins"":1}"
2023,2306,Kansas State,fbs,Big 12,,8.519116478972137,"{""games"":13,""losses"":4,""ties"":0,""wins"":9}","{""games"":9,""losses"":3,""ties"":0,""wins"":6}","{""games"":7,""losses"":1,""ties"":0,""wins"":6}","{""games"":5,""losses"":3,""ties"":0,""wins"":2}","{""games"":1,""losses"":0,""ties"":0,""wins"":1}","{""games"":12,""losses"":4,""ties"":0,""wins"":8}","{""games"":1,""losses"":0,""ties"":0,""wins"":1}"
2023,2309,Kent State,fbs,Mid-American,East,2.115714398153116,"{""games"":12,""losses"":11,""ties"":0,""wins"":1}","{""games"":8,""losses"":8,""ties"":0,""wins"":0}","{""games"":5,""losses"":4,""ties"":0,""wins"":1}","{""games"":7,""losses"":7,""ties"":0,""wins"":0}","{""games"":0,""losses"":0,""ties"":0,""wins"":0}","{""games"":12,""losses"":11,""ties"":0,""wins"":1}","{""games"":0,""losses"":0,""ties"":0,""wins"":0}"
2023,2335,Liberty,fbs,Conference USA,,12.153439613990486,"{""games"":14,""losses"":1,""ties"":0,""wins"":13}","{""games"":9,""losses"":0,""ties"":0,""wins"":9}","{""games"":8,""losses"":0,""ties"":0,""wins"":8}","{""games"":5,""losses"":0,""ties"":0,""wins"":5}","{""games"":1,""losses"":1,""ties"":0,""wins"":0}","{""games"":13,""losses"":0,""ties"":0,""wins"":13}","{""games"":1,""losses"":1,""ties"":0,""wins"":0}"
2023,2348,Louisiana Tech,fbs,Conference USA,,4.609010770916939,"{""games"":12,""losses"":9,""ties"":0,""wins"":3}","{""games"":8,""losses"":6,""ties"":0,""wins"":2}","{""games"":6,""losses"":4,""ties"":0,""wins"":2}","{""games"":6,""losses"":5,""ties"":0,""wins"":1}","{""games"":0,""losses"":0,""ties"":0,""wins"":0}","{""games"":12,""losses"":9,""ties"":0,""wins"":3}","{""games"":0,""losses"":0,""ties"":0,""wins"":0}"
2023,2390,Miami,fbs,ACC,,6.602224901551381,"{""games"":13,""losses"":6,""ties"":0,""wins"":7}","{""games"":8,""losses"":5,""ties"":0,""wins"":3}","{""games"":7,""losses"":2,""ties"":0,""wins"":5}","{""games"":5,""losses"":3,""ties"":0,""wins"":2}","{""games"":1,""losses"":1,""ties"":0,""wins"":0}","{""games"":12,""losses"":5,""ties"":0,""wins"":7}","{""games"":1,""losses"":1,""ties"":0,""wins"":0}"
2023,2393,Middle Tennessee,fbs,Conference USA,,4.959657866507769,"{""games"":12,""losses"":8,""ties"":0,""wins"":4}","{""games"":8,""losses"":5,""ties"":0,""wins"":3}","{""games"":6,""losses"":2,""ties"":0,""wins"":4}","{""games"":6,""losses"":6,""ties"":0,""wins"":0}","{""games"":0,""losses"":0,""ties"":0,""wins"":0}","{""games"":12,""losses"":8,""ties"":0,""wins"":4}","{""games"":0,""losses"":0,""ties"":0,""wins"":0}"
2023,2426,Navy,fbs,American Athletic,,5.864963336859817,"{""games"":12,""losses"":7,""ties"":0,""wins"":5}","{""games"":8,""losses"":4,""ties"":0,""wins"":4}","{""games"":6,""losses"":2,""ties"":0,""wins"":4}","{""games"":4,""losses"":3,""ties"":0,""wins"":1}","{""games"":2,""losses"":2,""ties"":0,""wins"":0}","{""games"":12,""losses"":7,""ties"":0,""wins"":5}","{""games"":0,""losses"":0,""ties"":0,""wins"":0}"
2023,2429,Charlotte,fbs,American Athletic,,3.463055346161127,"{""games"":12,""losses"":9,""ties"":0,""wins"":3}","{""games"":8,""losses"":6,""ties"":0,""wins"":2}","{""games"":6,""losses"":5,""ties"":0,""wins"":1}","{""games"":6,""losses"":4,""ties"":0,""wins"":2}","{""games"":0,""losses"":0,""ties"":0,""wins"":0}","{""games"":12,""losses"":9,""ties"":0,""wins"":3}","{""games"":0,""losses"":0,""ties"":0,""wins"":0}"
2023,2433,UL Monroe,fbs,Sun Belt,West,3.1096287508323326,"{""games"":12,""losses"":10,""ties"":0,""wins"":2}","{""games"":8,""losses"":8,""ties"":0,""wins"":0}","{""games"":6,""losses"":4,""ties"":0,""wins"":2}","{""games"":6,""losses"":6,""ties"":0,""wins"":0}","{""games"":0,""losses"":0,""ties"":0,""wins"":0}","{""games"":12,""losses"":10,""ties"":0,""wins"":2}","{""games"":0,""losses"":0,""ties"":0,""wins"":0}"
2023,2439,UNLV,fbs,Mountain West,,8.445403292775154,"{""games"":14,""losses"":5,""ties"":0,""wins"":9}","{""games"":9,""losses"":3,""ties"":0,""wins"":6}","{""games"":7,""losses"":2,""ties"":0,""wins"":5}","{""games"":6,""losses"":2,""ties"":0,""wins"":4}","{""games"":1,""losses"":1,""ties"":0,""wins"":0}","{""games"":13,""losses"":4,""ties"":0,""wins"":9}","{""games"":1,""losses"":1,""ties"":0,""wins"":0}"
2023,2440,Nevada,fbs,Mountain West,,2.2315170662477612,"{""games"":12,""losses"":10,""ties"":0,""wins"":2}","{""games"":8,""losses"":6,""ties"":0,""wins"":2}","{""games"":6,""losses"":5,""ties"":0,""wins"":1}","{""games"":6,""losses"":5,""ties"":0,""wins"":1}","{""games"":0,""losses"":0,""ties"":0,""wins"":0}","{""games"":12,""losses"":10,""ties"":0,""wins"":2}","{""games"":0,""losses"":0,""ties"":0,""wins"":0}"
2023,2459,Northern Illinois,fbs,Mid-American,West,7.343676007352769,"{""games"":13,""losses"":6,""ties"":0,""wins"":7}","{""games"":8,""losses"":3,""ties"":0,""wins"":5}","{""games"":6,""losses"":3,""ties"":0,""wins"":3}","{""games"":6,""losses"":3,""ties"":0,""wins"":3}","{""games"":1,""losses"":0,""ties"":0,""wins"":1}","{""games"":12,""losses"":6,""ties"":0,""wins"":6}","{""games"":1,""losses"":0,""ties"":0,""wins"":1}"
2023,2483,Oregon,fbs,Pac-12,,12.228599465452135,"{""games"":14,""losses"":2,""ties"":0,""wins"":12}","{""games"":10,""losses"":2,""ties"":0,""wins"":8}","{""games"":7,""losses"":0,""ties"":0,""wins"":7}","{""games"":5,""losses"":1,""ties"":0,""wins"":4}","{""games"":2,""losses"":1,""ties"":0,""wins"":1}","{""games"":13,""losses"":2,""ties"":0,""wins"":11}","{""games"":1,""losses"":0,""ties"":0,""wins"":1}"
2023,2509,Purdue,fbs,Big Ten,West,4.539259327309269,"{""games"":12,""losses"":8,""ties"":0,""wins"":4}","{""games"":9,""losses"":6,""ties"":0,""wins"":3}","{""games"":7,""losses"":4,""ties"":0,""wins"":3}","{""games"":5,""losses"":4,""ties"":0,""wins"":1}","{""games"":0,""losses"":0,""ties"":0,""wins"":0}","{""games"":12,""losses"":8,""ties"":0,""wins"":4}","{""games"":0,""losses"":0,""ties"":0,""wins"":0}"
2023,2534,Sam Houston,fbs,Conference USA,,5.466436319053173,"{""games"":12,""losses"":9,""ties"":0,""wins"":3}","{""games"":8,""losses"":6,""ties"":0,""wins"":2}","{""games"":5,""losses"":3,""ties"":0,""wins"":2}","{""games"":6,""losses"":5,""ties"":0,""wins"":1}","{""games"":1,""losses"":1,""ties"":0,""wins"":0}","{""games"":12,""losses"":9,""ties"":0,""wins"":3}","{""games"":0,""losses"":0,""ties"":0,""wins"":0}"
2023,2567,SMU,fbs,American Athletic,,10.39186418056488,"{""games"":14,""losses"":3,""ties"":0,""wins"":11}","{""games"":9,""losses"":0,""ties"":0,""wins"":9}","{""games"":6,""losses"":0,""ties"":0,""wins"":6}","{""games"":7,""losses"":2,""ties"":0,""wins"":5}","{""games"":1,""losses"":1,""ties"":0,""wins"":0}","{""games"":13,""losses"":2,""ties"":0,""wins"":11}","{""games"":1,""losses"":1,""ties"":0,""wins"":0}"
2023,2572,Southern Miss,fbs,Sun Belt,West,4.203432188834995,"{""games"":12,""losses"":9,""ties"":0,""wins"":3}","{""games"":8,""losses"":6,""ties"":0,""wins"":2}","{""games"":6,""losses"":4,""ties"":0,""wins"":2}","{""games"":6,""losses"":5,""ties"":0,""wins"":1}","{""games"":0,""losses"":0,""ties"":0,""wins"":0}","{""games"":12,""losses"":9,""ties"":0,""wins"":3}","{""games"":0,""losses"":0,""ties"":0,""wins"":0}"
2023,2579,South Carolina,fbs,SEC,East,5.7728174813091755,"{""games"":12,""losses"":7,""ties"":0,""wins"":5}","{""games"":8,""losses"":5,""ties"":0,""wins"":3}","{""games"":7,""losses"":2,""ties"":0,""wins"":5}","{""games"":4,""losses"":4,""ties"":0,""wins"":0}","{""games"":1,""losses"":1,""ties"":0,""wins"":0}","{""games"":12,""losses"":7,""ties"":0,""wins"":5}","{""games"":0,""losses"":0,""ties"":0,""wins"":0}"
2023,2628,TCU,fbs,Big 12,,6.7646661014296114,"{""games"":12,""losses"":7,""ties"":0,""wins"":5}","{""games"":9,""losses"":6,""ties"":0,""wins"":3}","{""games"":7,""losses"":3,""ties"":0,""wins"":4}","{""games"":5,""losses"":4,""ties"":0,""wins"":1}","{""games"":0,""losses"":0,""ties"":0,""wins"":0}","{""games"":12,""losses"":7,""ties"":0,""wins"":5}","{""games"":0,""losses"":0,""ties"":0,""wins"":0}"
2023,2633,Tennessee,fbs,SEC,East,8.626074689076992,"{""games"":13,""losses"":4,""ties"":0,""wins"":9}","{""games"":8,""losses"":4,""ties"":0,""wins"":4}","{""games"":7,""losses"":1,""ties"":0,""wins"":6}","{""games"":4,""losses"":3,""ties"":0,""wins"":1}","{""games"":2,""losses"":0,""ties"":0,""wins"":2}","{""games"":12,""losses"":4,""ties"":0,""wins"":8}","{""games"":1,""losses"":0,""ties"":0,""wins"":1}"
2023,2636,UTSA,fbs,American Athletic,,8.90027587953955,"{""games"":13,""losses"":4,""ties"":0,""wins"":9}","{""games"":8,""losses"":1,""ties"":0,""wins"":7}","{""games"":6,""losses"":1,""ties"":0,""wins"":5}","{""games"":6,""losses"":3,""ties"":0,""wins"":3}","{""games"":1,""losses"":0,""ties"":0,""wins"":1}","{""games"":12,""losses"":4,""ties"":0,""wins"":8}","{""games"":1,""losses"":0,""ties"":0,""wins"":1}"
2023,2638,UTEP,fbs,Conference USA,,3.6624730643816292,"{""games"":12,""losses"":9,""ties"":0,""wins"":3}","{""games"":8,""losses"":6,""ties"":0,""wins"":2}","{""games"":6,""losses"":5,""ties"":0,""wins"":1}","{""games"":6,""losses"":4,""ties"":0,""wins"":2}","{""games"":0,""losses"":0,""ties"":0,""wins"":0}","{""games"":12,""losses"":9,""ties"":0,""wins"":3}","{""games"":0,""losses"":0,""ties"":0,""wins"":0}"
2023,2641,Texas Tech,fbs,Big 12,,6.339902814477682,"{""games"":13,""losses"":6,""ties"":0,""wins"":7}","{""games"":9,""losses"":4,""ties"":0,""wins"":5}","{""games"":6,""losses"":2,""ties"":0,""wins"":4}","{""games"":6,""losses"":4,""ties"":0,""wins"":2}","{""games"":1,""losses"":0,""ties"":0,""wins"":1}","{""games"":12,""losses"":6,""ties"":0,""wins"":6}","{""games"":1,""losses"":0,""ties"":0,""wins"":1}"
2023,2649,Toledo,fbs,Mid-American,West,10.289834402501583,"{""games"":14,""losses"":3,""ties"":0,""wins"":11}","{""games"":9,""losses"":1,""ties"":0,""wins"":8}","{""games"":6,""losses"":0,""ties"":0,""wins"":6}","{""games"":6,""losses"":1,""ties"":0,""wins"":5}","{""games"":2,""losses"":2,""ties"":0,""wins"":0}","{""games"":13,""losses"":2,""ties"":0,""wins"":11}","{""games"":1,""losses"":1,""ties"":0,""wins"":0}"
2023,2653,Troy,fbs,Sun Belt,West,10.14913931219884,"{""games"":14,""losses"":3,""ties"":0,""wins"":11}","{""games"":9,""losses"":1,""ties"":0,""wins"":8}","{""games"":7,""losses"":1,""ties"":0,""wins"":6}","{""games"":6,""losses"":1,""ties"":0,""wins"":5}","{""games"":1,""losses"":1,""ties"":0,""wins"":0}","{""games"":13,""losses"":2,""ties"":0,""wins"":11}","{""games"":1,""losses"":1,""ties"":0,""wins"":0}"
2023,2655,Tulane,fbs,American Athletic,,10.263669077306986,"{""games"":14,""losses"":3,""ties"":0,""wins"":11}","{""games"":9,""losses"":1,""ties"":0,""wins"":8}","{""games"":8,""losses"":2,""ties"":0,""wins"":6}","{""games"":5,""losses"":0,""ties"":0,""wins"":5}","{""games"":1,""losses"":1,""ties"":0,""wins"":0}","{""games"":13,""losses"":2,""ties"":0,""wins"":11}","{""games"":1,""losses"":1,""ties"":0,""wins"":0}"
2023,2711,Western Michigan,fbs,Mid-American,West,4.173171152360737,"{""games"":12,""losses"":8,""ties"":0,""wins"":4}","{""games"":8,""losses"":5,""ties"":0,""wins"":3}","{""games"":5,""losses"":2,""ties"":0,""wins"":3}","{""games"":7,""losses"":6,""ties"":0,""wins"":1}","{""games"":0,""losses"":0,""ties"":0,""wins"":0}","{""games"":12,""losses"":8,""ties"":0,""wins"":4}","{""games"":0,""losses"":0,""ties"":0,""wins"":0}"
2023,2751,Wyoming,fbs,Mountain West,,7.397286261431873,"{""games"":13,""losses"":4,""ties"":0,""wins"":9}","{""games"":8,""losses"":3,""ties"":0,""wins"":5}","{""games"":7,""losses"":0,""ties"":0,""wins"":7}","{""games"":5,""losses"":4,""ties"":0,""wins"":1}","{""games"":1,""losses"":0,""ties"":0,""wins"":1}","{""games"":12,""losses"":4,""ties"":0,""wins"":8}","{""games"":1,""losses"":0,""ties"":0,""wins"":1}"
2024,2,Auburn,fbs,SEC,,5.9598218947649,"{""games"":12,""losses"":7,""ties"":0,""wins"":5}","{""games"":8,""losses"":6,""ties"":0,""wins"":2}","{""games"":8,""losses"":4,""ties"":0,""wins"":4}","{""games"":4,""losses"":3,""ties"":0,""wins"":1}","{""games"":0,""losses"":0,""ties"":0,""wins"":0}","{""games"":12,""losses"":7,""ties"":0,""wins"":5}","{""games"":0,""losses"":0,""ties"":0,""wins"":0}"
2024,5,UAB,fbs,American Athletic,,4.13327232375741,"{""games"":12,""losses"":9,""ties"":0,""wins"":3}","{""games"":8,""losses"":6,""ties"":0,""wins"":2}","{""games"":6,""losses"":3,""ties"":0,""wins"":3}","{""games"":6,""losses"":6,""ties"":0,""wins"":0}","{""games"":0,""losses"":0,""ties"":0,""wins"":0}","{""games"":12,""losses"":9,""ties"":0,""wins"":3}","{""games"":0,""losses"":0,""ties"":0,""wins"":0}"
2024,6,South Alabama,fbs,Sun Belt,West,8.108281282666699,"{""games"":13,""losses"":6,""ties"":0,""wins"":7}","{""games"":8,""losses"":3,""ties"":0,""wins"":5}","{""games"":6,""losses"":3,""ties"":0,""wins"":3}","{""games"":6,""losses"":3,""ties"":0,""wins"":3}","{""games"":1,""losses"":0,""ties"":0,""wins"":1}","{""games"":12,""losses"":6,""ties"":0,""wins"":6}","{""games"":1,""losses"":0,""ties"":0,""wins"":1}"
2024,8,Arkansas,fbs,SEC,,7.776992327799352,"{""games"":13,""losses"":6,""ties"":0,""wins"":7}","{""games"":8,""losses"":5,""ties"":0,""wins"":3}","{""games"":6,""losses"":3,""ties"":0,""wins"":3}","{""games"":4,""losses"":2,""ties"":0,""wins"":2}","{""games"":3,""losses"":1,""ties"":0,""wins"":2}","{""games"":12,""losses"":6,""ties"":0,""wins"":6}","{""games"":1,""losses"":0,""ties"":0,""wins"":1}"
2024,9,Arizona State,fbs,Big 12,,9.591952041955665,"{""games"":14,""losses"":3,""ties"":0,""wins"":11}","{""games"":10,""losses"":2,""ties"":0,""wins"":8}","{""games"":6,""losses"":0,""ties"":0,""wins"":6}","{""games"":6,""losses"":2,""ties"":0,""wins"":4}","{""games"":2,""losses"":1,""ties"":0,""wins"":1}","{""games"":13,""losses"":2,""ties"":0,""wins"":11}","{""games"":1,""losses"":1,""ties"":0,""wins"":0}"
2024,12,Arizona,fbs,Big 12,,3.9634858097415417,"{""games"":12,""losses"":8,""ties"":0,""wins"":4}","{""games"":9,""losses"":7,""ties"":0,""wins"":2}","{""games"":7,""losses"":4,""ties"":0,""wins"":3}","{""games"":5,""losses"":4,""ties"":0,""wins"":1}","{""games"":0,""losses"":0,""ties"":0,""wins"":0}","{""games"":12,""losses"":8,""ties"":0,""wins"":4}","{""games"":0,""losses"":0,""ties"":0,""wins"":0}"
2024,21,San Diego State,fbs,Mountain West,,4.161616086959839,"{""games"":12,""losses"":9,""ties"":0,""wins"":3}","{""games"":7,""losses"":5,""ties"":0,""wins"":2}","{""games"":6,""losses"":4,""ties"":0,""wins"":2}","{""games"":6,""losses"":5,""ties"":0,""wins"":1}","{""games"":0,""losses"":0,""ties"":0,""wins"":0}","{""games"":12,""losses"":9,""ties"":0,""wins"":3}","{""games"":0,""losses"":0,""ties"":0,""wins"":0}"
2024,23,San José State,fbs,Mountain West,,7.445530876517296,"{""games"":13,""losses"":6,""ties"":0,""wins"":7}","{""games"":7,""losses"":4,""ties"":0,""wins"":3}","{""games"":7,""losses"":2,""ties"":0,""wins"":5}","{""games"":5,""losses"":3,""ties"":0,""wins"":2}","{""games"":1,""losses"":1,""ties"":0,""wins"":0}","{""games"":12,""losses"":5,""ties"":0,""wins"":7}","{""games"":1,""losses"":1,""ties"":0,""wins"":0}"
2024,24,Stanford,fbs,ACC,,3.1075705382972956,"{""games"":12,""losses"":9,""ties"":0,""wins"":3}","{""games"":8,""losses"":6,""ties"":0,""wins"":2}","{""games"":6,""losses"":4,""ties"":0,""wins"":2}","{""games"":6,""losses"":5,""ties"":0,""wins"":1}","{""games"":0,""losses"":0,""ties"":0,""wins"":0}","{""games"":12,""losses"":9,""ties"":0,""wins"":3}","{""games"":0,""losses"":0,""ties"":0,""wins"":0}"
2024,25,California,fbs,ACC,,6.777695216238499,"{""games"":13,""losses"":7,""ties"":0,""wins"":6}","{""games"":8,""losses"":6,""ties"":0,""wins"":2}","{""games"":7,""losses"":3,""ties"":0,""wins"":4}","{""games"":5,""losses"":3,""ties"":0,""wins"":2}","{""games"":1,""losses"":1,""ties"":0,""wins"":0}","{""games"":12,""losses"":6,""ties"":0,""wins"":6}","{""games"":1,""losses"":1,""ties"":0,""wins"":0}"
2024,26,UCLA,fbs,Big Ten,,4.71463517122902,"{""games"":12,""losses"":7,""ties"":0,""wins"":5}","{""games"":9,""losses"":6,""ties"":0,""wins"":3}","{""games"":6,""losses"":4,""ties"":0,""wins"":2}","{""games"":6,""losses"":3,""ties"":0,""wins"":3}","{""games"":0,""losses"":0,""ties"":0,""wins"":0}","{""games"":12,""losses"":7,""ties"":0,""wins"":5}","{""games"":0,""losses"":0,""ties"":0,""wins"":0}"
2024,30,USC,fbs,Big Ten,,8.456016360869791,"{""games"":13,""losses"":6,""ties"":0,""wins"":7}","{""games"":9,""losses"":5,""ties"":0,""wins"":4}","{""games"":6,""losses"":2,""ties"":0,""wins"":4}","{""games"":5,""losses"":4,""ties"":0,""wins"":1}","{""games"":2,""losses"":0,""ties"":0,""wins"":2}","{""games"":12,""losses"":6,""ties"":0,""wins"":6}","{""games"":1,""losses"":0,""ties"":0,""wins"":1}"
2024,36,Colorado State,fbs,Mountain West,,8.070236194878817,"{""games"":13,""losses"":5,""ties"":0,""wins"":8}","{""games"":7,""losses"":1,""ties"":0,""wins"":6}","{""games"":7,""losses"":1,""ties"":0,""wins"":6}","{""games"":5,""losses"":3,""ties"":0,""wins"":2}","{""games"":1,""losses"":1,""ties"":0,""wins"":0}","{""games"":12,""losses"":4,""ties"":0,""wins"":8}","{""games"":1,""losses"":1,""ties"":0,""wins"":0}"
2024,38,Colorado,fbs,Big 12,,7.6287233918218,"{""games"":13,""losses"":4,""ties"":0,""wins"":9}","{""games"":9,""losses"":2,""ties"":0,""wins"":7}","{""games"":6,""losses"":1,""ties"":0,""wins"":5}","{""games"":5,""losses"":1,""ties"":0,""wins"":4}","{""games"":2,""losses"":2,""ties"":0,""wins"":0}","{""games"":12,""losses"":3,""ties"":0,""wins"":9}","{""games"":1,""losses"":1,""ties"":0,""wins"":0}"
2024,41,UConn,fbs,FBS Independents,,8.209856033325195,"{""games"":13,""losses"":4,""ties"":0,""wins"":9}","{""games"":1,""losses"":0,""ties"":0,""wins"":1}","{""games"":7,""losses"":1,""ties"":0,""wins"":6}","{""games"":5,""losses"":3,""ties"":0,""wins"":2}","{""games"":1,""losses"":0,""ties"":0,""wins"":1}","{""games"":12,""losses"":4,""ties"":0,""wins"":8}","{""games"":1,""losses"":0,""ties"":0,""wins"":1}"
2024,52,Florida State,fbs,ACC,,1.891464101150632,"{""games"":12,""losses"":10,""ties"":0,""wins"":2}","{""games"":8,""losses"":7,""ties"":0,""wins"":1}","{""games"":7,""losses"":5,""ties"":0,""wins"":2}","{""games"":4,""losses"":4,""ties"":0,""wins"":0}","{""games"":1,""losses"":1,""ties"":0,""wins"":0}","{""games"":12,""losses"":10,""ties"":0,""wins"":2}","{""games"":0,""losses"":0,""ties"":0,""wins"":0}"
2024,55,Jacksonville State,fbs,Conference USA,,8.229899911209941,"{""games"":14,""losses"":5,""ties"":0,""wins"":9}","{""games"":9,""losses"":1,""ties"":0,""wins"":8}","{""games"":7,""losses"":1,""ties"":0,""wins"":6}","{""games"":6,""losses"":3,""ties"":0,""wins"":3}","{""games"":1,""losses"":1,""ties"":0,""wins"":0}","{""games"":13,""losses"":4,""ties"":0,""wins"":9}","{""games"":1,""losses"":1,""ties"":0,""wins"":0}"
2024,57,Florida,fbs,SEC,,7.4851169511675835,"{""games"":13,""losses"":5,""ties"":0,""wins"":8}","{""games"":8,""losses"":4,""ties"":0,""wins"":4}","{""games"":7,""losses"":2,""ties"":0,""wins"":5}","{""games"":4,""losses"":2,""ties"":0,""wins"":2}","{""games"":2,""losses"":1,""ties"":0,""wins"":1}","{""games"":12,""losses"":5,""ties"":0,""wins"":7}","{""games"":1,""losses"":0,""ties"":0,""wins"":1}"
2024,58,South Florida,fbs,American Athletic,,6.5274860362987965,"{""games"":13,""losses"":6,""ties"":0,""wins"":7}","{""games"":8,""losses"":4,""ties"":0,""wins"":4}","{""games"":5,""losses"":2,""ties"":0,""wins"":3}","{""games"":6,""losses"":3,""ties"":0,""wins"":3}","{""games"":2,""losses"":1,""ties"":0,""wins"":1}","{""games"":12,""losses"":6,""ties"":0,""wins"":6}","{""games"":1,""losses"":0,""ties"":0,""wins"":1}"
2024,59,Georgia Tech,fbs,ACC,,7.693243682384491,"{""games"":13,""losses"":6,""ties"":0,""wins"":7}","{""games"":8,""losses"":3,""ties"":0,""wins"":5}","{""games"":5,""losses"":0,""ties"":0,""wins"":5}","{""games"":5,""losses"":4,""ties"":0,""wins"":1}","{""games"":3,""losses"":2,""ties"":0,""wins"":1}","{""games"":12,""losses"":5,""ties"":0,""wins"":7}","{""games"":1,""losses"":1,""ties"":0,""wins"":0}"
2024,61,Georgia,fbs,SEC,,9.42448605655003,"{""games"":14,""losses"":3,""ties"":0,""wins"":11}","{""games"":9,""losses"":2,""ties"":0,""wins"":7}","{""games"":6,""losses"":0,""ties"":0,""wins"":6}","{""games"":4,""losses"":2,""ties"":0,""wins"":2}","{""games"":4,""losses"":1,""ties"":0,""wins"":3}","{""games"":13,""losses"":2,""ties"":0,""wins"":11}","{""games"":1,""losses"":1,""ties"":0,""wins"":0}"
2024,62,Hawai'i,fbs,Mountain West,,4.547291641667047,"{""games"":12,""losses"":7,""ties"":0,""wins"":5}","{""games"":7,""losses"":4,""ties"":0,""wins"":3}","{""games"":7,""losses"":3,""ties"":0,""wins"":4}","{""games"":5,""losses"":4,""ties"":0,""wins"":1}","{""games"":0,""losses"":0,""ties"":0,""wins"":0}","{""games"":12,""losses"":7,""ties"":0,""wins"":5}","{""games"":0,""losses"":0,""ties"":0,""wins"":0}"
2024,66,Iowa State,fbs,Big 12,,7.833535350859165,"{""games"":14,""losses"":3,""ties"":0,""wins"":11}","{""games"":10,""losses"":3,""ties"":0,""wins"":7}","{""games"":7,""losses"":1,""ties"":0,""wins"":6}","{""games"":4,""losses"":0,""ties"":0,""wins"":4}","{""games"":3,""losses"":2,""ties"":0,""wins"":1}","{""games"":13,""losses"":3,""ties"":0,""wins"":10}","{""games"":1,""losses"":0,""ties"":0,""wins"":1}"
2024,68,Boise State,fbs,Mountain West,,11.129607238284546,"{""games"":14,""losses"":2,""ties"":0,""wins"":12}","{""games"":8,""losses"":0,""ties"":0,""wins"":8}","{""games"":7,""losses"":0,""ties"":0,""wins"":7}","{""games"":6,""losses"":1,""ties"":0,""wins"":5}","{""games"":1,""losses"":1,""ties"":0,""wins"":0}","{""games"":13,""losses"":1,""ties"":0,""wins"":12}","{""games"":1,""losses"":1,""ties"":0,""wins"":0}"
2024,77,Northwestern,fbs,Big Ten,,3.887510164640844,"{""games"":12,""losses"":8,""ties"":0,""wins"":4}","{""games"":9,""losses"":7,""ties"":0,""wins"":2}","{""games"":0,""losses"":0,""ties"":0,""wins"":0}","{""games"":5,""losses"":3,""ties"":0,""wins"":2}","{""games"":7,""losses"":5,""ties"":0,""wins"":2}","{""games"":12,""losses"":8,""ties"":0,""wins"":4}","{""games"":0,""losses"":0,""ties"":0,""wins"":0}"
2024,84,Indiana,fbs,Big Ten,,10.318442286690697,"{""games"":13,""losses"":2,""ties"":0,""wins"":11}","{""games"":9,""losses"":1,""ties"":0,""wins"":8}","{""games"":8,""losses"":0,""ties"":0,""wins"":8}","{""games"":4,""losses"":2,""ties"":0,""wins"":2}","{""games"":1,""losses"":0,""ties"":0,""wins"":1}","{""games"":12,""losses"":1,""ties"":0,""wins"":11}","{""games"":1,""losses"":1,""ties"":0,""wins"":0}"
2024,87,Notre Dame,fbs,FBS Independents,,13.215269457192788,"{""games"":16,""losses"":2,""ties"":0,""wins"":14}","{""games"":0,""losses"":0,""ties"":0,""wins"":0}","{""games"":7,""losses"":1,""ties"":0,""wins"":6}","{""games"":3,""losses"":0,""ties"":0,""wins"":3}","{""games"":6,""losses"":1,""ties"":0,""wins"":5}","{""games"":12,""losses"":1,""ties"":0,""wins"":11}","{""games"":4,""losses"":1,""ties"":0,""wins"":3}"
2024,96,Kentucky,fbs,SEC,,4.643102505526101,"{""games"":12,""losses"":8,""ties"":0,""wins"":4}","{""games"":8,""losses"":7,""ties"":0,""wins"":1}","{""games"":8,""losses"":5,""ties"":0,""wins"":3}","{""games"":4,""losses"":3,""ties"":0,""wins"":1}","{""games"":0,""losses"":0,""ties"":0,""wins"":0}","{""games"":12,""losses"":8,""ties"":0,""wins"":4}","{""games"":0,""losses"":0,""ties"":0,""wins"":0}"
2024,97,Louisville,fbs,ACC,,8.089785346062854,"{""games"":13,""losses"":4,""ties"":0,""wins"":9}","{""games"":8,""losses"":3,""ties"":0,""wins"":5}","{""games"":6,""losses"":2,""ties"":0,""wins"":4}","{""games"":6,""losses"":2,""ties"":0,""wins"":4}","{""games"":1,""losses"":0,""ties"":0,""wins"":1}","{""games"":12,""losses"":4,""ties"":0,""wins"":8}","{""games"":1,""losses"":0,""ties"":0,""wins"":1}"
2024,98,Western Kentucky,fbs,Conference USA,,7.562406003475189,"{""games"":14,""losses"":6,""ties"":0,""wins"":8}","{""games"":9,""losses"":3,""ties"":0,""wins"":6}","{""games"":6,""losses"":1,""ties"":0,""wins"":5}","{""games"":7,""losses"":4,""ties"":0,""wins"":3}","{""games"":1,""losses"":1,""ties"":0,""wins"":0}","{""games"":13,""losses"":5,""ties"":0,""wins"":8}","{""games"":1,""losses"":1,""ties"":0,""wins"":0}"
2024,99,LSU,fbs,SEC,,7.0063586086034775,"{""games"":13,""losses"":4,""ties"":0,""wins"":9}","{""games"":8,""losses"":3,""ties"":0,""wins"":5}","{""games"":7,""losses"":1,""ties"":0,""wins"":6}","{""games"":4,""losses"":2,""ties"":0,""wins"":2}","{""games"":2,""losses"":1,""ties"":0,""wins"":1}","{""games"":12,""losses"":4,""ties"":0,""wins"":8}","{""games"":1,""losses"":0,""ties"":0,""wins"":1}"
2024,103,Boston College,fbs,ACC,,7.496682733297348,"{""games"":13,""losses"":6,""ties"":0,""wins"":7}","{""games"":8,""losses"":4,""ties"":0,""wins"":4}","{""games"":7,""losses"":1,""ties"":0,""wins"":6}","{""games"":5,""losses"":4,""ties"":0,""wins"":1}","{""games"":1,""losses"":1,""ties"":0,""wins"":0}","{""games"":12,""losses"":5,""ties"":0,""wins"":7}","{""games"":1,""losses"":1,""ties"":0,""wins"":0}"
2024,113,Massachusetts,fbs,FBS Independents,,4.417887834308264,"{""games"":12,""losses"":10,""ties"":0,""wins"":2}","{""games"":1,""losses"":1,""ties"":0,""wins"":0}","{""games"":6,""losses"":4,""ties"":0,""wins"":2}","{""games"":6,""losses"":6,""ties"":0,""wins"":0}","{""games"":0,""losses"":0,""ties"":0,""wins"":0}","{""games"":12,""losses"":10,""ties"":0,""wins"":2}","{""games"":0,""losses"":0,""ties"":0,""wins"":0}"
2024,120,Maryland,fbs,Big Ten,,4.412495322525501,"{""games"":12,""losses"":8,""ties"":0,""wins"":4}","{""games"":9,""losses"":8,""ties"":0,""wins"":1}","{""games"":7,""losses"":4,""ties"":0,""wins"":3}","{""games"":5,""losses"":4,""ties"":0,""wins"":1}","{""games"":0,""losses"":0,""ties"":0,""wins"":0}","{""games"":12,""losses"":8,""ties"":0,""wins"":4}","{""games"":0,""losses"":0,""ties"":0,""wins"":0}"
2024,127,Michigan State,fbs,Big Ten,,4.149151556641734,"{""games"":12,""losses"":7,""ties"":0,""wins"":5}","{""games"":9,""losses"":6,""ties"":0,""wins"":3}","{""games"":7,""losses"":3,""ties"":0,""wins"":4}","{""games"":5,""losses"":4,""ties"":0,""wins"":1}","{""games"":0,""losses"":0,""ties"":0,""wins"":0}","{""games"":12,""losses"":7,""ties"":0,""wins"":5}","{""games"":0,""losses"":0,""ties"":0,""wins"":0}"
2024,130,Michigan,fbs,Big Ten,,7.964605027809739,"{""games"":13,""losses"":5,""ties"":0,""wins"":8}","{""games"":9,""losses"":4,""ties"":0,""wins"":5}","{""games"":8,""losses"":2,""ties"":0,""wins"":6}","{""games"":4,""losses"":3,""ties"":0,""wins"":1}","{""games"":1,""losses"":0,""ties"":0,""wins"":1}","{""games"":12,""losses"":5,""ties"":0,""wins"":7}","{""games"":1,""losses"":0,""ties"":0,""wins"":1}"
2024,135,Minnesota,fbs,Big Ten,,8.290673345327377,"{""games"":13,""losses"":5,""ties"":0,""wins"":8}","{""games"":9,""losses"":4,""ties"":0,""wins"":5}","{""games"":7,""losses"":3,""ties"":0,""wins"":4}","{""games"":5,""losses"":2,""ties"":0,""wins"":3}","{""games"":1,""losses"":0,""ties"":0,""wins"":1}","{""games"":12,""losses"":5,""ties"":0,""wins"":7}","{""games"":1,""losses"":0,""ties"":0,""wins"":1}"
2024,142,Missouri,fbs,SEC,,8.947216980159283,"{""games"":13,""losses"":3,""ties"":0,""wins"":10}","{""games"":8,""losses"":3,""ties"":0,""wins"":5}","{""games"":7,""losses"":0,""ties"":0,""wins"":7}","{""games"":5,""losses"":3,""ties"":0,""wins"":2}","{""games"":1,""losses"":0,""ties"":0,""wins"":1}","{""games"":12,""losses"":3,""ties"":0,""wins"":9}","{""games"":1,""losses"":0,""ties"":0,""wins"":1}"
2024,145,Ole Miss,fbs,SEC,,11.43888200826462,"{""games"":13,""losses"":3,""ties"":0,""wins"":10}","{""games"":8,""losses"":3,""ties"":0,""wins"":5}","{""games"":7,""losses"":1,""ties"":0,""wins"":6}","{""games"":5,""losses"":2,""ties"":0,""wins"":3}","{""games"":1,""losses"":0,""ties"":0,""wins"":1}","{""games"":12,""losses"":3,""ties"":0,""wins"":9}","{""games"":1,""losses"":0,""ties"":0,""wins"":1}"
2024,150,Duke,fbs,ACC,,7.256359661929309,"{""games"":13,""losses"":4,""ties"":0,""wins"":9}","{""games"":8,""losses"":3,""ties"":0,""wins"":5}","{""games"":6,""losses"":1,""ties"":0,""wins"":5}","{""games"":5,""losses"":2,""ties"":0,""wins"":3}","{""games"":2,""losses"":1,""ties"":0,""wins"":1}","{""games"":12,""losses"":3,""ties"":0,""wins"":9}","{""games"":1,""losses"":1,""ties"":0,""wins"":0}"
2024,151,East Carolina,fbs,American Athletic,,6.634487772360444,"{""games"":13,""losses"":5,""ties"":0,""wins"":8}","{""games"":8,""losses"":3,""ties"":0,""wins"":5}","{""games"":6,""losses"":2,""ties"":0,""wins"":4}","{""games"":6,""losses"":3,""ties"":0,""wins"":3}","{""games"":1,""losses"":0,""ties"":0,""wins"":1}","{""games"":12,""losses"":5,""ties"":0,""wins"":7}","{""games"":1,""losses"":0,""ties"":0,""wins"":1}"
2024,152,NC State,fbs,ACC,,6.8953747153282166,"{""games"":13,""losses"":7,""ties"":0,""wins"":6}","{""games"":8,""losses"":5,""ties"":0,""wins"":3}","{""games"":7,""losses"":3,""ties"":0,""wins"":4}","{""games"":4,""losses"":2,""ties"":0,""wins"":2}","{""games"":2,""losses"":2,""ties"":0,""wins"":0}","{""games"":12,""losses"":6,""ties"":0,""wins"":6}","{""games"":1,""losses"":1,""ties"":0,""wins"":0}"
2024,153,North Carolina,fbs,ACC,,5.220542845316231,"{""games"":13,""losses"":7,""ties"":0,""wins"":6}","{""games"":8,""losses"":5,""ties"":0,""wins"":3}","{""games"":7,""losses"":4,""ties"":0,""wins"":3}","{""games"":5,""losses"":2,""ties"":0,""wins"":3}","{""games"":1,""losses"":1,""ties"":0,""wins"":0}","{""games"":12,""losses"":6,""ties"":0,""wins"":6}","{""games"":1,""losses"":1,""ties"":0,""wins"":0}"
2024,154,Wake Forest,fbs,ACC,,5.349380614235997,"{""games"":12,""losses"":8,""ties"":0,""wins"":4}","{""games"":8,""losses"":6,""ties"":0,""wins"":2}","{""games"":7,""losses"":6,""ties"":0,""wins"":1}","{""games"":5,""losses"":2,""ties"":0,""wins"":3}","{""games"":0,""losses"":0,""ties"":0,""wins"":0}","{""games"":12,""losses"":8,""ties"":0,""wins"":4}","{""games"":0,""losses"":0,""ties"":0,""wins"":0}"
2024,158,Nebraska,fbs,Big Ten,,7.848394103633968,"{""games"":13,""losses"":6,""ties"":0,""wins"":7}","{""games"":9,""losses"":6,""ties"":0,""wins"":3}","{""games"":7,""losses"":2,""ties"":0,""wins"":5}","{""games"":5,""losses"":4,""ties"":0,""wins"":1}","{""games"":1,""losses"":0,""ties"":0,""wins"":1}","{""games"":12,""losses"":6,""ties"":0,""wins"":6}","{""games"":1,""losses"":0,""ties"":0,""wins"":1}"
2024,164,Rutgers,fbs,Big Ten,,7.0473920200020075,"{""games"":13,""losses"":6,""ties"":0,""wins"":7}","{""games"":9,""losses"":5,""ties"":0,""wins"":4}","{""games"":7,""losses"":3,""ties"":0,""wins"":4}","{""games"":5,""losses"":2,""ties"":0,""wins"":3}","{""games"":1,""losses"":1,""ties"":0,""wins"":0}","{""games"":12,""losses"":5,""ties"":0,""wins"":7}","{""games"":1,""losses"":1,""ties"":0,""wins"":0}"
2024,166,New Mexico State,fbs,Conference USA,,3.871014068421416,"{""games"":12,""losses"":9,""ties"":0,""wins"":3}","{""games"":8,""losses"":6,""ties"":0,""wins"":2}","{""games"":6,""losses"":4,""ties"":0,""wins"":2}","{""games"":5,""losses"":4,""ties"":0,""wins"":1}","{""games"":1,""losses"":1,""ties"":0,""wins"":0}","{""games"":12,""losses"":9,""ties"":0,""wins"":3}","{""games"":0,""losses"":0,""ties"":0,""wins"":0}"
2024,167,New Mexico,fbs,Mountain West,,4.3101569201430525,"{""games"":12,""losses"":7,""ties"":0,""wins"":5}","{""games"":7,""losses"":4,""ties"":0,""wins"":3}","{""games"":5,""losses"":3,""ties"":0,""wins"":2}","{""games"":7,""losses"":4,""ties"":0,""wins"":3}","{""games"":0,""losses"":0,""ties"":0,""wins"":0}","{""games"":12,""losses"":7,""ties"":0,""wins"":5}","{""games"":0,""losses"":0,""ties"":0,""wins"":0}"
2024,183,Syracuse,fbs,ACC,,7.352903638035059,"{""games"":13,""losses"":3,""ties"":0,""wins"":10}","{""games"":8,""losses"":3,""ties"":0,""wins"":5}","{""games"":7,""losses"":1,""ties"":0,""wins"":6}","{""games"":5,""losses"":2,""ties"":0,""wins"":3}","{""games"":1,""losses"":0,""ties"":0,""wins"":1}","{""games"":12,""losses"":3,""ties"":0,""wins"":9}","{""games"":1,""losses"":0,""ties"":0,""wins"":1}"
2024,189,Bowling Green,fbs,Mid-American,,7.552101721637882,"{""games"":13,""losses"":6,""ties"":0,""wins"":7}","{""games"":8,""losses"":2,""ties"":0,""wins"":6}","{""games"":6,""losses"":3,""ties"":0,""wins"":3}","{""games"":6,""losses"":2,""ties"":0,""wins"":4}","{""games"":1,""losses"":1,""ties"":0,""wins"":0}","{""games"":12,""losses"":5,""ties"":0,""wins"":7}","{""games"":1,""losses"":1,""ties"":0,""wins"":0}"
2024,193,Miami (OH),fbs,Mid-American,,8.064930882304907,"{""games"":14,""losses"":5,""ties"":0,""wins"":9}","{""games"":9,""losses"":2,""ties"":0,""wins"":7}","{""games"":6,""losses"":1,""ties"":0,""wins"":5}","{""games"":5,""losses"":2,""ties"":0,""wins"":3}","{""games"":3,""losses"":2,""ties"":0,""wins"":1}","{""games"":13,""losses"":5,""ties"":0,""wins"":8}","{""games"":1,""losses"":0,""ties"":0,""wins"":1}"
2024,194,Ohio State,fbs,Big Ten,,14.172939665419815,"{""games"":16,""losses"":2,""ties"":0,""wins"":14}","{""games"":9,""losses"":2,""ties"":0,""wins"":7}","{""games"":9,""losses"":1,""ties"":0,""wins"":8}","{""games"":3,""losses"":1,""ties"":0,""wins"":2}","{""games"":4,""losses"":0,""ties"":0,""wins"":4}","{""games"":12,""losses"":2,""ties"":0,""wins"":10}","{""games"":4,""losses"":0,""ties"":0,""wins"":4}"
2024,195,Ohio,fbs,Mid-American,,9.822430751094968,"{""games"":14,""losses"":3,""ties"":0,""wins"":11}","{""games"":9,""losses"":1,""ties"":0,""wins"":8}","{""games"":6,""losses"":0,""ties"":0,""wins"":6}","{""games"":6,""losses"":3,""ties"":0,""wins"":3}","{""games"":2,""losses"":0,""ties"":0,""wins"":2}","{""games"":13,""losses"":3,""ties"":0,""wins"":10}","{""games"":1,""losses"":0,""ties"":0,""wins"":1}"
2024,197,Oklahoma State,fbs,Big 12,,3.2401995623949915,"{""games"":12,""losses"":9,""ties"":0,""wins"":3}","{""games"":9,""losses"":9,""ties"":0,""wins"":0}","{""games"":6,""losses"":4,""ties"":0,""wins"":2}","{""games"":6,""losses"":5,""ties"":0,""wins"":1}","{""games"":0,""losses"":0,""ties"":0,""wins"":0}","{""games"":12,""losses"":9,""ties"":0,""wins"":3}","{""games"":0,""losses"":0,""ties"":0,""wins"":0}"
2024,201,Oklahoma,fbs,SEC,,5.72670878945213,"{""games"":13,""losses"":7,""ties"":0,""wins"":6}","{""games"":8,""losses"":6,""ties"":0,""wins"":2}","{""games"":7,""losses"":2,""ties"":0,""wins"":5}","{""games"":4,""losses"":3,""ties"":0,""wins"":1}","{""games"":2,""losses"":2,""ties"":0,""wins"":0}","{""games"":12,""losses"":6,""ties"":0,""wins"":6}","{""games"":1,""losses"":1,""ties"":0,""wins"":0}"
2024,202,Tulsa,fbs,American Athletic,,3.2859167519491166,"{""games"":12,""losses"":9,""ties"":0,""wins"":3}","{""games"":8,""losses"":7,""ties"":0,""wins"":1}","{""games"":6,""losses"":4,""ties"":0,""wins"":2}","{""games"":6,""losses"":5,""ties"":0,""wins"":1}","{""games"":0,""losses"":0,""ties"":0,""wins"":0}","{""games"":12,""losses"":9,""ties"":0,""wins"":3}","{""games"":0,""losses"":0,""ties"":0,""wins"":0}"
2024,204,Oregon State,fbs,Pac-12,,3.776073203422129,"{""games"":12,""losses"":7,""ties"":0,""wins"":5}","{""games"":1,""losses"":0,""ties"":0,""wins"":1}","{""games"":7,""losses"":3,""ties"":0,""wins"":4}","{""games"":5,""losses"":4,""ties"":0,""wins"":1}","{""games"":0,""losses"":0,""ties"":0,""wins"":0}","{""games"":12,""losses"":7,""ties"":0,""wins"":5}","{""games"":0,""losses"":0,""ties"":0,""wins"":0}"
2024,213,Penn State,fbs,Big Ten,,12.301644235464792,"{""games"":16,""losses"":3,""ties"":0,""wins"":13}","{""games"":10,""losses"":2,""ties"":0,""wins"":8}","{""games"":8,""losses"":1,""ties"":0,""wins"":7}","{""games"":5,""losses"":0,""ties"":0,""wins"":5}","{""games"":3,""losses"":2,""ties"":0,""wins"":1}","{""games"":13,""losses"":2,""ties"":0,""wins"":11}","{""games"":3,""losses"":1,""ties"":0,""wins"":2}"
2024,218,Temple,fbs,American Athletic,,3.0022718152031302,"{""games"":12,""losses"":9,""ties"":0,""wins"":3}","{""games"":8,""losses"":6,""ties"":0,""wins"":2}","{""games"":6,""losses"":3,""ties"":0,""wins"":3}","{""games"":6,""losses"":6,""ties"":0,""wins"":0}","{""games"":0,""losses"":0,""ties"":0,""wins"":0}","{""games"":12,""losses"":9,""ties"":0,""wins"":3}","{""games"":0,""losses"":0,""ties"":0,""wins"":0}"
2024,221,Pittsburgh,fbs,ACC,,6.794970281422138,"{""games"":13,""losses"":6,""ties"":0,""wins"":7}","{""games"":8,""losses"":5,""ties"":0,""wins"":3}","{""games"":7,""losses"":2,""ties"":0,""wins"":5}","{""games"":5,""losses"":3,""ties"":0,""wins"":2}","{""games"":1,""losses"":1,""ties"":0,""wins"":0}","{""games"":12,""losses"":5,""ties"":0,""wins"":7}","{""games"":1,""losses"":1,""ties"":0,""wins"":0}"
2024,228,Clemson,fbs,ACC,,9.254428384825587,"{""games"":14,""losses"":4,""ties"":0,""wins"":10}","{""games"":9,""losses"":1,""ties"":0,""wins"":8}","{""games"":7,""losses"":2,""ties"":0,""wins"":5}","{""games"":5,""losses"":1,""ties"":0,""wins"":4}","{""games"":2,""losses"":1,""ties"":0,""wins"":1}","{""games"":13,""losses"":3,""ties"":0,""wins"":10}","{""games"":1,""losses"":1,""ties"":0,""wins"":0}"
2024,235,Memphis,fbs,American Athletic,,9.715519160032272,"{""games"":13,""losses"":2,""ties"":0,""wins"":11}","{""games"":8,""losses"":2,""ties"":0,""wins"":6}","{""games"":7,""losses"":0,""ties"":0,""wins"":7}","{""games"":4,""losses"":2,""ties"":0,""wins"":2}","{""games"":2,""losses"":0,""ties"":0,""wins"":2}","{""games"":12,""losses"":2,""ties"":0,""wins"":10}","{""games"":1,""losses"":0,""ties"":0,""wins"":1}"
2024,238,Vanderbilt,fbs,SEC,,7.502351177110983,"{""games"":13,""losses"":6,""ties"":0,""wins"":7}","{""games"":8,""losses"":5,""ties"":0,""wins"":3}","{""games"":7,""losses"":3,""ties"":0,""wins"":4}","{""games"":5,""losses"":3,""ties"":0,""wins"":2}","{""games"":1,""losses"":0,""ties"":0,""wins"":1}","{""games"":12,""losses"":6,""ties"":0,""wins"":6}","{""games"":1,""losses"":0,""ties"":0,""wins"":1}"
2024,239,Baylor,fbs,Big 12,,8.213094410784587,"{""games"":13,""losses"":5,""ties"":0,""wins"":8}","{""games"":9,""losses"":3,""ties"":0,""wins"":6}","{""games"":6,""losses"":1,""ties"":0,""wins"":5}","{""games"":6,""losses"":3,""ties"":0,""wins"":3}","{""games"":1,""losses"":1,""ties"":0,""wins"":0}","{""games"":12,""losses"":4,""ties"":0,""wins"":8}","{""games"":1,""losses"":1,""ties"":0,""wins"":0}"
2024,242,Rice,fbs,American Athletic,,5.049034061798399,"{""games"":12,""losses"":8,""ties"":0,""wins"":4}","{""games"":8,""losses"":5,""ties"":0,""wins"":3}","{""games"":6,""losses"":2,""ties"":0,""wins"":4}","{""games"":6,""losses"":6,""ties"":0,""wins"":0}","{""games"":0,""losses"":0,""ties"":0,""wins"":0}","{""games"":12,""losses"":8,""ties"":0,""wins"":4}","{""games"":0,""losses"":0,""ties"":0,""wins"":0}"
2024,245,Texas A&M,fbs,SEC,,8.394954452299363,"{""games"":13,""losses"":5,""ties"":0,""wins"":8}","{""games"":8,""losses"":3,""ties"":0,""wins"":5}","{""games"":7,""losses"":2,""ties"":0,""wins"":5}","{""games"":4,""losses"":2,""ties"":0,""wins"":2}","{""games"":2,""losses"":1,""ties"":0,""wins"":1}","{""games"":12,""losses"":4,""ties"":0,""wins"":8}","{""games"":1,""losses"":1,""ties"":0,""wins"":0}"
2024,248,Houston,fbs,Big 12,,4.5552050322294235,"{""games"":12,""losses"":8,""ties"":0,""wins"":4}","{""games"":9,""losses"":6,""ties"":0,""wins"":3}","{""games"":6,""losses"":3,""ties"":0,""wins"":3}","{""games"":5,""losses"":4,""ties"":0,""wins"":1}","{""games"":1,""losses"":1,""ties"":0,""wins"":0}","{""games"":12,""losses"":8,""ties"":0,""wins"":4}","{""games"":0,""losses"":0,""ties"":0,""wins"":0}"
2024,249,North Texas,fbs,American Athletic,,4.62466549500823,"{""games"":13,""losses"":7,""ties"":0,""wins"":6}","{""games"":8,""losses"":5,""ties"":0,""wins"":3}","{""games"":6,""losses"":3,""ties"":0,""wins"":3}","{""games"":6,""losses"":3,""ties"":0,""wins"":3}","{""games"":1,""losses"":1,""ties"":0,""wins"":0}","{""games"":12,""losses"":6,""ties"":0,""wins"":6}","{""games"":1,""losses"":1,""ties"":0,""wins"":0}"
2024,251,Texas,fbs,SEC,,12.942104959860444,"{""games"":16,""losses"":3,""ties"":0,""wins"":13}","{""games"":9,""losses"":2,""ties"":0,""wins"":7}","{""games"":8,""losses"":1,""ties"":0,""wins"":7}","{""games"":4,""losses"":0,""ties"":0,""wins"":4}","{""games"":4,""losses"":2,""ties"":0,""wins"":2}","{""games"":13,""losses"":2,""ties"":0,""wins"":11}","{""games"":3,""losses"":1,""ties"":0,""wins"":2}"
2024,252,BYU,fbs,Big 12,,9.397912252694368,"{""games"":13,""losses"":2,""ties"":0,""wins"":11}","{""games"":9,""losses"":2,""ties"":0,""wins"":7}","{""games"":6,""losses"":1,""ties"":0,""wins"":5}","{""games"":6,""losses"":1,""ties"":0,""wins"":5}","{""games"":1,""losses"":0,""ties"":0,""wins"":1}","{""games"":12,""losses"":2,""ties"":0,""wins"":10}","{""games"":1,""losses"":0,""ties"":0,""wins"":1}"
2024,254,Utah,fbs,Big 12,,6.99052819237113,"{""games"":12,""losses"":7,""ties"":0,""wins"":5}","{""games"":9,""losses"":7,""ties"":0,""wins"":2}","{""games"":6,""losses"":4,""ties"":0,""wins"":2}","{""games"":6,""losses"":3,""ties"":0,""wins"":3}","{""games"":0,""losses"":0,""ties"":0,""wins"":0}","{""games"":12,""losses"":7,""ties"":0,""wins"":5}","{""games"":0,""losses"":0,""ties"":0,""wins"":0}"
2024,256,James Madison,fbs,Sun Belt,East,9.897529387077855,"{""games"":13,""losses"":4,""ties"":0,""wins"":9}","{""games"":8,""losses"":4,""ties"":0,""wins"":4}","{""games"":6,""losses"":1,""ties"":0,""wins"":5}","{""games"":6,""losses"":3,""ties"":0,""wins"":3}","{""games"":1,""losses"":0,""ties"":0,""wins"":1}","{""games"":12,""losses"":4,""ties"":0,""wins"":8}","{""games"":1,""losses"":0,""ties"":0,""wins"":1}"
2024,258,Virginia,fbs,ACC,,4.061917222570628,"{""games"":12,""losses"":7,""ties"":0,""wins"":5}","{""games"":8,""losses"":5,""ties"":0,""wins"":3}","{""games"":6,""losses"":4,""ties"":0,""wins"":2}","{""games"":6,""losses"":3,""ties"":0,""wins"":3}","{""games"":0,""losses"":0,""ties"":0,""wins"":0}","{""games"":12,""losses"":7,""ties"":0,""wins"":5}","{""games"":0,""losses"":0,""ties"":0,""wins"":0}"
2024,259,Virginia Tech,fbs,ACC,,7.241540754213929,"{""games"":13,""losses"":7,""ties"":0,""wins"":6}","{""games"":8,""losses"":4,""ties"":0,""wins"":4}","{""games"":6,""losses"":2,""ties"":0,""wins"":4}","{""games"":6,""losses"":4,""ties"":0,""wins"":2}","{""games"":1,""losses"":1,""ties"":0,""wins"":0}","{""games"":12,""losses"":6,""ties"":0,""wins"":6}","{""games"":1,""losses"":1,""ties"":0,""wins"":0}"
2024,264,Washington,fbs,Big Ten,,7.454566448926926,"{""games"":13,""losses"":7,""ties"":0,""wins"":6}","{""games"":9,""losses"":5,""ties"":0,""wins"":4}","{""games"":6,""losses"":0,""ties"":0,""wins"":6}","{""games"":5,""losses"":5,""ties"":0,""wins"":0}","{""games"":2,""losses"":2,""ties"":0,""wins"":0}","{""games"":12,""losses"":6,""ties"":0,""wins"":6}","{""games"":1,""losses"":1,""ties"":0,""wins"":0}"
2024,265,Washington State,fbs,Pac-12,,8.145275780668193,"{""games"":13,""losses"":5,""ties"":0,""wins"":8}","{""games"":1,""losses"":1,""ties"":0,""wins"":0}","{""games"":6,""losses"":1,""ties"":0,""wins"":5}","{""games"":5,""losses"":3,""ties"":0,""wins"":2}","{""games"":2,""losses"":1,""ties"":0,""wins"":1}","{""games"":12,""losses"":4,""ties"":0,""wins"":8}","{""games"":1,""losses"":1,""ties"":0,""wins"":0}"
2024,275,Wisconsin,fbs,Big Ten,,5.12841003138283,"{""games"":12,""losses"":7,""ties"":0,""wins"":5}","{""games"":9,""losses"":6,""ties"":0,""wins"":3}","{""games"":7,""losses"":4,""ties"":0,""wins"":3}","{""games"":4,""losses"":3,""ties"":0,""wins"":1}","{""games"":1,""losses"":0,""ties"":0,""wins"":1}","{""games"":12,""losses"":7,""ties"":0,""wins"":5}","{""games"":0,""losses"":0,""ties"":0,""wins"":0}"
2024,276,Marshall,fbs,Sun Belt,East,8.655294712664693,"{""games"":13,""losses"":3,""ties"":0,""wins"":10}","{""games"":9,""losses"":1,""ties"":0,""wins"":8}","{""games"":6,""losses"":0,""ties"":0,""wins"":6}","{""games"":7,""losses"":3,""ties"":0,""wins"":4}","{""games"":0,""losses"":0,""ties"":0,""wins"":0}","{""games"":13,""losses"":3,""ties"":0,""wins"":10}","{""games"":0,""losses"":0,""ties"":0,""wins"":0}"
2024,277,West Virginia,fbs,Big 12,,4.936397101962939,"{""games"":13,""losses"":7,""ties"":0,""wins"":6}","{""games"":9,""losses"":4,""ties"":0,""wins"":5}","{""games"":7,""losses"":4,""ties"":0,""wins"":3}","{""games"":5,""losses"":2,""ties"":0,""wins"":3}","{""games"":1,""losses"":1,""ties"":0,""wins"":0}","{""games"":12,""losses"":6,""ties"":0,""wins"":6}","{""games"":1,""losses"":1,""ties"":0,""wins"":0}"
2024,278,Fresno State,fbs,Mountain West,,8.007632353454072,"{""games"":13,""losses"":7,""ties"":0,""wins"":6}","{""games"":7,""losses"":3,""ties"":0,""wins"":4}","{""games"":6,""losses"":2,""ties"":0,""wins"":4}","{""games"":6,""losses"":4,""ties"":0,""wins"":2}","{""games"":1,""losses"":1,""ties"":0,""wins"":0}","{""games"":12,""losses"":6,""ties"":0,""wins"":6}","{""games"":1,""losses"":1,""ties"":0,""wins"":0}"
2024,290,Georgia Southern,fbs,Sun Belt,East,5.70797098622812,"{""games"":13,""losses"":5,""ties"":0,""wins"":8}","{""games"":8,""losses"":2,""ties"":0,""wins"":6}","{""games"":6,""losses"":2,""ties"":0,""wins"":4}","{""games"":6,""losses"":2,""ties"":0,""wins"":4}","{""games"":1,""losses"":1,""ties"":0,""wins"":0}","{""games"":12,""losses"":4,""ties"":0,""wins"":8}","{""games"":1,""losses"":1,""ties"":0,""wins"":0}"
2024,295,Old Dominion,fbs,Sun Belt,East,6.40411421084028,"{""games"":12,""losses"":7,""ties"":0,""wins"":5}","{""games"":8,""losses"":4,""ties"":0,""wins"":4}","{""games"":6,""losses"":4,""ties"":0,""wins"":2}","{""games"":6,""losses"":3,""ties"":0,""wins"":3}","{""games"":0,""losses"":0,""ties"":0,""wins"":0}","{""games"":12,""losses"":7,""ties"":0,""wins"":5}","{""games"":0,""losses"":0,""ties"":0,""wins"":0}"
2024,309,Louisiana,fbs,Sun Belt,West,9.649802094570566,"{""games"":14,""losses"":4,""ties"":0,""wins"":10}","{""games"":9,""losses"":2,""ties"":0,""wins"":7}","{""games"":7,""losses"":3,""ties"":0,""wins"":4}","{""games"":6,""losses"":0,""ties"":0,""wins"":6}","{""games"":1,""losses"":1,""ties"":0,""wins"":0}","{""games"":13,""losses"":3,""ties"":0,""wins"":10}","{""games"":1,""losses"":1,""ties"":0,""wins"":0}"
2024,324,Coastal Carolina,fbs,Sun Belt,East,6.081198292828707,"{""games"":13,""losses"":7,""ties"":0,""wins"":6}","{""games"":8,""losses"":5,""ties"":0,""wins"":3}","{""games"":6,""losses"":3,""ties"":0,""wins"":3}","{""games"":7,""losses"":4,""ties"":0,""wins"":3}","{""games"":0,""losses"":0,""ties"":0,""wins"":0}","{""games"":12,""losses"":6,""ties"":0,""wins"":6}","{""games"":1,""losses"":1,""ties"":0,""wins"":0}"
2024,326,Texas State,fbs,Sun Belt,West,9.092346658461107,"{""games"":13,""losses"":5,""ties"":0,""wins"":8}","{""games"":8,""losses"":3,""ties"":0,""wins"":5}","{""games"":7,""losses"":3,""ties"":0,""wins"":4}","{""games"":4,""losses"":1,""ties"":0,""wins"":3}","{""games"":2,""losses"":1,""ties"":0,""wins"":1}","{""games"":12,""losses"":5,""ties"":0,""wins"":7}","{""games"":1,""losses"":0,""ties"":0,""wins"":1}"
2024,328,Utah State,fbs,Mountain West,,4.967740481222799,"{""games"":12,""losses"":8,""ties"":0,""wins"":4}","{""games"":7,""losses"":4,""ties"":0,""wins"":3}","{""games"":6,""losses"":3,""ties"":0,""wins"":3}","{""games"":6,""losses"":5,""ties"":0,""wins"":1}","{""games"":0,""losses"":0,""ties"":0,""wins"":0}","{""games"":12,""losses"":8,""ties"":0,""wins"":4}","{""games"":0,""losses"":0,""ties"":0,""wins"":0}"
2024,333,Alabama,fbs,SEC,,8.6282027144581,"{""games"":13,""losses"":4,""ties"":0,""wins"":9}","{""games"":8,""losses"":3,""ties"":0,""wins"":5}","{""games"":7,""losses"":0,""ties"":0,""wins"":7}","{""games"":5,""losses"":3,""ties"":0,""wins"":2}","{""games"":1,""losses"":1,""ties"":0,""wins"":0}","{""games"":12,""losses"":3,""ties"":0,""wins"":9}","{""games"":1,""losses"":1,""ties"":0,""wins"":0}"
2024,338,Kennesaw State,fbs,Conference USA,,2.4043466125599022,"{""games"":12,""losses"":10,""ties"":0,""wins"":2}","{""games"":8,""losses"":6,""ties"":0,""wins"":2}","{""games"":6,""losses"":4,""ties"":0,""wins"":2}","{""games"":6,""losses"":6,""ties"":0,""wins"":0}","{""games"":0,""losses"":0,""ties"":0,""wins"":0}","{""games"":12,""losses"":10,""ties"":0,""wins"":2}","{""games"":0,""losses"":0,""ties"":0,""wins"":0}"
2024,344,Mississippi State,fbs,SEC,,2.552944769151509,"{""games"":12,""losses"":10,""ties"":0,""wins"":2}","{""games"":8,""losses"":8,""ties"":0,""wins"":0}","{""games"":7,""losses"":5,""ties"":0,""wins"":2}","{""games"":5,""losses"":5,""ties"":0,""wins"":0}","{""games"":0,""losses"":0,""ties"":0,""wins"":0}","{""games"":12,""losses"":10,""ties"":0,""wins"":2}","{""games"":0,""losses"":0,""ties"":0,""wins"":0}"
2024,349,Army,fbs,American Athletic,,11.691815326033588,"{""games"":14,""losses"":2,""ties"":0,""wins"":12}","{""games"":10,""losses"":1,""ties"":0,""wins"":9}","{""games"":7,""losses"":0,""ties"":0,""wins"":7}","{""games"":4,""losses"":0,""ties"":0,""wins"":4}","{""games"":3,""losses"":2,""ties"":0,""wins"":1}","{""games"":13,""losses"":2,""ties"":0,""wins"":11}","{""games"":1,""losses"":0,""ties"":0,""wins"":1}"
2024,356,Illinois,fbs,Big Ten,,7.838561903685331,"{""games"":13,""losses"":3,""ties"":0,""wins"":10}","{""games"":9,""losses"":3,""ties"":0,""wins"":6}","{""games"":7,""losses"":1,""ties"":0,""wins"":6}","{""games"":4,""losses"":2,""ties"":0,""wins"":2}","{""games"":2,""losses"":0,""ties"":0,""wins"":2}","{""games"":12,""losses"":3,""ties"":0,""wins"":9}","{""games"":1,""losses"":0,""ties"":0,""wins"":1}"
2024,2005,Air Force,fbs,Mountain West,,5.515312649309635,"{""games"":12,""losses"":7,""ties"":0,""wins"":5}","{""games"":7,""losses"":4,""ties"":0,""wins"":3}","{""games"":6,""losses"":3,""ties"":0,""wins"":3}","{""games"":6,""losses"":4,""ties"":0,""wins"":2}","{""games"":0,""losses"":0,""ties"":0,""wins"":0}","{""games"":12,""losses"":7,""ties"":0,""wins"":5}","{""games"":0,""losses"":0,""ties"":0,""wins"":0}"
2024,2006,Akron,fbs,Mid-American,,3.35944152623415,"{""games"":12,""losses"":8,""ties"":0,""wins"":4}","{""games"":8,""losses"":5,""ties"":0,""wins"":3}","{""games"":5,""losses"":2,""ties"":0,""wins"":3}","{""games"":7,""losses"":6,""ties"":0,""wins"":1}","{""games"":0,""losses"":0,""ties"":0,""wins"":0}","{""games"":12,""losses"":8,""ties"":0,""wins"":4}","{""games"":0,""losses"":0,""ties"":0,""wins"":0}"
2024,2026,App State,fbs,Sun Belt,East,4.989543127827346,"{""games"":11,""losses"":6,""ties"":0,""wins"":5}","{""games"":8,""losses"":5,""ties"":0,""wins"":3}","{""games"":5,""losses"":1,""ties"":0,""wins"":4}","{""games"":6,""losses"":5,""ties"":0,""wins"":1}","{""games"":0,""losses"":0,""ties"":0,""wins"":0}","{""games"":11,""losses"":6,""ties"":0,""wins"":5}","{""games"":0,""losses"":0,""ties"":0,""wins"":0}"
2024,2032,Arkansas State,fbs,Sun Belt,West,5.083125099539757,"{""games"":13,""losses"":5,""ties"":0,""wins"":8}","{""games"":8,""losses"":3,""ties"":0,""wins"":5}","{""games"":6,""losses"":1,""ties"":0,""wins"":5}","{""games"":6,""losses"":4,""ties"":0,""wins"":2}","{""games"":1,""losses"":0,""ties"":0,""wins"":1}","{""games"":12,""losses"":5,""ties"":0,""wins"":7}","{""games"":1,""losses"":0,""ties"":0,""wins"":1}"
2024,2050,Ball State,fbs,Mid-American,,3.6609252837591946,"{""games"":12,""losses"":9,""ties"":0,""wins"":3}","{""games"":8,""losses"":6,""ties"":0,""wins"":2}","{""games"":5,""losses"":3,""ties"":0,""wins"":2}","{""games"":7,""losses"":6,""ties"":0,""wins"":1}","{""games"":0,""losses"":0,""ties"":0,""wins"":0}","{""games"":12,""losses"":9,""ties"":0,""wins"":3}","{""games"":0,""losses"":0,""ties"":0,""wins"":0}"
2024,2084,Buffalo,fbs,Mid-American,,8.327966379525545,"{""games"":13,""losses"":4,""ties"":0,""wins"":9}","{""games"":8,""losses"":2,""ties"":0,""wins"":6}","{""games"":6,""losses"":1,""ties"":0,""wins"":5}","{""games"":6,""losses"":3,""ties"":0,""wins"":3}","{""games"":1,""losses"":0,""ties"":0,""wins"":1}","{""games"":12,""losses"":4,""ties"":0,""wins"":8}","{""games"":1,""losses"":0,""ties"":0,""wins"":1}"
2024,2116,UCF,fbs,Big 12,,6.834607760926653,"{""games"":12,""losses"":8,""ties"":0,""wins"":4}","{""games"":9,""losses"":7,""ties"":0,""wins"":2}","{""games"":7,""losses"":4,""ties"":0,""wins"":3}","{""games"":5,""losses"":4,""ties"":0,""wins"":1}","{""games"":0,""losses"":0,""ties"":0,""wins"":0}","{""games"":12,""losses"":8,""ties"":0,""wins"":4}","{""games"":0,""losses"":0,""ties"":0,""wins"":0}"
2024,2117,Central Michigan,fbs,Mid-American,,3.694735527038574,"{""games"":12,""losses"":8,""ties"":0,""wins"":4}","{""games"":8,""losses"":6,""ties"":0,""wins"":2}","{""games"":6,""losses"":2,""ties"":0,""wins"":4}","{""games"":5,""losses"":5,""ties"":0,""wins"":0}","{""games"":1,""losses"":1,""ties"":0,""wins"":0}","{""games"":12,""losses"":8,""ties"":0,""wins"":4}","{""games"":0,""losses"":0,""ties"":0,""wins"":0}"
2024,2132,Cincinnati,fbs,Big 12,,5.865295648574829,"{""games"":12,""losses"":7,""ties"":0,""wins"":5}","{""games"":9,""losses"":6,""ties"":0,""wins"":3}","{""games"":6,""losses"":3,""ties"":0,""wins"":3}","{""games"":6,""losses"":4,""ties"":0,""wins"":2}","{""games"":0,""losses"":0,""ties"":0,""wins"":0}","{""games"":12,""losses"":7,""ties"":0,""wins"":5}","{""games"":0,""losses"":0,""ties"":0,""wins"":0}"
2024,2199,Eastern Michigan,fbs,Mid-American,,5.258349078120144,"{""games"":12,""losses"":7,""ties"":0,""wins"":5}","{""games"":8,""losses"":6,""ties"":0,""wins"":2}","{""games"":6,""losses"":3,""ties"":0,""wins"":3}","{""games"":6,""losses"":4,""ties"":0,""wins"":2}","{""games"":0,""losses"":0,""ties"":0,""wins"":0}","{""games"":12,""losses"":7,""ties"":0,""wins"":5}","{""games"":0,""losses"":0,""ties"":0,""wins"":0}"
2024,2226,Florida Atlantic,fbs,American Athletic,,5.310199029976502,"{""games"":12,""losses"":9,""ties"":0,""wins"":3}","{""games"":8,""losses"":7,""ties"":0,""wins"":1}","{""games"":6,""losses"":4,""ties"":0,""wins"":2}","{""games"":6,""losses"":5,""ties"":0,""wins"":1}","{""games"":0,""losses"":0,""ties"":0,""wins"":0}","{""games"":12,""losses"":9,""ties"":0,""wins"":3}","{""games"":0,""losses"":0,""ties"":0,""wins"":0}"
2024,2229,Florida International,fbs,Conference USA,,5.536593973636627,"{""games"":12,""losses"":8,""ties"":0,""wins"":4}","{""games"":8,""losses"":5,""ties"":0,""wins"":3}","{""games"":0,""losses"":0,""ties"":0,""wins"":0}","{""games"":6,""losses"":6,""ties"":0,""wins"":0}","{""games"":6,""losses"":2,""ties"":0,""wins"":4}","{""games"":12,""losses"":8,""ties"":0,""wins"":4}","{""games"":0,""losses"":0,""ties"":0,""wins"":0}"
2024,2247,Georgia State,fbs,Sun Belt,East,2.233521733665839,"{""games"":12,""losses"":9,""ties"":0,""wins"":3}","{""games"":8,""losses"":7,""ties"":0,""wins"":1}","{""games"":6,""losses"":4,""ties"":0,""wins"":2}","{""games"":6,""losses"":5,""ties"":0,""wins"":1}","{""games"":0,""losses"":0,""ties"":0,""wins"":0}","{""games"":12,""losses"":9,""ties"":0,""wins"":3}","{""games"":0,""losses"":0,""ties"":0,""wins"":0}"
2024,2294,Iowa,fbs,Big Ten,,8.374762710485053,"{""games"":13,""losses"":5,""ties"":0,""wins"":8}","{""games"":9,""losses"":3,""ties"":0,""wins"":6}","{""games"":7,""losses"":1,""ties"":0,""wins"":6}","{""games"":5,""losses"":3,""ties"":0,""wins"":2}","{""games"":1,""losses"":1,""ties"":0,""wins"":0}","{""games"":12,""losses"":4,""ties"":0,""wins"":8}","{""games"":1,""losses"":1,""ties"":0,""wins"":0}"
2024,2305,Kansas,fbs,Big 12,,6.101789146661758,"{""games"":12,""losses"":7,""ties"":0,""wins"":5}","{""games"":9,""losses"":5,""ties"":0,""wins"":4}","{""games"":0,""losses"":0,""ties"":0,""wins"":0}","{""games"":6,""losses"":5,""ties"":0,""wins"":1}","{""games"":6,""losses"":2,""ties"":0,""wins"":4}","{""games"":12,""losses"":7,""ties"":0,""wins"":5}","{""games"":0,""losses"":0,""ties"":0,""wins"":0}"
2024,2306,Kansas State,fbs,Big 12,,8.16256396076642,"{""games"":13,""losses"":4,""ties"":0,""wins"":9}","{""games"":9,""losses"":4,""ties"":0,""wins"":5}","{""games"":6,""losses"":1,""ties"":0,""wins"":5}","{""games"":6,""losses"":3,""ties"":0,""wins"":3}","{""games"":1,""losses"":0,""ties"":0,""wins"":1}","{""games"":12,""losses"":4,""ties"":0,""wins"":8}","{""games"":1,""losses"":0,""ties"":0,""wins"":1}"
2024,2309,Kent State,fbs,Mid-American,,0.44694331125356257,"{""games"":12,""losses"":12,""ties"":0,""wins"":0}","{""games"":8,""losses"":8,""ties"":0,""wins"":0}","{""games"":5,""losses"":5,""ties"":0,""wins"":0}","{""games"":7,""losses"":7,""ties"":0,""wins"":0}","{""games"":0,""losses"":0,""ties"":0,""wins"":0}","{""games"":12,""losses"":12,""ties"":0,""wins"":0}","{""games"":0,""losses"":0,""ties"":0,""wins"":0}"
2024,2335,Liberty,fbs,Conference USA,,7.642157808877528,"{""games"":12,""losses"":4,""ties"":0,""wins"":8}","{""games"":8,""losses"":3,""ties"":0,""wins"":5}","{""games"":6,""losses"":1,""ties"":0,""wins"":5}","{""games"":5,""losses"":2,""ties"":0,""wins"":3}","{""games"":1,""losses"":1,""ties"":0,""wins"":0}","{""games"":11,""losses"":3,""ties"":0,""wins"":8}","{""games"":1,""losses"":1,""ties"":0,""wins"":0}"
2024,2348,Louisiana Tech,fbs,Conference USA,,6.346882462501526,"{""games"":13,""losses"":8,""ties"":0,""wins"":5}","{""games"":8,""losses"":4,""ties"":0,""wins"":4}","{""games"":6,""losses"":2,""ties"":0,""wins"":4}","{""games"":5,""losses"":4,""ties"":0,""wins"":1}","{""games"":2,""losses"":2,""ties"":0,""wins"":0}","{""games"":12,""losses"":7,""ties"":0,""wins"":5}","{""games"":1,""losses"":1,""ties"":0,""wins"":0}"
2024,2390,Miami,fbs,ACC,,9.473743446171284,"{""games"":13,""losses"":3,""ties"":0,""wins"":10}","{""games"":8,""losses"":2,""ties"":0,""wins"":6}","{""games"":6,""losses"":0,""ties"":0,""wins"":6}","{""games"":6,""losses"":2,""ties"":0,""wins"":4}","{""games"":1,""losses"":1,""ties"":0,""wins"":0}","{""games"":12,""losses"":2,""ties"":0,""wins"":10}","{""games"":1,""losses"":1,""ties"":0,""wins"":0}"
2024,2393,Middle Tennessee,fbs,Conference USA,,2.161709596402943,"{""games"":12,""losses"":9,""ties"":0,""wins"":3}","{""games"":8,""losses"":6,""ties"":0,""wins"":2}","{""games"":6,""losses"":4,""ties"":0,""wins"":2}","{""games"":5,""losses"":4,""ties"":0,""wins"":1}","{""games"":1,""losses"":1,""ties"":0,""wins"":0}","{""games"":12,""losses"":9,""ties"":0,""wins"":3}","{""games"":0,""losses"":0,""ties"":0,""wins"":0}"
2024,2426,Navy,fbs,American Athletic,,9.825781608000398,"{""games"":13,""losses"":3,""ties"":0,""wins"":10}","{""games"":9,""losses"":2,""ties"":0,""wins"":7}","{""games"":5,""losses"":1,""ties"":0,""wins"":4}","{""games"":5,""losses"":1,""ties"":0,""wins"":4}","{""games"":3,""losses"":1,""ties"":0,""wins"":2}","{""games"":12,""losses"":3,""ties"":0,""wins"":9}","{""games"":1,""losses"":0,""ties"":0,""wins"":1}"
2024,2429,Charlotte,fbs,American Athletic,,2.9296482019126415,"{""games"":12,""losses"":7,""ties"":0,""wins"":5}","{""games"":8,""losses"":4,""ties"":0,""wins"":4}","{""games"":6,""losses"":3,""ties"":0,""wins"":3}","{""games"":6,""losses"":4,""ties"":0,""wins"":2}","{""games"":0,""losses"":0,""ties"":0,""wins"":0}","{""games"":12,""losses"":7,""ties"":0,""wins"":5}","{""games"":0,""losses"":0,""ties"":0,""wins"":0}"
2024,2433,UL Monroe,fbs,Sun Belt,West,4.702703420063435,"{""games"":12,""losses"":7,""ties"":0,""wins"":5}","{""games"":8,""losses"":5,""ties"":0,""wins"":3}","{""games"":6,""losses"":2,""ties"":0,""wins"":4}","{""games"":6,""losses"":5,""ties"":0,""wins"":1}","{""games"":0,""losses"":0,""ties"":0,""wins"":0}","{""games"":12,""losses"":7,""ties"":0,""wins"":5}","{""games"":0,""losses"":0,""ties"":0,""wins"":0}"
2024,2439,UNLV,fbs,Mountain West,,11.985877107419771,"{""games"":14,""losses"":3,""ties"":0,""wins"":11}","{""games"":8,""losses"":2,""ties"":0,""wins"":6}","{""games"":6,""losses"":2,""ties"":0,""wins"":4}","{""games"":6,""losses"":1,""ties"":0,""wins"":5}","{""games"":2,""losses"":0,""ties"":0,""wins"":2}","{""games"":13,""losses"":3,""ties"":0,""wins"":10}","{""games"":1,""losses"":0,""ties"":0,""wins"":1}"
2024,2440,Nevada,fbs,Mountain West,,4.853767525404692,"{""games"":13,""losses"":10,""ties"":0,""wins"":3}","{""games"":7,""losses"":7,""ties"":0,""wins"":0}","{""games"":7,""losses"":5,""ties"":0,""wins"":2}","{""games"":6,""losses"":5,""ties"":0,""wins"":1}","{""games"":0,""losses"":0,""ties"":0,""wins"":0}","{""games"":13,""losses"":10,""ties"":0,""wins"":3}","{""games"":0,""losses"":0,""ties"":0,""wins"":0}"
2024,2459,Northern Illinois,fbs,Mid-American,,9.581169687211514,"{""games"":13,""losses"":5,""ties"":0,""wins"":8}","{""games"":8,""losses"":4,""ties"":0,""wins"":4}","{""games"":6,""losses"":2,""ties"":0,""wins"":4}","{""games"":6,""losses"":3,""ties"":0,""wins"":3}","{""games"":1,""losses"":0,""ties"":0,""wins"":1}","{""games"":12,""losses"":5,""ties"":0,""wins"":7}","{""games"":1,""losses"":0,""ties"":0,""wins"":1}"
2024,2483,Oregon,fbs,Big Ten,,11.57556093391031,"{""games"":14,""losses"":1,""ties"":0,""wins"":13}","{""games"":10,""losses"":0,""ties"":0,""wins"":10}","{""games"":7,""losses"":0,""ties"":0,""wins"":7}","{""games"":5,""losses"":0,""ties"":0,""wins"":5}","{""games"":2,""losses"":1,""ties"":0,""wins"":1}","{""games"":13,""losses"":0,""ties"":0,""wins"":13}","{""games"":1,""losses"":1,""ties"":0,""wins"":0}"
2024,2509,Purdue,fbs,Big Ten,,1.8117699126294597,"{""games"":12,""losses"":11,""ties"":0,""wins"":1}","{""games"":9,""losses"":9,""ties"":0,""wins"":0}","{""games"":6,""losses"":5,""ties"":0,""wins"":1}","{""games"":6,""losses"":6,""ties"":0,""wins"":0}","{""games"":0,""losses"":0,""ties"":0,""wins"":0}","{""games"":12,""losses"":11,""ties"":0,""wins"":1}","{""games"":0,""losses"":0,""ties"":0,""wins"":0}"
2024,2534,Sam Houston,fbs,Conference USA,,7.818540667164346,"{""games"":13,""losses"":3,""ties"":0,""wins"":10}","{""games"":8,""losses"":2,""ties"":0,""wins"":6}","{""games"":5,""losses"":1,""ties"":0,""wins"":4}","{""games"":5,""losses"":2,""ties"":0,""wins"":3}","{""games"":3,""losses"":0,""ties"":0,""wins"":3}","{""games"":12,""losses"":3,""ties"":0,""wins"":9}","{""games"":1,""losses"":0,""ties"":0,""wins"":1}"
2024,2567,SMU,fbs,ACC,,10.803635976510122,"{""games"":14,""losses"":3,""ties"":0,""wins"":11}","{""games"":9,""losses"":1,""ties"":0,""wins"":8}","{""games"":7,""losses"":1,""ties"":0,""wins"":6}","{""games"":6,""losses"":1,""ties"":0,""wins"":5}","{""games"":1,""losses"":1,""ties"":0,""wins"":0}","{""games"":13,""losses"":2,""ties"":0,""wins"":11}","{""games"":1,""losses"":1,""ties"":0,""wins"":0}"
2024,2572,Southern Miss,fbs,Sun Belt,West,1.1880217950262115,"{""games"":12,""losses"":11,""ties"":0,""wins"":1}","{""games"":8,""losses"":8,""ties"":0,""wins"":0}","{""games"":6,""losses"":5,""ties"":0,""wins"":1}","{""games"":6,""losses"":6,""ties"":0,""wins"":0}","{""games"":0,""losses"":0,""ties"":0,""wins"":0}","{""games"":12,""losses"":11,""ties"":0,""wins"":1}","{""games"":0,""losses"":0,""ties"":0,""wins"":0}"
2024,2579,South Carolina,fbs,SEC,,9.226947810404782,"{""games"":13,""losses"":4,""ties"":0,""wins"":9}","{""games"":8,""losses"":3,""ties"":0,""wins"":5}","{""games"":7,""losses"":2,""ties"":0,""wins"":5}","{""games"":5,""losses"":1,""ties"":0,""wins"":4}","{""games"":1,""losses"":1,""ties"":0,""wins"":0}","{""games"":12,""losses"":3,""ties"":0,""wins"":9}","{""games"":1,""losses"":1,""ties"":0,""wins"":0}"
2024,2628,TCU,fbs,Big 12,,8.439098421612766,"{""games"":13,""losses"":4,""ties"":0,""wins"":9}","{""games"":9,""losses"":3,""ties"":0,""wins"":6}","{""games"":6,""losses"":2,""ties"":0,""wins"":4}","{""games"":5,""losses"":2,""ties"":0,""wins"":3}","{""games"":2,""losses"":0,""ties"":0,""wins"":2}","{""games"":12,""losses"":4,""ties"":0,""wins"":8}","{""games"":1,""losses"":0,""ties"":0,""wins"":1}"
2024,2633,Tennessee,fbs,SEC,,9.814329527318478,"{""games"":13,""losses"":3,""ties"":0,""wins"":10}","{""games"":8,""losses"":2,""ties"":0,""wins"":6}","{""games"":7,""losses"":0,""ties"":0,""wins"":7}","{""games"":5,""losses"":3,""ties"":0,""wins"":2}","{""games"":1,""losses"":0,""ties"":0,""wins"":1}","{""games"":12,""losses"":2,""ties"":0,""wins"":10}","{""games"":1,""losses"":1,""ties"":0,""wins"":0}"
2024,2636,UTSA,fbs,American Athletic,,7.110723316669464,"{""games"":13,""losses"":6,""ties"":0,""wins"":7}","{""games"":8,""losses"":4,""ties"":0,""wins"":4}","{""games"":7,""losses"":0,""ties"":0,""wins"":7}","{""games"":6,""losses"":6,""ties"":0,""wins"":0}","{""games"":0,""losses"":0,""ties"":0,""wins"":0}","{""games"":12,""losses"":6,""ties"":0,""wins"":6}","{""games"":1,""losses"":0,""ties"":0,""wins"":1}"
2024,2638,UTEP,fbs,Conference USA,,4.06297715324486,"{""games"":12,""losses"":9,""ties"":0,""wins"":3}","{""games"":8,""losses"":5,""ties"":0,""wins"":3}","{""games"":5,""losses"":3,""ties"":0,""wins"":2}","{""games"":7,""losses"":6,""ties"":0,""wins"":1}","{""games"":0,""losses"":0,""ties"":0,""wins"":0}","{""games"":12,""losses"":9,""ties"":0,""wins"":3}","{""games"":0,""losses"":0,""ties"":0,""wins"":0}"
2024,2641,Texas Tech,fbs,Big 12,,7.221251211129129,"{""games"":13,""losses"":5,""ties"":0,""wins"":8}","{""games"":9,""losses"":3,""ties"":0,""wins"":6}","{""games"":7,""losses"":2,""ties"":0,""wins"":5}","{""games"":5,""losses"":2,""ties"":0,""wins"":3}","{""games"":1,""losses"":1,""ties"":0,""wins"":0}","{""games"":12,""losses"":4,""ties"":0,""wins"":8}","{""games"":1,""losses"":1,""ties"":0,""wins"":0}"
2024,2649,Toledo,fbs,Mid-American,,6.169614266604185,"{""games"":13,""losses"":5,""ties"":0,""wins"":8}","{""games"":8,""losses"":4,""ties"":0,""wins"":4}","{""games"":6,""losses"":2,""ties"":0,""wins"":4}","{""games"":6,""losses"":3,""ties"":0,""wins"":3}","{""games"":1,""losses"":0,""ties"":0,""wins"":1}","{""games"":12,""losses"":5,""ties"":0,""wins"":7}","{""games"":1,""losses"":0,""ties"":0,""wins"":1}"
2024,2653,Troy,fbs,Sun Belt,West,5.192743426188827,"{""games"":12,""losses"":8,""ties"":0,""wins"":4}","{""games"":8,""losses"":5,""ties"":0,""wins"":3}","{""games"":6,""losses"":3,""ties"":0,""wins"":3}","{""games"":6,""losses"":5,""ties"":0,""wins"":1}","{""games"":0,""losses"":0,""ties"":0,""wins"":0}","{""games"":12,""losses"":8,""ties"":0,""wins"":4}","{""games"":0,""losses"":0,""ties"":0,""wins"":0}"
2024,2655,Tulane,fbs,American Athletic,,9.55500603467226,"{""games"":14,""losses"":5,""ties"":0,""wins"":9}","{""games"":9,""losses"":2,""ties"":0,""wins"":7}","{""games"":6,""losses"":2,""ties"":0,""wins"":4}","{""games"":7,""losses"":2,""ties"":0,""wins"":5}","{""games"":1,""losses"":1,""ties"":0,""wins"":0}","{""games"":13,""losses"":4,""ties"":0,""wins"":9}","{""games"":1,""losses"":1,""ties"":0,""wins"":0}"
2024,2711,Western Michigan,fbs,Mid-American,,5.442707344511369,"{""games"":13,""losses"":7,""ties"":0,""wins"":6}","{""games"":8,""losses"":3,""ties"":0,""wins"":5}","{""games"":5,""losses"":1,""ties"":0,""wins"":4}","{""games"":7,""losses"":5,""ties"":0,""wins"":2}","{""games"":1,""losses"":1,""ties"":0,""wins"":0}","{""games"":12,""losses"":6,""ties"":0,""wins"":6}","{""games"":1,""losses"":1,""ties"":0,""wins"":0}"
2024,2751,Wyoming,fbs,Mountain West,,4.0171351544559,"{""games"":12,""losses"":9,""ties"":0,""wins"":3}","{""games"":7,""losses"":5,""ties"":0,""wins"":2}","{""games"":6,""losses"":5,""ties"":0,""wins"":1}","{""games"":6,""losses"":4,""ties"":0,""wins"":2}","{""games"":0,""losses"":0,""ties"":0,""wins"":0}","{""games"":12,""losses"":9,""ties"":0,""wins"":3}","{""games"":0,""losses"":0,""ties"":0,""wins"":0}"
2025,2,Auburn,fbs,SEC,,6.5145692229270935,"{""games"":12,""losses"":7,""ties"":0,""wins"":5}","{""games"":8,""losses"":7,""ties"":0,""wins"":1}","{""games"":7,""losses"":4,""ties"":0,""wins"":3}","{""games"":5,""losses"":3,""ties"":0,""wins"":2}","{""games"":0,""losses"":0,""ties"":0,""wins"":0}","{""games"":12,""losses"":7,""ties"":0,""wins"":5}","{""games"":0,""losses"":0,""ties"":0,""wins"":0}"
2025,5,UAB,fbs,American Athletic,,2.5270485589280725,"{""games"":12,""losses"":8,""ties"":0,""wins"":4}","{""games"":8,""losses"":6,""ties"":0,""wins"":2}","{""games"":6,""losses"":3,""ties"":0,""wins"":3}","{""games"":6,""losses"":5,""ties"":0,""wins"":1}","{""games"":0,""losses"":0,""ties"":0,""wins"":0}","{""games"":12,""losses"":8,""ties"":0,""wins"":4}","{""games"":0,""losses"":0,""ties"":0,""wins"":0}"
2025,6,South Alabama,fbs,Sun Belt,West,4.616476874798536,"{""games"":12,""losses"":8,""ties"":0,""wins"":4}","{""games"":8,""losses"":5,""ties"":0,""wins"":3}","{""games"":6,""losses"":4,""ties"":0,""wins"":2}","{""games"":6,""losses"":4,""ties"":0,""wins"":2}","{""games"":0,""losses"":0,""ties"":0,""wins"":0}","{""games"":12,""losses"":8,""ties"":0,""wins"":4}","{""games"":0,""losses"":0,""ties"":0,""wins"":0}"
2025,8,Arkansas,fbs,SEC,,4.837579555809498,"{""games"":12,""losses"":10,""ties"":0,""wins"":2}","{""games"":8,""losses"":8,""ties"":0,""wins"":0}","{""games"":6,""losses"":5,""ties"":0,""wins"":1}","{""games"":5,""losses"":5,""ties"":0,""wins"":0}","{""games"":1,""losses"":0,""ties"":0,""wins"":1}","{""games"":12,""losses"":10,""ties"":0,""wins"":2}","{""games"":0,""losses"":0,""ties"":0,""wins"":0}"
2025,9,Arizona State,fbs,Big 12,,6.105321269482374,"{""games"":13,""losses"":5,""ties"":0,""wins"":8}","{""games"":9,""losses"":3,""ties"":0,""wins"":6}","{""games"":7,""losses"":2,""ties"":0,""wins"":5}","{""games"":5,""losses"":2,""ties"":0,""wins"":3}","{""games"":1,""losses"":1,""ties"":0,""wins"":0}","{""games"":12,""losses"":4,""ties"":0,""wins"":8}","{""games"":1,""losses"":1,""ties"":0,""wins"":0}"
2025,12,Arizona,fbs,Big 12,,8.962528670206666,"{""games"":13,""losses"":4,""ties"":0,""wins"":9}","{""games"":9,""losses"":3,""ties"":0,""wins"":6}","{""games"":7,""losses"":1,""ties"":0,""wins"":6}","{""games"":5,""losses"":2,""ties"":0,""wins"":3}","{""games"":1,""losses"":1,""ties"":0,""wins"":0}","{""games"":12,""losses"":3,""ties"":0,""wins"":9}","{""games"":1,""losses"":1,""ties"":0,""wins"":0}"
2025,21,San Diego State,fbs,Mountain West,,9.325794279575348,"{""games"":13,""losses"":4,""ties"":0,""wins"":9}","{""games"":8,""losses"":2,""ties"":0,""wins"":6}","{""games"":6,""losses"":0,""ties"":0,""wins"":6}","{""games"":6,""losses"":3,""ties"":0,""wins"":3}","{""games"":1,""losses"":1,""ties"":0,""wins"":0}","{""games"":12,""losses"":3,""ties"":0,""wins"":9}","{""games"":1,""losses"":1,""ties"":0,""wins"":0}"
2025,23,San José State,fbs,Mountain West,,4.552115887403488,"{""games"":12,""losses"":9,""ties"":0,""wins"":3}","{""games"":8,""losses"":6,""ties"":0,""wins"":2}","{""games"":6,""losses"":3,""ties"":0,""wins"":3}","{""games"":6,""losses"":6,""ties"":0,""wins"":0}","{""games"":0,""losses"":0,""ties"":0,""wins"":0}","{""games"":12,""losses"":9,""ties"":0,""wins"":3}","{""games"":0,""losses"":0,""ties"":0,""wins"":0}"
2025,24,Stanford,fbs,ACC,,4.170132111292332,"{""games"":12,""losses"":8,""ties"":0,""wins"":4}","{""games"":8,""losses"":5,""ties"":0,""wins"":3}","{""games"":6,""losses"":2,""ties"":0,""wins"":4}","{""games"":6,""losses"":6,""ties"":0,""wins"":0}","{""games"":0,""losses"":0,""ties"":0,""wins"":0}","{""games"":12,""losses"":8,""ties"":0,""wins"":4}","{""games"":0,""losses"":0,""ties"":0,""wins"":0}"
2025,25,California,fbs,ACC,,6.397330807521939,"{""games"":13,""losses"":6,""ties"":0,""wins"":7}","{""games"":8,""losses"":4,""ties"":0,""wins"":4}","{""games"":6,""losses"":2,""ties"":0,""wins"":4}","{""games"":7,""losses"":4,""ties"":0,""wins"":3}","{""games"":0,""losses"":0,""ties"":0,""wins"":0}","{""games"":12,""losses"":5,""ties"":0,""wins"":7}","{""games"":1,""losses"":1,""ties"":0,""wins"":0}"
2025,26,UCLA,fbs,Big Ten,,3.053839993663132,"{""games"":12,""losses"":9,""ties"":0,""wins"":3}","{""games"":9,""losses"":6,""ties"":0,""wins"":3}","{""games"":6,""losses"":4,""ties"":0,""wins"":2}","{""games"":6,""losses"":5,""ties"":0,""wins"":1}","{""games"":0,""losses"":0,""ties"":0,""wins"":0}","{""games"":12,""losses"":9,""ties"":0,""wins"":3}","{""games"":0,""losses"":0,""ties"":0,""wins"":0}"
2025,30,USC,fbs,Big Ten,,8.783960990607738,"{""games"":13,""losses"":4,""ties"":0,""wins"":9}","{""games"":9,""losses"":2,""ties"":0,""wins"":7}","{""games"":7,""losses"":0,""ties"":0,""wins"":7}","{""games"":5,""losses"":3,""ties"":0,""wins"":2}","{""games"":1,""losses"":1,""ties"":0,""wins"":0}","{""games"":12,""losses"":3,""ties"":0,""wins"":9}","{""games"":1,""losses"":1,""ties"":0,""wins"":0}"
2025,36,Colorado State,fbs,Mountain West,,2.741704993881285,"{""games"":12,""losses"":10,""ties"":0,""wins"":2}","{""games"":8,""losses"":7,""ties"":0,""wins"":1}","{""games"":7,""losses"":5,""ties"":0,""wins"":2}","{""games"":5,""losses"":5,""ties"":0,""wins"":0}","{""games"":0,""losses"":0,""ties"":0,""wins"":0}","{""games"":12,""losses"":10,""ties"":0,""wins"":2}","{""games"":0,""losses"":0,""ties"":0,""wins"":0}"
2025,38,Colorado,fbs,Big 12,,4.15617711097002,"{""games"":12,""losses"":9,""ties"":0,""wins"":3}","{""games"":9,""losses"":8,""ties"":0,""wins"":1}","{""games"":7,""losses"":4,""ties"":0,""wins"":3}","{""games"":5,""losses"":5,""ties"":0,""wins"":0}","{""games"":0,""losses"":0,""ties"":0,""wins"":0}","{""games"":12,""losses"":9,""ties"":0,""wins"":3}","{""games"":0,""losses"":0,""ties"":0,""wins"":0}"
2025,41,UConn,fbs,FBS Independents,,9.777878195047379,"{""games"":13,""losses"":4,""ties"":0,""wins"":9}","{""games"":0,""losses"":0,""ties"":0,""wins"":0}","{""games"":6,""losses"":0,""ties"":0,""wins"":6}","{""games"":6,""losses"":3,""ties"":0,""wins"":3}","{""games"":1,""losses"":1,""ties"":0,""wins"":0}","{""games"":12,""losses"":3,""ties"":0,""wins"":9}","{""games"":1,""losses"":1,""ties"":0,""wins"":0}"
2025,48,Delaware,fbs,Conference USA,,5.528030566871166,"{""games"":13,""losses"":6,""ties"":0,""wins"":7}","{""games"":8,""losses"":4,""ties"":0,""wins"":4}","{""games"":6,""losses"":1,""ties"":0,""wins"":5}","{""games"":5,""losses"":4,""ties"":0,""wins"":1}","{""games"":2,""losses"":1,""ties"":0,""wins"":1}","{""games"":12,""losses"":6,""ties"":0,""wins"":6}","{""games"":1,""losses"":0,""ties"":0,""wins"":1}"
2025,52,Florida State,fbs,ACC,,6.490813504904509,"{""games"":12,""losses"":7,""ties"":0,""wins"":5}","{""games"":8,""losses"":6,""ties"":0,""wins"":2}","{""games"":7,""losses"":2,""ties"":0,""wins"":5}","{""games"":5,""losses"":5,""ties"":0,""wins"":0}","{""games"":0,""losses"":0,""ties"":0,""wins"":0}","{""games"":12,""losses"":7,""ties"":0,""wins"":5}","{""games"":0,""losses"":0,""ties"":0,""wins"":0}"
2025,55,Jacksonville State,fbs,Conference USA,,8.497763380408287,"{""games"":14,""losses"":5,""ties"":0,""wins"":9}","{""games"":8,""losses"":1,""ties"":0,""wins"":7}","{""games"":6,""losses"":1,""ties"":0,""wins"":5}","{""games"":6,""losses"":4,""ties"":0,""wins"":2}","{""games"":2,""losses"":0,""ties"":0,""wins"":2}","{""games"":13,""losses"":5,""ties"":0,""wins"":8}","{""games"":1,""losses"":0,""ties"":0,""wins"":1}"
2025,57,Florida,fbs,SEC,,4.145838661119342,"{""games"":12,""losses"":8,""ties"":0,""wins"":4}","{""games"":8,""losses"":6,""ties"":0,""wins"":2}","{""games"":6,""losses"":2,""ties"":0,""wins"":4}","{""games"":5,""losses"":5,""ties"":0,""wins"":0}","{""games"":1,""losses"":1,""ties"":0,""wins"":0}","{""games"":12,""losses"":8,""ties"":0,""wins"":4}","{""games"":0,""losses"":0,""ties"":0,""wins"":0}"
2025,58,South Florida,fbs,American Athletic,,9.122740329243243,"{""games"":13,""losses"":4,""ties"":0,""wins"":9}","{""games"":8,""losses"":2,""ties"":0,""wins"":6}","{""games"":6,""losses"":0,""ties"":0,""wins"":6}","{""games"":6,""losses"":3,""ties"":0,""wins"":3}","{""games"":1,""losses"":1,""ties"":0,""wins"":0}","{""games"":12,""losses"":3,""ties"":0,""wins"":9}","{""games"":1,""losses"":1,""ties"":0,""wins"":0}"
2025,59,Georgia Tech,fbs,ACC,,7.770543862134218,"{""games"":13,""losses"":4,""ties"":0,""wins"":9}","{""games"":8,""losses"":2,""ties"":0,""wins"":6}","{""games"":6,""losses"":1,""ties"":0,""wins"":5}","{""games"":5,""losses"":1,""ties"":0,""wins"":4}","{""games"":2,""losses"":2,""ties"":0,""wins"":0}","{""games"":12,""losses"":3,""ties"":0,""wins"":9}","{""games"":1,""losses"":1,""ties"":0,""wins"":0}"
2025,61,Georgia,fbs,SEC,,10.189159281551838,"{""games"":14,""losses"":2,""ties"":0,""wins"":12}","{""games"":8,""losses"":1,""ties"":0,""wins"":7}","{""games"":7,""losses"":1,""ties"":0,""wins"":6}","{""games"":3,""losses"":0,""ties"":0,""wins"":3}","{""games"":4,""losses"":1,""ties"":0,""wins"":3}","{""games"":13,""losses"":1,""ties"":0,""wins"":12}","{""games"":1,""losses"":1,""ties"":0,""wins"":0}"
2025,62,Hawai'i,fbs,Mountain West,,7.394157511182129,"{""games"":13,""losses"":4,""ties"":0,""wins"":9}","{""games"":8,""losses"":3,""ties"":0,""wins"":5}","{""games"":8,""losses"":1,""ties"":0,""wins"":7}","{""games"":5,""losses"":3,""ties"":0,""wins"":2}","{""games"":0,""losses"":0,""ties"":0,""wins"":0}","{""games"":12,""losses"":4,""ties"":0,""wins"":8}","{""games"":1,""losses"":0,""ties"":0,""wins"":1}"
2025,66,Iowa State,fbs,Big 12,,8.359533242881298,"{""games"":12,""losses"":4,""ties"":0,""wins"":8}","{""games"":9,""losses"":4,""ties"":0,""wins"":5}","{""games"":6,""losses"":2,""ties"":0,""wins"":4}","{""games"":5,""losses"":2,""ties"":0,""wins"":3}","{""games"":1,""losses"":0,""ties"":0,""wins"":1}","{""games"":12,""losses"":4,""ties"":0,""wins"":8}","{""games"":0,""losses"":0,""ties"":0,""wins"":0}"
2025,68,Boise State,fbs,Mountain West,,8.959563784301281,"{""games"":14,""losses"":5,""ties"":0,""wins"":9}","{""games"":8,""losses"":2,""ties"":0,""wins"":6}","{""games"":7,""losses"":1,""ties"":0,""wins"":6}","{""games"":6,""losses"":3,""ties"":0,""wins"":3}","{""games"":1,""losses"":1,""ties"":0,""wins"":0}","{""games"":13,""losses"":4,""ties"":0,""wins"":9}","{""games"":1,""losses"":1,""ties"":0,""wins"":0}"
2025,77,Northwestern,fbs,Big Ten,,6.314559835940599,"{""games"":13,""losses"":6,""ties"":0,""wins"":7}","{""games"":9,""losses"":5,""ties"":0,""wins"":4}","{""games"":5,""losses"":1,""ties"":0,""wins"":4}","{""games"":5,""losses"":4,""ties"":0,""wins"":1}","{""games"":3,""losses"":1,""ties"":0,""wins"":2}","{""games"":12,""losses"":6,""ties"":0,""wins"":6}","{""games"":1,""losses"":0,""ties"":0,""wins"":1}"
2025,84,Indiana,fbs,Big Ten,,13.898317597806454,"{""games"":16,""losses"":0,""ties"":0,""wins"":16}","{""games"":9,""losses"":0,""ties"":0,""wins"":9}","{""games"":7,""losses"":0,""ties"":0,""wins"":7}","{""games"":5,""losses"":0,""ties"":0,""wins"":5}","{""games"":4,""losses"":0,""ties"":0,""wins"":4}","{""games"":13,""losses"":0,""ties"":0,""wins"":13}","{""games"":3,""losses"":0,""ties"":0,""wins"":3}"
2025,87,Notre Dame,fbs,FBS Independents,,10.044929816387594,"{""games"":12,""losses"":2,""ties"":0,""wins"":10}","{""games"":0,""losses"":0,""ties"":0,""wins"":0}","{""games"":7,""losses"":1,""ties"":0,""wins"":6}","{""games"":5,""losses"":1,""ties"":0,""wins"":4}","{""games"":0,""losses"":0,""ties"":0,""wins"":0}","{""games"":12,""losses"":2,""ties"":0,""wins"":10}","{""games"":0,""losses"":0,""ties"":0,""wins"":0}"
2025,96,Kentucky,fbs,SEC,,5.809104875661433,"{""games"":12,""losses"":7,""ties"":0,""wins"":5}","{""games"":8,""losses"":6,""ties"":0,""wins"":2}","{""games"":7,""losses"":3,""ties"":0,""wins"":4}","{""games"":5,""losses"":4,""ties"":0,""wins"":1}","{""games"":0,""losses"":0,""ties"":0,""wins"":0}","{""games"":12,""losses"":7,""ties"":0,""wins"":5}","{""games"":0,""losses"":0,""ties"":0,""wins"":0}"
2025,97,Louisville,fbs,ACC,,9.412411347031593,"{""games"":13,""losses"":4,""ties"":0,""wins"":9}","{""games"":8,""losses"":4,""ties"":0,""wins"":4}","{""games"":8,""losses"":3,""ties"":0,""wins"":5}","{""games"":4,""losses"":1,""ties"":0,""wins"":3}","{""games"":1,""losses"":0,""ties"":0,""wins"":1}","{""games"":12,""losses"":4,""ties"":0,""wins"":8}","{""games"":1,""losses"":0,""ties"":0,""wins"":1}"
2025,98,Western Kentucky,fbs,Conference USA,,7.857172071933746,"{""games"":13,""losses"":4,""ties"":0,""wins"":9}","{""games"":8,""losses"":2,""ties"":0,""wins"":6}","{""games"":6,""losses"":1,""ties"":0,""wins"":5}","{""games"":6,""losses"":3,""ties"":0,""wins"":3}","{""games"":1,""losses"":0,""ties"":0,""wins"":1}","{""games"":12,""losses"":4,""ties"":0,""wins"":8}","{""games"":1,""losses"":0,""ties"":0,""wins"":1}"
2025,99,LSU,fbs,SEC,,7.427448287606239,"{""games"":13,""losses"":6,""ties"":0,""wins"":7}","{""games"":8,""losses"":5,""ties"":0,""wins"":3}","{""games"":7,""losses"":1,""ties"":0,""wins"":6}","{""games"":5,""losses"":4,""ties"":0,""wins"":1}","{""games"":1,""losses"":1,""ties"":0,""wins"":0}","{""games"":12,""losses"":5,""ties"":0,""wins"":7}","{""games"":1,""losses"":1,""ties"":0,""wins"":0}"
2025,103,Boston College,fbs,ACC,,4.330866312608123,"{""games"":12,""losses"":10,""ties"":0,""wins"":2}","{""games"":8,""losses"":7,""ties"":0,""wins"":1}","{""games"":7,""losses"":6,""ties"":0,""wins"":1}","{""games"":5,""losses"":4,""ties"":0,""wins"":1}","{""games"":0,""losses"":0,""ties"":0,""wins"":0}","{""games"":12,""losses"":10,""ties"":0,""wins"":2}","{""games"":0,""losses"":0,""ties"":0,""wins"":0}"
2025,113,Massachusetts,fbs,Mid-American,,1.6446225568652153,"{""games"":12,""losses"":12,""ties"":0,""wins"":0}","{""games"":8,""losses"":8,""ties"":0,""wins"":0}","{""games"":6,""losses"":6,""ties"":0,""wins"":0}","{""games"":6,""losses"":6,""ties"":0,""wins"":0}","{""games"":0,""losses"":0,""ties"":0,""wins"":0}","{""games"":12,""losses"":12,""ties"":0,""wins"":0}","{""games"":0,""losses"":0,""ties"":0,""wins"":0}"
2025,120,Maryland,fbs,Big Ten,,5.59896155167371,"{""games"":12,""losses"":8,""ties"":0,""wins"":4}","{""games"":9,""losses"":8,""ties"":0,""wins"":1}","{""games"":7,""losses"":4,""ties"":0,""wins"":3}","{""games"":4,""losses"":3,""ties"":0,""wins"":1}","{""games"":1,""losses"":1,""ties"":0,""wins"":0}","{""games"":12,""losses"":8,""ties"":0,""wins"":4}","{""games"":0,""losses"":0,""ties"":0,""wins"":0}"
2025,127,Michigan State,fbs,Big Ten,,4.405268195550889,"{""games"":12,""losses"":8,""ties"":0,""wins"":4}","{""games"":9,""losses"":8,""ties"":0,""wins"":1}","{""games"":6,""losses"":3,""ties"":0,""wins"":3}","{""games"":5,""losses"":5,""ties"":0,""wins"":0}","{""games"":1,""losses"":0,""ties"":0,""wins"":1}","{""games"":12,""losses"":8,""ties"":0,""wins"":4}","{""games"":0,""losses"":0,""ties"":0,""wins"":0}"
2025,130,Michigan,fbs,Big Ten,,8.027832230553031,"{""games"":13,""losses"":4,""ties"":0,""wins"":9}","{""games"":9,""losses"":2,""ties"":0,""wins"":7}","{""games"":6,""losses"":1,""ties"":0,""wins"":5}","{""games"":5,""losses"":2,""ties"":0,""wins"":3}","{""games"":2,""losses"":1,""ties"":0,""wins"":1}","{""games"":12,""losses"":3,""ties"":0,""wins"":9}","{""games"":1,""losses"":1,""ties"":0,""wins"":0}"
2025,135,Minnesota,fbs,Big Ten,,6.429545268416405,"{""games"":13,""losses"":5,""ties"":0,""wins"":8}","{""games"":9,""losses"":4,""ties"":0,""wins"":5}","{""games"":7,""losses"":0,""ties"":0,""wins"":7}","{""games"":4,""losses"":4,""ties"":0,""wins"":0}","{""games"":2,""losses"":1,""ties"":0,""wins"":1}","{""games"":12,""losses"":5,""ties"":0,""wins"":7}","{""games"":1,""losses"":0,""ties"":0,""wins"":1}"
2025,142,Missouri,fbs,SEC,,8.762068156152964,"{""games"":13,""losses"":5,""ties"":0,""wins"":8}","{""games"":8,""losses"":4,""ties"":0,""wins"":4}","{""games"":8,""losses"":2,""ties"":0,""wins"":6}","{""games"":4,""losses"":2,""ties"":0,""wins"":2}","{""games"":1,""losses"":1,""ties"":0,""wins"":0}","{""games"":12,""losses"":4,""ties"":0,""wins"":8}","{""games"":1,""losses"":1,""ties"":0,""wins"":0}"
2025,145,Ole Miss,fbs,SEC,,11.43072338309139,"{""games"":15,""losses"":2,""ties"":0,""wins"":13}","{""games"":8,""losses"":1,""ties"":0,""wins"":7}","{""games"":9,""losses"":0,""ties"":0,""wins"":9}","{""games"":4,""losses"":1,""ties"":0,""wins"":3}","{""games"":2,""losses"":1,""ties"":0,""wins"":1}","{""games"":12,""losses"":1,""ties"":0,""wins"":11}","{""games"":3,""losses"":1,""ties"":0,""wins"":2}"
2025,150,Duke,fbs,ACC,,7.618905023438856,"{""games"":14,""losses"":5,""ties"":0,""wins"":9}","{""games"":8,""losses"":2,""ties"":0,""wins"":6}","{""games"":6,""losses"":3,""ties"":0,""wins"":3}","{""games"":6,""losses"":2,""ties"":0,""wins"":4}","{""games"":2,""losses"":0,""ties"":0,""wins"":2}","{""games"":13,""losses"":5,""ties"":0,""wins"":8}","{""games"":1,""losses"":0,""ties"":0,""wins"":1}"
2025,151,East Carolina,fbs,American Athletic,,8.942307597957551,"{""games"":13,""losses"":4,""ties"":0,""wins"":9}","{""games"":8,""losses"":2,""ties"":0,""wins"":6}","{""games"":6,""losses"":1,""ties"":0,""wins"":5}","{""games"":6,""losses"":3,""ties"":0,""wins"":3}","{""games"":1,""losses"":0,""ties"":0,""wins"":1}","{""games"":12,""losses"":4,""ties"":0,""wins"":8}","{""games"":1,""losses"":0,""ties"":0,""wins"":1}"
2025,152,NC State,fbs,ACC,,7.417908757925034,"{""games"":13,""losses"":5,""ties"":0,""wins"":8}","{""games"":8,""losses"":4,""ties"":0,""wins"":4}","{""games"":7,""losses"":1,""ties"":0,""wins"":6}","{""games"":5,""losses"":4,""ties"":0,""wins"":1}","{""games"":1,""losses"":0,""ties"":0,""wins"":1}","{""games"":12,""losses"":5,""ties"":0,""wins"":7}","{""games"":1,""losses"":0,""ties"":0,""wins"":1}"
2025,153,North Carolina,fbs,ACC,,5.263048570603132,"{""games"":12,""losses"":8,""ties"":0,""wins"":4}","{""games"":8,""losses"":6,""ties"":0,""wins"":2}","{""games"":6,""losses"":4,""ties"":0,""wins"":2}","{""games"":6,""losses"":4,""ties"":0,""wins"":2}","{""games"":0,""losses"":0,""ties"":0,""wins"":0}","{""games"":12,""losses"":8,""ties"":0,""wins"":4}","{""games"":0,""losses"":0,""ties"":0,""wins"":0}"
2025,154,Wake Forest,fbs,ACC,,8.679102960973978,"{""games"":13,""losses"":4,""ties"":0,""wins"":9}","{""games"":8,""losses"":4,""ties"":0,""wins"":4}","{""games"":7,""losses"":2,""ties"":0,""wins"":5}","{""games"":5,""losses"":2,""ties"":0,""wins"":3}","{""games"":1,""losses"":0,""ties"":0,""wins"":1}","{""games"":12,""losses"":4,""ties"":0,""wins"":8}","{""games"":1,""losses"":0,""ties"":0,""wins"":1}"
2025,158,Nebraska,fbs,Big Ten,,5.515222128480673,"{""games"":13,""losses"":6,""ties"":0,""wins"":7}","{""games"":9,""losses"":5,""ties"":0,""wins"":4}","{""games"":7,""losses"":3,""ties"":0,""wins"":4}","{""games"":4,""losses"":2,""ties"":0,""wins"":2}","{""games"":2,""losses"":1,""ties"":0,""wins"":1}","{""games"":12,""losses"":5,""ties"":0,""wins"":7}","{""games"":1,""losses"":1,""ties"":0,""wins"":0}"
2025,164,Rutgers,fbs,Big Ten,,5.2107895873487,"{""games"":12,""losses"":7,""ties"":0,""wins"":5}","{""games"":9,""losses"":7,""ties"":0,""wins"":2}","{""games"":7,""losses"":3,""ties"":0,""wins"":4}","{""games"":5,""losses"":4,""ties"":0,""wins"":1}","{""games"":0,""losses"":0,""ties"":0,""wins"":0}","{""games"":12,""losses"":7,""ties"":0,""wins"":5}","{""games"":0,""losses"":0,""ties"":0,""wins"":0}"
2025,166,New Mexico State,fbs,Conference USA,,4.638195559382439,"{""games"":12,""losses"":8,""ties"":0,""wins"":4}","{""games"":8,""losses"":6,""ties"":0,""wins"":2}","{""games"":6,""losses"":3,""ties"":0,""wins"":3}","{""games"":6,""losses"":5,""ties"":0,""wins"":1}","{""games"":0,""losses"":0,""ties"":0,""wins"":0}","{""games"":12,""losses"":8,""ties"":0,""wins"":4}","{""games"":0,""losses"":0,""ties"":0,""wins"":0}"
2025,167,New Mexico,fbs,Mountain West,,7.398091553710401,"{""games"":13,""losses"":4,""ties"":0,""wins"":9}","{""games"":8,""losses"":2,""ties"":0,""wins"":6}","{""games"":6,""losses"":0,""ties"":0,""wins"":6}","{""games"":6,""losses"":3,""ties"":0,""wins"":3}","{""games"":1,""losses"":1,""ties"":0,""wins"":0}","{""games"":12,""losses"":3,""ties"":0,""wins"":9}","{""games"":1,""losses"":1,""ties"":0,""wins"":0}"
2025,183,Syracuse,fbs,ACC,,2.529113403754309,"{""games"":12,""losses"":9,""ties"":0,""wins"":3}","{""games"":8,""losses"":7,""ties"":0,""wins"":1}","{""games"":6,""losses"":4,""ties"":0,""wins"":2}","{""games"":5,""losses"":4,""ties"":0,""wins"":1}","{""games"":1,""losses"":1,""ties"":0,""wins"":0}","{""games"":12,""losses"":9,""ties"":0,""wins"":3}","{""games"":0,""losses"":0,""ties"":0,""wins"":0}"
2025,189,Bowling Green,fbs,Mid-American,,5.244244107045233,"{""games"":12,""losses"":8,""ties"":0,""wins"":4}","{""games"":8,""losses"":6,""ties"":0,""wins"":2}","{""games"":6,""losses"":3,""ties"":0,""wins"":3}","{""games"":6,""losses"":5,""ties"":0,""wins"":1}","{""games"":0,""losses"":0,""ties"":0,""wins"":0}","{""games"":12,""losses"":8,""ties"":0,""wins"":4}","{""games"":0,""losses"":0,""ties"":0,""wins"":0}"
2025,193,Miami (OH),fbs,Mid-American,,7.532254008576274,"{""games"":14,""losses"":7,""ties"":0,""wins"":7}","{""games"":8,""losses"":2,""ties"":0,""wins"":6}","{""games"":6,""losses"":2,""ties"":0,""wins"":4}","{""games"":6,""losses"":3,""ties"":0,""wins"":3}","{""games"":2,""losses"":2,""ties"":0,""wins"":0}","{""games"":13,""losses"":6,""ties"":0,""wins"":7}","{""games"":1,""losses"":1,""ties"":0,""wins"":0}"
2025,194,Ohio State,fbs,Big Ten,,11.764369406737387,"{""games"":14,""losses"":2,""ties"":0,""wins"":12}","{""games"":9,""losses"":0,""ties"":0,""wins"":9}","{""games"":7,""losses"":0,""ties"":0,""wins"":7}","{""games"":5,""losses"":0,""ties"":0,""wins"":5}","{""games"":2,""losses"":2,""ties"":0,""wins"":0}","{""games"":13,""losses"":1,""ties"":0,""wins"":12}","{""games"":1,""losses"":1,""ties"":0,""wins"":0}"
2025,195,Ohio,fbs,Mid-American,,8.295766577124596,"{""games"":13,""losses"":4,""ties"":0,""wins"":9}","{""games"":8,""losses"":2,""ties"":0,""wins"":6}","{""games"":6,""losses"":0,""ties"":0,""wins"":6}","{""games"":6,""losses"":4,""ties"":0,""wins"":2}","{""games"":1,""losses"":0,""ties"":0,""wins"":1}","{""games"":12,""losses"":4,""ties"":0,""wins"":8}","{""games"":1,""losses"":0,""ties"":0,""wins"":1}"
2025,197,Oklahoma State,fbs,Big 12,,1.3909055041149259,"{""games"":12,""losses"":11,""ties"":0,""wins"":1}","{""games"":9,""losses"":9,""ties"":0,""wins"":0}","{""games"":7,""losses"":6,""ties"":0,""wins"":1}","{""games"":5,""losses"":5,""ties"":0,""wins"":0}","{""games"":0,""losses"":0,""ties"":0,""wins"":0}","{""games"":12,""losses"":11,""ties"":0,""wins"":1}","{""games"":0,""losses"":0,""ties"":0,""wins"":0}"
2025,201,Oklahoma,fbs,SEC,,8.408432306721807,"{""games"":13,""losses"":3,""ties"":0,""wins"":10}","{""games"":8,""losses"":2,""ties"":0,""wins"":6}","{""games"":8,""losses"":2,""ties"":0,""wins"":6}","{""games"":4,""losses"":0,""ties"":0,""wins"":4}","{""games"":1,""losses"":1,""ties"":0,""wins"":0}","{""games"":12,""losses"":2,""ties"":0,""wins"":10}","{""games"":1,""losses"":1,""ties"":0,""wins"":0}"
2025,202,Tulsa,fbs,American Athletic,,5.076525000855327,"{""games"":12,""losses"":8,""ties"":0,""wins"":4}","{""games"":8,""losses"":7,""ties"":0,""wins"":1}","{""games"":6,""losses"":4,""ties"":0,""wins"":2}","{""games"":6,""losses"":4,""ties"":0,""wins"":2}","{""games"":0,""losses"":0,""ties"":0,""wins"":0}","{""games"":12,""losses"":8,""ties"":0,""wins"":4}","{""games"":0,""losses"":0,""ties"":0,""wins"":0}"
2025,204,Oregon State,fbs,Pac-12,,4.644052205607295,"{""games"":12,""losses"":10,""ties"":0,""wins"":2}","{""games"":2,""losses"":1,""ties"":0,""wins"":1}","{""games"":7,""losses"":5,""ties"":0,""wins"":2}","{""games"":5,""losses"":5,""ties"":0,""wins"":0}","{""games"":0,""losses"":0,""ties"":0,""wins"":0}","{""games"":12,""losses"":10,""ties"":0,""wins"":2}","{""games"":0,""losses"":0,""ties"":0,""wins"":0}"
2025,213,Penn State,fbs,Big Ten,,8.611842052545398,"{""games"":13,""losses"":6,""ties"":0,""wins"":7}","{""games"":9,""losses"":6,""ties"":0,""wins"":3}","{""games"":7,""losses"":3,""ties"":0,""wins"":4}","{""games"":5,""losses"":3,""ties"":0,""wins"":2}","{""games"":1,""losses"":0,""ties"":0,""wins"":1}","{""games"":12,""losses"":6,""ties"":0,""wins"":6}","{""games"":1,""losses"":0,""ties"":0,""wins"":1}"
2025,218,Temple,fbs,American Athletic,,5.4326854683458805,"{""games"":12,""losses"":7,""ties"":0,""wins"":5}","{""games"":8,""losses"":5,""ties"":0,""wins"":3}","{""games"":6,""losses"":4,""ties"":0,""wins"":2}","{""games"":6,""losses"":3,""ties"":0,""wins"":3}","{""games"":0,""losses"":0,""ties"":0,""wins"":0}","{""games"":12,""losses"":7,""ties"":0,""wins"":5}","{""games"":0,""losses"":0,""ties"":0,""wins"":0}"
2025,221,Pittsburgh,fbs,ACC,,8.68780706031248,"{""games"":13,""losses"":5,""ties"":0,""wins"":8}","{""games"":8,""losses"":2,""ties"":0,""wins"":6}","{""games"":7,""losses"":3,""ties"":0,""wins"":4}","{""games"":5,""losses"":1,""ties"":0,""wins"":4}","{""games"":1,""losses"":1,""ties"":0,""wins"":0}","{""games"":12,""losses"":4,""ties"":0,""wins"":8}","{""games"":1,""losses"":1,""ties"":0,""wins"":0}"
2025,228,Clemson,fbs,ACC,,7.953321946784854,"{""games"":13,""losses"":6,""ties"":0,""wins"":7}","{""games"":8,""losses"":4,""ties"":0,""wins"":4}","{""games"":7,""losses"":4,""ties"":0,""wins"":3}","{""games"":5,""losses"":1,""ties"":0,""wins"":4}","{""games"":1,""losses"":1,""ties"":0,""wins"":0}","{""games"":12,""losses"":5,""ties"":0,""wins"":7}","{""games"":1,""losses"":1,""ties"":0,""wins"":0}"
2025,235,Memphis,fbs,American Athletic,,7.219474303536117,"{""games"":13,""losses"":5,""ties"":0,""wins"":8}","{""games"":8,""losses"":4,""ties"":0,""wins"":4}","{""games"":6,""losses"":2,""ties"":0,""wins"":4}","{""games"":6,""losses"":2,""ties"":0,""wins"":4}","{""games"":1,""losses"":1,""ties"":0,""wins"":0}","{""games"":12,""losses"":4,""ties"":0,""wins"":8}","{""games"":1,""losses"":1,""ties"":0,""wins"":0}"
2025,238,Vanderbilt,fbs,SEC,,8.913402951322496,"{""games"":13,""losses"":3,""ties"":0,""wins"":10}","{""games"":8,""losses"":2,""ties"":0,""wins"":6}","{""games"":7,""losses"":0,""ties"":0,""wins"":7}","{""games"":5,""losses"":2,""ties"":0,""wins"":3}","{""games"":1,""losses"":1,""ties"":0,""wins"":0}","{""games"":12,""losses"":2,""ties"":0,""wins"":10}","{""games"":1,""losses"":1,""ties"":0,""wins"":0}"
2025,239,Baylor,fbs,Big 12,,4.734394698403776,"{""games"":12,""losses"":7,""ties"":0,""wins"":5}","{""games"":9,""losses"":6,""ties"":0,""wins"":3}","{""games"":7,""losses"":4,""ties"":0,""wins"":3}","{""games"":5,""losses"":3,""ties"":0,""wins"":2}","{""games"":0,""losses"":0,""ties"":0,""wins"":0}","{""games"":12,""losses"":7,""ties"":0,""wins"":5}","{""games"":0,""losses"":0,""ties"":0,""wins"":0}"
2025,242,Rice,fbs,American Athletic,,5.283032290637493,"{""games"":13,""losses"":8,""ties"":0,""wins"":5}","{""games"":8,""losses"":6,""ties"":0,""wins"":2}","{""games"":7,""losses"":4,""ties"":0,""wins"":3}","{""games"":5,""losses"":3,""ties"":0,""wins"":2}","{""games"":1,""losses"":1,""ties"":0,""wins"":0}","{""games"":12,""losses"":7,""ties"":0,""wins"":5}","{""games"":1,""losses"":1,""ties"":0,""wins"":0}"
2025,245,Texas A&M,fbs,SEC,,10.93296391889453,"{""games"":13,""losses"":2,""ties"":0,""wins"":11}","{""games"":8,""losses"":1,""ties"":0,""wins"":7}","{""games"":8,""losses"":1,""ties"":0,""wins"":7}","{""games"":5,""losses"":1,""ties"":0,""wins"":4}","{""games"":0,""losses"":0,""ties"":0,""wins"":0}","{""games"":12,""losses"":1,""ties"":0,""wins"":11}","{""games"":1,""losses"":1,""ties"":0,""wins"":0}"
2025,248,Houston,fbs,Big 12,,7.7262506587430835,"{""games"":13,""losses"":3,""ties"":0,""wins"":10}","{""games"":9,""losses"":3,""ties"":0,""wins"":6}","{""games"":6,""losses"":3,""ties"":0,""wins"":3}","{""games"":6,""losses"":0,""ties"":0,""wins"":6}","{""games"":1,""losses"":0,""ties"":0,""wins"":1}","{""games"":12,""losses"":3,""ties"":0,""wins"":9}","{""games"":1,""losses"":0,""ties"":0,""wins"":1}"
2025,249,North Texas,fbs,American Athletic,,9.971161441877484,"{""games"":14,""losses"":2,""ties"":0,""wins"":12}","{""games"":8,""losses"":1,""ties"":0,""wins"":7}","{""games"":7,""losses"":1,""ties"":0,""wins"":6}","{""games"":6,""losses"":1,""ties"":0,""wins"":5}","{""games"":1,""losses"":0,""ties"":0,""wins"":1}","{""games"":13,""losses"":2,""ties"":0,""wins"":11}","{""games"":1,""losses"":0,""ties"":0,""wins"":1}"
2025,251,Texas,fbs,SEC,,8.816103100776672,"{""games"":13,""losses"":3,""ties"":0,""wins"":10}","{""games"":8,""losses"":2,""ties"":0,""wins"":6}","{""games"":6,""losses"":0,""ties"":0,""wins"":6}","{""games"":5,""losses"":3,""ties"":0,""wins"":2}","{""games"":2,""losses"":0,""ties"":0,""wins"":2}","{""games"":12,""losses"":3,""ties"":0,""wins"":9}","{""games"":1,""losses"":0,""ties"":0,""wins"":1}"
2025,252,BYU,fbs,Big 12,,9.772541430778801,"{""games"":14,""losses"":2,""ties"":0,""wins"":12}","{""games"":9,""losses"":1,""ties"":0,""wins"":8}","{""games"":6,""losses"":0,""ties"":0,""wins"":6}","{""games"":6,""losses"":1,""ties"":0,""wins"":5}","{""games"":2,""losses"":1,""ties"":0,""wins"":1}","{""games"":13,""losses"":2,""ties"":0,""wins"":11}","{""games"":1,""losses"":0,""ties"":0,""wins"":1}"
2025,254,Utah,fbs,Big 12,,10.497404709458351,"{""games"":13,""losses"":2,""ties"":0,""wins"":11}","{""games"":9,""losses"":2,""ties"":0,""wins"":7}","{""games"":6,""losses"":1,""ties"":0,""wins"":5}","{""games"":6,""losses"":1,""ties"":0,""wins"":5}","{""games"":1,""losses"":0,""ties"":0,""wins"":1}","{""games"":12,""losses"":2,""ties"":0,""wins"":10}","{""games"":1,""losses"":0,""ties"":0,""wins"":1}"
2025,256,James Madison,fbs,Sun Belt,East,11.116385696455836,"{""games"":14,""losses"":2,""ties"":0,""wins"":12}","{""games"":8,""losses"":0,""ties"":0,""wins"":8}","{""games"":7,""losses"":0,""ties"":0,""wins"":7}","{""games"":7,""losses"":2,""ties"":0,""wins"":5}","{""games"":0,""losses"":0,""ties"":0,""wins"":0}","{""games"":13,""losses"":1,""ties"":0,""wins"":12}","{""games"":1,""losses"":1,""ties"":0,""wins"":0}"
2025,258,Virginia,fbs,ACC,,9.324167450889945,"{""games"":14,""losses"":3,""ties"":0,""wins"":11}","{""games"":8,""losses"":1,""ties"":0,""wins"":7}","{""games"":7,""losses"":1,""ties"":0,""wins"":6}","{""games"":5,""losses"":1,""ties"":0,""wins"":4}","{""games"":2,""losses"":1,""ties"":0,""wins"":1}","{""games"":13,""losses"":3,""ties"":0,""wins"":10}","{""games"":1,""losses"":0,""ties"":0,""wins"":1}"
2025,259,Virginia Tech,fbs,ACC,,3.481005109846592,"{""games"":12,""losses"":9,""ties"":0,""wins"":3}","{""games"":8,""losses"":6,""ties"":0,""wins"":2}","{""games"":7,""losses"":5,""ties"":0,""wins"":2}","{""games"":4,""losses"":3,""ties"":0,""wins"":1}","{""games"":1,""losses"":1,""ties"":0,""wins"":0}","{""games"":12,""losses"":9,""ties"":0,""wins"":3}","{""games"":0,""losses"":0,""ties"":0,""wins"":0}"
2025,264,Washington,fbs,Big Ten,,8.554716039448977,"{""games"":13,""losses"":4,""ties"":0,""wins"":9}","{""games"":9,""losses"":4,""ties"":0,""wins"":5}","{""games"":7,""losses"":2,""ties"":0,""wins"":5}","{""games"":5,""losses"":2,""ties"":0,""wins"":3}","{""games"":1,""losses"":0,""ties"":0,""wins"":1}","{""games"":12,""losses"":4,""ties"":0,""wins"":8}","{""games"":1,""losses"":0,""ties"":0,""wins"":1}"
2025,265,Washington State,fbs,Pac-12,,6.687712997198105,"{""games"":13,""losses"":6,""ties"":0,""wins"":7}","{""games"":2,""losses"":1,""ties"":0,""wins"":1}","{""games"":6,""losses"":1,""ties"":0,""wins"":5}","{""games"":6,""losses"":5,""ties"":0,""wins"":1}","{""games"":1,""losses"":0,""ties"":0,""wins"":1}","{""games"":12,""losses"":6,""ties"":0,""wins"":6}","{""games"":1,""losses"":0,""ties"":0,""wins"":1}"
2025,275,Wisconsin,fbs,Big Ten,,4.2638761810958385,"{""games"":12,""losses"":8,""ties"":0,""wins"":4}","{""games"":9,""losses"":7,""ties"":0,""wins"":2}","{""games"":7,""losses"":3,""ties"":0,""wins"":4}","{""games"":5,""losses"":5,""ties"":0,""wins"":0}","{""games"":0,""losses"":0,""ties"":0,""wins"":0}","{""games"":12,""losses"":8,""ties"":0,""wins"":4}","{""games"":0,""losses"":0,""ties"":0,""wins"":0}"
2025,276,Marshall,fbs,Sun Belt,East,7.387009144760668,"{""games"":12,""losses"":7,""ties"":0,""wins"":5}","{""games"":8,""losses"":5,""ties"":0,""wins"":3}","{""games"":6,""losses"":3,""ties"":0,""wins"":3}","{""games"":6,""losses"":4,""ties"":0,""wins"":2}","{""games"":0,""losses"":0,""ties"":0,""wins"":0}","{""games"":12,""losses"":7,""ties"":0,""wins"":5}","{""games"":0,""losses"":0,""ties"":0,""wins"":0}"
2025,277,West Virginia,fbs,Big 12,,3.9835870107635856,"{""games"":12,""losses"":8,""ties"":0,""wins"":4}","{""games"":9,""losses"":7,""ties"":0,""wins"":2}","{""games"":6,""losses"":3,""ties"":0,""wins"":3}","{""games"":6,""losses"":5,""ties"":0,""wins"":1}","{""games"":0,""losses"":0,""ties"":0,""wins"":0}","{""games"":12,""losses"":8,""ties"":0,""wins"":4}","{""games"":0,""losses"":0,""ties"":0,""wins"":0}"
2025,278,Fresno State,fbs,Mountain West,,7.6856272062286735,"{""games"":13,""losses"":4,""ties"":0,""wins"":9}","{""games"":8,""losses"":3,""ties"":0,""wins"":5}","{""games"":6,""losses"":2,""ties"":0,""wins"":4}","{""games"":6,""losses"":2,""ties"":0,""wins"":4}","{""games"":1,""losses"":0,""ties"":0,""wins"":1}","{""games"":12,""losses"":4,""ties"":0,""wins"":8}","{""games"":1,""losses"":0,""ties"":0,""wins"":1}"
2025,290,Georgia Southern,fbs,Sun Belt,East,6.207171031041071,"{""games"":13,""losses"":6,""ties"":0,""wins"":7}","{""games"":8,""losses"":4,""ties"":0,""wins"":4}","{""games"":6,""losses"":2,""ties"":0,""wins"":4}","{""games"":6,""losses"":4,""ties"":0,""wins"":2}","{""games"":1,""losses"":0,""ties"":0,""wins"":1}","{""games"":12,""losses"":6,""ties"":0,""wins"":6}","{""games"":1,""losses"":0,""ties"":0,""wins"":1}"
2025,295,Old Dominion,fbs,Sun Belt,East,10.037084049545228,"{""games"":13,""losses"":3,""ties"":0,""wins"":10}","{""games"":8,""losses"":2,""ties"":0,""wins"":6}","{""games"":6,""losses"":0,""ties"":0,""wins"":6}","{""games"":6,""losses"":3,""ties"":0,""wins"":3}","{""games"":1,""losses"":0,""ties"":0,""wins"":1}","{""games"":12,""losses"":3,""ties"":0,""wins"":9}","{""games"":1,""losses"":0,""ties"":0,""wins"":1}"
2025,309,Louisiana,fbs,Sun Belt,West,4.51382109709084,"{""games"":13,""losses"":7,""ties"":0,""wins"":6}","{""games"":8,""losses"":3,""ties"":0,""wins"":5}","{""games"":6,""losses"":2,""ties"":0,""wins"":4}","{""games"":6,""losses"":4,""ties"":0,""wins"":2}","{""games"":1,""losses"":1,""ties"":0,""wins"":0}","{""games"":12,""losses"":6,""ties"":0,""wins"":6}","{""games"":1,""losses"":1,""ties"":0,""wins"":0}"
2025,324,Coastal Carolina,fbs,Sun Belt,East,5.621745676733553,"{""games"":13,""losses"":7,""ties"":0,""wins"":6}","{""games"":8,""losses"":3,""ties"":0,""wins"":5}","{""games"":6,""losses"":2,""ties"":0,""wins"":4}","{""games"":6,""losses"":4,""ties"":0,""wins"":2}","{""games"":1,""losses"":1,""ties"":0,""wins"":0}","{""games"":12,""losses"":6,""ties"":0,""wins"":6}","{""games"":1,""losses"":1,""ties"":0,""wins"":0}"
2025,326,Texas State,fbs,Sun Belt,West,8.815917710773647,"{""games"":13,""losses"":6,""ties"":0,""wins"":7}","{""games"":8,""losses"":5,""ties"":0,""wins"":3}","{""games"":6,""losses"":2,""ties"":0,""wins"":4}","{""games"":6,""losses"":4,""ties"":0,""wins"":2}","{""games"":1,""losses"":0,""ties"":0,""wins"":1}","{""games"":12,""losses"":6,""ties"":0,""wins"":6}","{""games"":1,""losses"":0,""ties"":0,""wins"":1}"
2025,328,Utah State,fbs,Mountain West,,6.599833779968321,"{""games"":13,""losses"":7,""ties"":0,""wins"":6}","{""games"":8,""losses"":4,""ties"":0,""wins"":4}","{""games"":6,""losses"":1,""ties"":0,""wins"":5}","{""games"":6,""losses"":5,""ties"":0,""wins"":1}","{""games"":1,""losses"":1,""ties"":0,""wins"":0}","{""games"":12,""losses"":6,""ties"":0,""wins"":6}","{""games"":1,""losses"":1,""ties"":0,""wins"":0}"
2025,333,Alabama,fbs,SEC,,9.528605431318283,"{""games"":15,""losses"":4,""ties"":0,""wins"":11}","{""games"":8,""losses"":1,""ties"":0,""wins"":7}","{""games"":7,""losses"":1,""ties"":0,""wins"":6}","{""games"":6,""losses"":1,""ties"":0,""wins"":5}","{""games"":2,""losses"":2,""ties"":0,""wins"":0}","{""games"":13,""losses"":3,""ties"":0,""wins"":10}","{""games"":2,""losses"":1,""ties"":0,""wins"":1}"
2025,338,Kennesaw State,fbs,Conference USA,,8.843530133366585,"{""games"":14,""losses"":4,""ties"":0,""wins"":10}","{""games"":8,""losses"":1,""ties"":0,""wins"":7}","{""games"":6,""losses"":0,""ties"":0,""wins"":6}","{""games"":7,""losses"":3,""ties"":0,""wins"":4}","{""games"":1,""losses"":1,""ties"":0,""wins"":0}","{""games"":13,""losses"":3,""ties"":0,""wins"":10}","{""games"":1,""losses"":1,""ties"":0,""wins"":0}"
2025,344,Mississippi State,fbs,SEC,,5.18956786673516,"{""games"":13,""losses"":8,""ties"":0,""wins"":5}","{""games"":8,""losses"":7,""ties"":0,""wins"":1}","{""games"":7,""losses"":4,""ties"":0,""wins"":3}","{""games"":5,""losses"":3,""ties"":0,""wins"":2}","{""games"":1,""losses"":1,""ties"":0,""wins"":0}","{""games"":12,""losses"":7,""ties"":0,""wins"":5}","{""games"":1,""losses"":1,""ties"":0,""wins"":0}"
2025,349,Army,fbs,American Athletic,,7.233400885015726,"{""games"":13,""losses"":6,""ties"":0,""wins"":7}","{""games"":9,""losses"":5,""ties"":0,""wins"":4}","{""games"":5,""losses"":3,""ties"":0,""wins"":2}","{""games"":6,""losses"":2,""ties"":0,""wins"":4}","{""games"":2,""losses"":1,""ties"":0,""wins"":1}","{""games"":12,""losses"":6,""ties"":0,""wins"":6}","{""games"":1,""losses"":0,""ties"":0,""wins"":1}"
2025,356,Illinois,fbs,Big Ten,,7.886051539331675,"{""games"":13,""losses"":4,""ties"":0,""wins"":9}","{""games"":9,""losses"":4,""ties"":0,""wins"":5}","{""games"":7,""losses"":1,""ties"":0,""wins"":6}","{""games"":5,""losses"":3,""ties"":0,""wins"":2}","{""games"":1,""losses"":0,""ties"":0,""wins"":1}","{""games"":12,""losses"":4,""ties"":0,""wins"":8}","{""games"":1,""losses"":0,""ties"":0,""wins"":1}"
2025,2005,Air Force,fbs,Mountain West,,4.864275292493403,"{""games"":12,""losses"":8,""ties"":0,""wins"":4}","{""games"":8,""losses"":5,""ties"":0,""wins"":3}","{""games"":6,""losses"":4,""ties"":0,""wins"":2}","{""games"":6,""losses"":4,""ties"":0,""wins"":2}","{""games"":0,""losses"":0,""ties"":0,""wins"":0}","{""games"":12,""losses"":8,""ties"":0,""wins"":4}","{""games"":0,""losses"":0,""ties"":0,""wins"":0}"
2025,2006,Akron,fbs,Mid-American,,4.747246567159891,"{""games"":12,""losses"":7,""ties"":0,""wins"":5}","{""games"":8,""losses"":4,""ties"":0,""wins"":4}","{""games"":6,""losses"":3,""ties"":0,""wins"":3}","{""games"":6,""losses"":4,""ties"":0,""wins"":2}","{""games"":0,""losses"":0,""ties"":0,""wins"":0}","{""games"":12,""losses"":7,""ties"":0,""wins"":5}","{""games"":0,""losses"":0,""ties"":0,""wins"":0}"
2025,2026,App State,fbs,Sun Belt,East,5.332718519726768,"{""games"":13,""losses"":8,""ties"":0,""wins"":5}","{""games"":8,""losses"":6,""ties"":0,""wins"":2}","{""games"":6,""losses"":3,""ties"":0,""wins"":3}","{""games"":5,""losses"":4,""ties"":0,""wins"":1}","{""games"":2,""losses"":1,""ties"":0,""wins"":1}","{""games"":12,""losses"":7,""ties"":0,""wins"":5}","{""games"":1,""losses"":1,""ties"":0,""wins"":0}"
2025,2032,Arkansas State,fbs,Sun Belt,West,4.956869047135115,"{""games"":13,""losses"":6,""ties"":0,""wins"":7}","{""games"":8,""losses"":3,""ties"":0,""wins"":5}","{""games"":6,""losses"":3,""ties"":0,""wins"":3}","{""games"":5,""losses"":2,""ties"":0,""wins"":3}","{""games"":2,""losses"":1,""ties"":0,""wins"":1}","{""games"":12,""losses"":6,""ties"":0,""wins"":6}","{""games"":1,""losses"":0,""ties"":0,""wins"":1}"
2025,2050,Ball State,fbs,Mid-American,,3.5876096189022064,"{""games"":12,""losses"":8,""ties"":0,""wins"":4}","{""games"":8,""losses"":5,""ties"":0,""wins"":3}","{""games"":5,""losses"":1,""ties"":0,""wins"":4}","{""games"":7,""losses"":7,""ties"":0,""wins"":0}","{""games"":0,""losses"":0,""ties"":0,""wins"":0}","{""games"":12,""losses"":8,""ties"":0,""wins"":4}","{""games"":0,""losses"":0,""ties"":0,""wins"":0}"
2025,2084,Buffalo,fbs,Mid-American,,4.580944329500198,"{""games"":12,""losses"":7,""ties"":0,""wins"":5}","{""games"":8,""losses"":4,""ties"":0,""wins"":4}","{""games"":7,""losses"":5,""ties"":0,""wins"":2}","{""games"":5,""losses"":2,""ties"":0,""wins"":3}","{""games"":0,""losses"":0,""ties"":0,""wins"":0}","{""games"":12,""losses"":7,""ties"":0,""wins"":5}","{""games"":0,""losses"":0,""ties"":0,""wins"":0}"
2025,2116,UCF,fbs,Big 12,,5.747932195663452,"{""games"":12,""losses"":7,""ties"":0,""wins"":5}","{""games"":9,""losses"":7,""ties"":0,""wins"":2}","{""games"":7,""losses"":2,""ties"":0,""wins"":5}","{""games"":5,""losses"":5,""ties"":0,""wins"":0}","{""games"":0,""losses"":0,""ties"":0,""wins"":0}","{""games"":12,""losses"":7,""ties"":0,""wins"":5}","{""games"":0,""losses"":0,""ties"":0,""wins"":0}"
2025,2117,Central Michigan,fbs,Mid-American,,7.554393384605646,"{""games"":13,""losses"":6,""ties"":0,""wins"":7}","{""games"":8,""losses"":3,""ties"":0,""wins"":5}","{""games"":5,""losses"":1,""ties"":0,""wins"":4}","{""games"":7,""losses"":4,""ties"":0,""wins"":3}","{""games"":1,""losses"":1,""ties"":0,""wins"":0}","{""games"":12,""losses"":5,""ties"":0,""wins"":7}","{""games"":1,""losses"":1,""ties"":0,""wins"":0}"
2025,2132,Cincinnati,fbs,Big 12,,7.154253660701215,"{""games"":13,""losses"":6,""ties"":0,""wins"":7}","{""games"":9,""losses"":4,""ties"":0,""wins"":5}","{""games"":7,""losses"":2,""ties"":0,""wins"":5}","{""games"":4,""losses"":2,""ties"":0,""wins"":2}","{""games"":2,""losses"":2,""ties"":0,""wins"":0}","{""games"":12,""losses"":5,""ties"":0,""wins"":7}","{""games"":1,""losses"":1,""ties"":0,""wins"":0}"
2025,2199,Eastern Michigan,fbs,Mid-American,,4.412684704177082,"{""games"":12,""losses"":8,""ties"":0,""wins"":4}","{""games"":8,""losses"":5,""ties"":0,""wins"":3}","{""games"":6,""losses"":3,""ties"":0,""wins"":3}","{""games"":6,""losses"":5,""ties"":0,""wins"":1}","{""games"":0,""losses"":0,""ties"":0,""wins"":0}","{""games"":12,""losses"":8,""ties"":0,""wins"":4}","{""games"":0,""losses"":0,""ties"":0,""wins"":0}"
2025,2226,Florida Atlantic,fbs,American Athletic,,3.80281943641603,"{""games"":12,""losses"":8,""ties"":0,""wins"":4}","{""games"":8,""losses"":5,""ties"":0,""wins"":3}","{""games"":6,""losses"":3,""ties"":0,""wins"":3}","{""games"":6,""losses"":5,""ties"":0,""wins"":1}","{""games"":0,""losses"":0,""ties"":0,""wins"":0}","{""games"":12,""losses"":8,""ties"":0,""wins"":4}","{""games"":0,""losses"":0,""ties"":0,""wins"":0}"
2025,2229,Florida International,fbs,Conference USA,,7.1589970756322145,"{""games"":13,""losses"":6,""ties"":0,""wins"":7}","{""games"":8,""losses"":3,""ties"":0,""wins"":5}","{""games"":6,""losses"":2,""ties"":0,""wins"":4}","{""games"":5,""losses"":3,""ties"":0,""wins"":2}","{""games"":2,""losses"":1,""ties"":0,""wins"":1}","{""games"":12,""losses"":5,""ties"":0,""wins"":7}","{""games"":1,""losses"":1,""ties"":0,""wins"":0}"
2025,2247,Georgia State,fbs,Sun Belt,East,1.846501188352704,"{""games"":12,""losses"":11,""ties"":0,""wins"":1}","{""games"":8,""losses"":8,""ties"":0,""wins"":0}","{""games"":6,""losses"":5,""ties"":0,""wins"":1}","{""games"":6,""losses"":6,""ties"":0,""wins"":0}","{""games"":0,""losses"":0,""ties"":0,""wins"":0}","{""games"":12,""losses"":11,""ties"":0,""wins"":1}","{""games"":0,""losses"":0,""ties"":0,""wins"":0}"
2025,2294,Iowa,fbs,Big Ten,,9.37987233698368,"{""games"":13,""losses"":4,""ties"":0,""wins"":9}","{""games"":9,""losses"":3,""ties"":0,""wins"":6}","{""games"":7,""losses"":2,""ties"":0,""wins"":5}","{""games"":5,""losses"":2,""ties"":0,""wins"":3}","{""games"":1,""losses"":0,""ties"":0,""wins"":1}","{""games"":12,""losses"":4,""ties"":0,""wins"":8}","{""games"":1,""losses"":0,""ties"":0,""wins"":1}"
2025,2305,Kansas,fbs,Big 12,,6.348532635718584,"{""games"":12,""losses"":7,""ties"":0,""wins"":5}","{""games"":9,""losses"":6,""ties"":0,""wins"":3}","{""games"":7,""losses"":3,""ties"":0,""wins"":4}","{""games"":5,""losses"":4,""ties"":0,""wins"":1}","{""games"":0,""losses"":0,""ties"":0,""wins"":0}","{""games"":12,""losses"":7,""ties"":0,""wins"":5}","{""games"":0,""losses"":0,""ties"":0,""wins"":0}"
2025,2306,Kansas State,fbs,Big 12,,7.172528978437185,"{""games"":12,""losses"":6,""ties"":0,""wins"":6}","{""games"":9,""losses"":4,""ties"":0,""wins"":5}","{""games"":6,""losses"":2,""ties"":0,""wins"":4}","{""games"":5,""losses"":3,""ties"":0,""wins"":2}","{""games"":1,""losses"":1,""ties"":0,""wins"":0}","{""games"":12,""losses"":6,""ties"":0,""wins"":6}","{""games"":0,""losses"":0,""ties"":0,""wins"":0}"
2025,2309,Kent State,fbs,Mid-American,,4.109457068145275,"{""games"":12,""losses"":7,""ties"":0,""wins"":5}","{""games"":8,""losses"":4,""ties"":0,""wins"":4}","{""games"":5,""losses"":2,""ties"":0,""wins"":3}","{""games"":7,""losses"":5,""ties"":0,""wins"":2}","{""games"":0,""losses"":0,""ties"":0,""wins"":0}","{""games"":12,""losses"":7,""ties"":0,""wins"":5}","{""games"":0,""losses"":0,""ties"":0,""wins"":0}"
2025,2335,Liberty,fbs,Conference USA,,4.7077808398753405,"{""games"":12,""losses"":8,""ties"":0,""wins"":4}","{""games"":8,""losses"":5,""ties"":0,""wins"":3}","{""games"":6,""losses"":3,""ties"":0,""wins"":3}","{""games"":6,""losses"":5,""ties"":0,""wins"":1}","{""games"":0,""losses"":0,""ties"":0,""wins"":0}","{""games"":12,""losses"":8,""ties"":0,""wins"":4}","{""games"":0,""losses"":0,""ties"":0,""wins"":0}"
2025,2348,Louisiana Tech,fbs,Conference USA,,8.936797358095646,"{""games"":13,""losses"":5,""ties"":0,""wins"":8}","{""games"":8,""losses"":3,""ties"":0,""wins"":5}","{""games"":6,""losses"":1,""ties"":0,""wins"":5}","{""games"":6,""losses"":4,""ties"":0,""wins"":2}","{""games"":1,""losses"":0,""ties"":0,""wins"":1}","{""games"":12,""losses"":5,""ties"":0,""wins"":7}","{""games"":1,""losses"":0,""ties"":0,""wins"":1}"
2025,2390,Miami,fbs,ACC,,13.840311659500003,"{""games"":16,""losses"":3,""ties"":0,""wins"":13}","{""games"":8,""losses"":2,""ties"":0,""wins"":6}","{""games"":8,""losses"":1,""ties"":0,""wins"":7}","{""games"":5,""losses"":1,""ties"":0,""wins"":4}","{""games"":3,""losses"":1,""ties"":0,""wins"":2}","{""games"":12,""losses"":2,""ties"":0,""wins"":10}","{""games"":4,""losses"":1,""ties"":0,""wins"":3}"
2025,2393,Middle Tennessee,fbs,Conference USA,,3.217961841262877,"{""games"":12,""losses"":9,""ties"":0,""wins"":3}","{""games"":8,""losses"":6,""ties"":0,""wins"":2}","{""games"":6,""losses"":5,""ties"":0,""wins"":1}","{""games"":6,""losses"":4,""ties"":0,""wins"":2}","{""games"":0,""losses"":0,""ties"":0,""wins"":0}","{""games"":12,""losses"":9,""ties"":0,""wins"":3}","{""games"":0,""losses"":0,""ties"":0,""wins"":0}"
2025,2426,Navy,fbs,American Athletic,,9.528860354796052,"{""games"":13,""losses"":2,""ties"":0,""wins"":11}","{""games"":9,""losses"":1,""ties"":0,""wins"":8}","{""games"":6,""losses"":0,""ties"":0,""wins"":6}","{""games"":5,""losses"":2,""ties"":0,""wins"":3}","{""games"":2,""losses"":0,""ties"":0,""wins"":2}","{""games"":12,""losses"":2,""ties"":0,""wins"":10}","{""games"":1,""losses"":0,""ties"":0,""wins"":1}"
2025,2429,Charlotte,fbs,American Athletic,,1.3611312005668879,"{""games"":12,""losses"":11,""ties"":0,""wins"":1}","{""games"":8,""losses"":8,""ties"":0,""wins"":0}","{""games"":6,""losses"":5,""ties"":0,""wins"":1}","{""games"":5,""losses"":5,""ties"":0,""wins"":0}","{""games"":1,""losses"":1,""ties"":0,""wins"":0}","{""games"":12,""losses"":11,""ties"":0,""wins"":1}","{""games"":0,""losses"":0,""ties"":0,""wins"":0}"
2025,2433,UL Monroe,fbs,Sun Belt,West,4.088023729273118,"{""games"":12,""losses"":9,""ties"":0,""wins"":3}","{""games"":8,""losses"":7,""ties"":0,""wins"":1}","{""games"":5,""losses"":3,""ties"":0,""wins"":2}","{""games"":7,""losses"":6,""ties"":0,""wins"":1}","{""games"":0,""losses"":0,""ties"":0,""wins"":0}","{""games"":12,""losses"":9,""ties"":0,""wins"":3}","{""games"":0,""losses"":0,""ties"":0,""wins"":0}"
2025,2439,UNLV,fbs,Mountain West,,9.121904074214399,"{""games"":14,""losses"":4,""ties"":0,""wins"":10}","{""games"":8,""losses"":2,""ties"":0,""wins"":6}","{""games"":6,""losses"":1,""ties"":0,""wins"":5}","{""games"":6,""losses"":2,""ties"":0,""wins"":4}","{""games"":2,""losses"":1,""ties"":0,""wins"":1}","{""games"":13,""losses"":3,""ties"":0,""wins"":10}","{""games"":1,""losses"":1,""ties"":0,""wins"":0}"
2025,2440,Nevada,fbs,Mountain West,,4.133330221287906,"{""games"":12,""losses"":9,""ties"":0,""wins"":3}","{""games"":8,""losses"":6,""ties"":0,""wins"":2}","{""games"":6,""losses"":4,""ties"":0,""wins"":2}","{""games"":6,""losses"":5,""ties"":0,""wins"":1}","{""games"":0,""losses"":0,""ties"":0,""wins"":0}","{""games"":12,""losses"":9,""ties"":0,""wins"":3}","{""games"":0,""losses"":0,""ties"":0,""wins"":0}"
2025,2459,Northern Illinois,fbs,Mid-American,,4.089468044228852,"{""games"":12,""losses"":9,""ties"":0,""wins"":3}","{""games"":8,""losses"":6,""ties"":0,""wins"":2}","{""games"":6,""losses"":4,""ties"":0,""wins"":2}","{""games"":6,""losses"":5,""ties"":0,""wins"":1}","{""games"":0,""losses"":0,""ties"":0,""wins"":0}","{""games"":12,""losses"":9,""ties"":0,""wins"":3}","{""games"":0,""losses"":0,""ties"":0,""wins"":0}"
2025,2483,Oregon,fbs,Big Ten,,12.319543205201626,"{""games"":15,""losses"":2,""ties"":0,""wins"":13}","{""games"":9,""losses"":1,""ties"":0,""wins"":8}","{""games"":8,""losses"":1,""ties"":0,""wins"":7}","{""games"":5,""losses"":0,""ties"":0,""wins"":5}","{""games"":2,""losses"":1,""ties"":0,""wins"":1}","{""games"":12,""losses"":1,""ties"":0,""wins"":11}","{""games"":3,""losses"":1,""ties"":0,""wins"":2}"
2025,2509,Purdue,fbs,Big Ten,,3.4108111076056957,"{""games"":12,""losses"":10,""ties"":0,""wins"":2}","{""games"":9,""losses"":9,""ties"":0,""wins"":0}","{""games"":7,""losses"":5,""ties"":0,""wins"":2}","{""games"":5,""losses"":5,""ties"":0,""wins"":0}","{""games"":0,""losses"":0,""ties"":0,""wins"":0}","{""games"":12,""losses"":10,""ties"":0,""wins"":2}","{""games"":0,""losses"":0,""ties"":0,""wins"":0}"
2025,2534,Sam Houston,fbs,Conference USA,,1.609154349192977,"{""games"":12,""losses"":10,""ties"":0,""wins"":2}","{""games"":8,""losses"":7,""ties"":0,""wins"":1}","{""games"":0,""losses"":0,""ties"":0,""wins"":0}","{""games"":7,""losses"":6,""ties"":0,""wins"":1}","{""games"":5,""losses"":4,""ties"":0,""wins"":1}","{""games"":12,""losses"":10,""ties"":0,""wins"":2}","{""games"":0,""losses"":0,""ties"":0,""wins"":0}"
2025,2567,SMU,fbs,ACC,,9.20283108484,"{""games"":13,""losses"":4,""ties"":0,""wins"":9}","{""games"":8,""losses"":2,""ties"":0,""wins"":6}","{""games"":6,""losses"":1,""ties"":0,""wins"":5}","{""games"":6,""losses"":3,""ties"":0,""wins"":3}","{""games"":1,""losses"":0,""ties"":0,""wins"":1}","{""games"":12,""losses"":4,""ties"":0,""wins"":8}","{""games"":1,""losses"":0,""ties"":0,""wins"":1}"
2025,2572,Southern Miss,fbs,Sun Belt,West,7.391729230061173,"{""games"":13,""losses"":6,""ties"":0,""wins"":7}","{""games"":8,""losses"":3,""ties"":0,""wins"":5}","{""games"":7,""losses"":3,""ties"":0,""wins"":4}","{""games"":5,""losses"":2,""ties"":0,""wins"":3}","{""games"":1,""losses"":1,""ties"":0,""wins"":0}","{""games"":12,""losses"":5,""ties"":0,""wins"":7}","{""games"":1,""losses"":1,""ties"":0,""wins"":0}"
2025,2579,South Carolina,fbs,SEC,,4.00651282351464,"{""games"":12,""losses"":8,""ties"":0,""wins"":4}","{""games"":8,""losses"":7,""ties"":0,""wins"":1}","{""games"":7,""losses"":4,""ties"":0,""wins"":3}","{""games"":4,""losses"":4,""ties"":0,""wins"":0}","{""games"":1,""losses"":0,""ties"":0,""wins"":1}","{""games"":12,""losses"":8,""ties"":0,""wins"":4}","{""games"":0,""losses"":0,""ties"":0,""wins"":0}"
2025,2623,Missouri State,fbs,Conference USA,,5.9231668980792165,"{""games"":13,""losses"":6,""ties"":0,""wins"":7}","{""games"":8,""losses"":3,""ties"":0,""wins"":5}","{""games"":6,""losses"":3,""ties"":0,""wins"":3}","{""games"":6,""losses"":2,""ties"":0,""wins"":4}","{""games"":1,""losses"":1,""ties"":0,""wins"":0}","{""games"":12,""losses"":5,""ties"":0,""wins"":7}","{""games"":1,""losses"":1,""ties"":0,""wins"":0}"
2025,2628,TCU,fbs,Big 12,,7.729607857763767,"{""games"":13,""losses"":4,""ties"":0,""wins"":9}","{""games"":9,""losses"":4,""ties"":0,""wins"":5}","{""games"":6,""losses"":1,""ties"":0,""wins"":5}","{""games"":6,""losses"":3,""ties"":0,""wins"":3}","{""games"":1,""losses"":0,""ties"":0,""wins"":1}","{""games"":12,""losses"":4,""ties"":0,""wins"":8}","{""games"":1,""losses"":0,""ties"":0,""wins"":1}"
2025,2633,Tennessee,fbs,SEC,,9.345226869918406,"{""games"":13,""losses"":5,""ties"":0,""wins"":8}","{""games"":8,""losses"":4,""ties"":0,""wins"":4}","{""games"":7,""losses"":3,""ties"":0,""wins"":4}","{""games"":4,""losses"":1,""ties"":0,""wins"":3}","{""games"":2,""losses"":1,""ties"":0,""wins"":1}","{""games"":12,""losses"":4,""ties"":0,""wins"":8}","{""games"":1,""losses"":1,""ties"":0,""wins"":0}"
2025,2636,UTSA,fbs,American Athletic,,6.620414080098271,"{""games"":13,""losses"":6,""ties"":0,""wins"":7}","{""games"":8,""losses"":4,""ties"":0,""wins"":4}","{""games"":6,""losses"":2,""ties"":0,""wins"":4}","{""games"":6,""losses"":4,""ties"":0,""wins"":2}","{""games"":1,""losses"":0,""ties"":0,""wins"":1}","{""games"":12,""losses"":6,""ties"":0,""wins"":6}","{""games"":1,""losses"":0,""ties"":0,""wins"":1}"
2025,2638,UTEP,fbs,Conference USA,,3.0098354633664712,"{""games"":12,""losses"":10,""ties"":0,""wins"":2}","{""games"":8,""losses"":7,""ties"":0,""wins"":1}","{""games"":6,""losses"":5,""ties"":0,""wins"":1}","{""games"":5,""losses"":5,""ties"":0,""wins"":0}","{""games"":1,""losses"":0,""ties"":0,""wins"":1}","{""games"":12,""losses"":10,""ties"":0,""wins"":2}","{""games"":0,""losses"":0,""ties"":0,""wins"":0}"
2025,2641,Texas Tech,fbs,Big 12,,12.26088229008019,"{""games"":14,""losses"":2,""ties"":0,""wins"":12}","{""games"":9,""losses"":1,""ties"":0,""wins"":8}","{""games"":7,""losses"":0,""ties"":0,""wins"":7}","{""games"":5,""losses"":1,""ties"":0,""wins"":4}","{""games"":2,""losses"":1,""ties"":0,""wins"":1}","{""games"":13,""losses"":1,""ties"":0,""wins"":12}","{""games"":1,""losses"":1,""ties"":0,""wins"":0}"
2025,2649,Toledo,fbs,Mid-American,,8.726389719173312,"{""games"":13,""losses"":5,""ties"":0,""wins"":8}","{""games"":8,""losses"":2,""ties"":0,""wins"":6}","{""games"":6,""losses"":0,""ties"":0,""wins"":6}","{""games"":6,""losses"":4,""ties"":0,""wins"":2}","{""games"":1,""losses"":1,""ties"":0,""wins"":0}","{""games"":12,""losses"":4,""ties"":0,""wins"":8}","{""games"":1,""losses"":1,""ties"":0,""wins"":0}"
2025,2653,Troy,fbs,Sun Belt,West,6.454300373792648,"{""games"":14,""losses"":6,""ties"":0,""wins"":8}","{""games"":8,""losses"":2,""ties"":0,""wins"":6}","{""games"":6,""losses"":2,""ties"":0,""wins"":4}","{""games"":7,""losses"":3,""ties"":0,""wins"":4}","{""games"":1,""losses"":1,""ties"":0,""wins"":0}","{""games"":13,""losses"":5,""ties"":0,""wins"":8}","{""games"":1,""losses"":1,""ties"":0,""wins"":0}"
2025,2655,Tulane,fbs,American Athletic,,10.270893063396215,"{""games"":14,""losses"":3,""ties"":0,""wins"":11}","{""games"":8,""losses"":1,""ties"":0,""wins"":7}","{""games"":7,""losses"":0,""ties"":0,""wins"":7}","{""games"":7,""losses"":3,""ties"":0,""wins"":4}","{""games"":0,""losses"":0,""ties"":0,""wins"":0}","{""games"":13,""losses"":2,""ties"":0,""wins"":11}","{""games"":1,""losses"":1,""ties"":0,""wins"":0}"
2025,2711,Western Michigan,fbs,Mid-American,,9.520277228206396,"{""games"":14,""losses"":4,""ties"":0,""wins"":10}","{""games"":8,""losses"":1,""ties"":0,""wins"":7}","{""games"":6,""losses"":1,""ties"":0,""wins"":5}","{""games"":6,""losses"":3,""ties"":0,""wins"":3}","{""games"":2,""losses"":0,""ties"":0,""wins"":2}","{""games"":13,""losses"":4,""ties"":0,""wins"":9}","{""games"":1,""losses"":0,""ties"":0,""wins"":1}"
2025,2751,Wyoming,fbs,Mountain West,,3.9068530946969986,"{""games"":12,""losses"":8,""ties"":0,""wins"":4}","{""games"":8,""losses"":6,""ties"":0,""wins"":2}","{""games"":6,""losses"":3,""ties"":0,""wins"":3}","{""games"":6,""losses"":5,""ties"":0,""wins"":1}","{""games"":0,""losses"":0,""ties"":0,""wins"":0}","{""games"":12,""losses"":8,""ties"":0,""wins"":4}","{""games"":0,""losses"":0,""ties"":0,""wins"":0}"
2026,2,Auburn,fbs,SEC,,1.3130481541156769,"{""games"":2,""losses"":0,""ties"":0,""wins"":2}","{""games"":0,""losses"":0,""ties"":0,""wins"":0}","{""games"":1,""losses"":0,""ties"":0,""wins"":1}","{""games"":0,""losses"":0,""ties"":0,""wins"":0}","{""games"":1,""losses"":0,""ties"":0,""wins"":1}","{""games"":2,""losses"":0,""ties"":0,""wins"":2}","{""games"":0,""losses"":0,""ties"":0,""wins"":0}"
2026,5,UAB,fbs,American Athletic,,0.9891293048858643,"{""games"":2,""losses"":1,""ties"":0,""wins"":1}","{""games"":0,""losses"":0,""ties"":0,""wins"":0}","{""games"":1,""losses"":0,""ties"":0,""wins"":1}","{""games"":1,""losses"":1,""ties"":0,""wins"":0}","{""games"":0,""losses"":0,""ties"":0,""wins"":0}","{""games"":2,""losses"":1,""ties"":0,""wins"":1}","{""games"":0,""losses"":0,""ties"":0,""wins"":0}"
2026,6,South Alabama,fbs,Sun Belt,West,1.337026059627533,"{""games"":2,""losses"":1,""ties"":0,""wins"":1}","{""games"":0,""losses"":0,""ties"":0,""wins"":0}","{""games"":1,""losses"":0,""ties"":0,""wins"":1}","{""games"":1,""losses"":1,""ties"":0,""wins"":0}","{""games"":0,""losses"":0,""ties"":0,""wins"":0}","{""games"":2,""losses"":1,""ties"":0,""wins"":1}","{""games"":0,""losses"":0,""ties"":0,""wins"":0}"
2026,8,Arkansas,fbs,SEC,,1.0043731927871704,"{""games"":2,""losses"":1,""ties"":0,""wins"":1}","{""games"":0,""losses"":0,""ties"":0,""wins"":0}","{""games"":1,""losses"":0,""ties"":0,""wins"":1}","{""games"":1,""losses"":1,""ties"":0,""wins"":0}","{""games"":0,""losses"":0,""ties"":0,""wins"":0}","{""games"":2,""losses"":1,""ties"":0,""wins"":1}","{""games"":0,""losses"":0,""ties"":0,""wins"":0}"
2026,9,Arizona State,fbs,Big 12,,1.009797990322113,"{""games"":2,""losses"":1,""ties"":0,""wins"":1}","{""games"":0,""losses"":0,""ties"":0,""wins"":0}","{""games"":1,""losses"":0,""ties"":0,""wins"":1}","{""games"":1,""losses"":1,""ties"":0,""wins"":0}","{""games"":0,""losses"":0,""ties"":0,""wins"":0}","{""games"":2,""losses"":1,""ties"":0,""wins"":1}","{""games"":0,""losses"":0,""ties"":0,""wins"":0}"
2026,12,Arizona,fbs,Big 12,,1.0082225799560547,"{""games"":2,""losses"":1,""ties"":0,""wins"":1}","{""games"":1,""losses"":1,""ties"":0,""wins"":0}","{""games"":1,""losses"":0,""ties"":0,""wins"":1}","{""games"":1,""losses"":1,""ties"":0,""wins"":0}","{""games"":0,""losses"":0,""ties"":0,""wins"":0}","{""games"":2,""losses"":1,""ties"":0,""wins"":1}","{""games"":0,""losses"":0,""ties"":0,""wins"":0}"
2026,16,Sacramento State,fbs,Mid-American,,1.10032057762146,"{""games"":3,""losses"":2,""ties"":0,""wins"":1}","{""games"":1,""losses"":1,""ties"":0,""wins"":0}","{""games"":1,""losses"":0,""ties"":0,""wins"":1}","{""games"":2,""losses"":2,""ties"":0,""wins"":0}","{""games"":0,""losses"":0,""ties"":0,""wins"":0}","{""games"":3,""losses"":2,""ties"":0,""wins"":1}","{""games"":0,""losses"":0,""ties"":0,""wins"":0}"
2026,21,San Diego State,fbs,Pac-12,,0.9711961150169373,"{""games"":2,""losses"":1,""ties"":0,""wins"":1}","{""games"":0,""losses"":0,""ties"":0,""wins"":0}","{""games"":1,""losses"":0,""ties"":0,""wins"":1}","{""games"":1,""losses"":1,""ties"":0,""wins"":0}","{""games"":0,""losses"":0,""ties"":0,""wins"":0}","{""games"":2,""losses"":1,""ties"":0,""wins"":1}","{""games"":0,""losses"":0,""ties"":0,""wins"":0}"
2026,23,San José State,fbs,Mountain West,,1.9749518632888794,"{""games"":3,""losses"":1,""ties"":0,""wins"":2}","{""games"":0,""losses"":0,""ties"":0,""wins"":0}","{""games"":1,""losses"":0,""ties"":0,""wins"":1}","{""games"":2,""losses"":1,""ties"":0,""wins"":1}","{""games"":0,""losses"":0,""ties"":0,""wins"":0}","{""games"":3,""losses"":1,""ties"":0,""wins"":2}","{""games"":0,""losses"":0,""ties"":0,""wins"":0}"
2026,24,Stanford,fbs,ACC,,1.0136542990803719,"{""games"":2,""losses"":1,""ties"":0,""wins"":1}","{""games"":1,""losses"":1,""ties"":0,""wins"":0}","{""games"":2,""losses"":1,""ties"":0,""wins"":1}","{""games"":0,""losses"":0,""ties"":0,""wins"":0}","{""games"":0,""losses"":0,""ties"":0,""wins"":0}","{""games"":2,""losses"":1,""ties"":0,""wins"":1}","{""games"":0,""losses"":0,""ties"":0,""wins"":0}"
2026,25,California,fbs,ACC,,0.5419560074806213,"{""games"":2,""losses"":1,""ties"":0,""wins"":1}","{""games"":1,""losses"":0,""ties"":0,""wins"":1}","{""games"":1,""losses"":1,""ties"":0,""wins"":0}","{""games"":1,""losses"":0,""ties"":0,""wins"":1}","{""games"":0,""losses"":0,""ties"":0,""wins"":0}","{""games"":2,""losses"":1,""ties"":0,""wins"":1}","{""games"":0,""losses"":0,""ties"":0,""wins"":0}"
2026,26,UCLA,fbs,Big Ten,,1.9974139332771301,"{""games"":2,""losses"":0,""ties"":0,""wins"":2}","{""games"":0,""losses"":0,""ties"":0,""wins"":0}","{""games"":1,""losses"":0,""ties"":0,""wins"":1}","{""games"":1,""losses"":0,""ties"":0,""wins"":1}","{""games"":0,""losses"":0,""ties"":0,""wins"":0}","{""games"":2,""losses"":0,""ties"":0,""wins"":2}","{""games"":0,""losses"":0,""ties"":0,""wins"":0}"
2026,30,USC,fbs,Big Ten,,2.931723177433014,"{""games"":3,""losses"":0,""ties"":0,""wins"":3}","{""games"":0,""losses"":0,""ties"":0,""wins"":0}","{""games"":3,""losses"":0,""ties"":0,""wins"":3}","{""games"":0,""losses"":0,""ties"":0,""wins"":0}","{""games"":0,""losses"":0,""ties"":0,""wins"":0}","{""games"":3,""losses"":0,""ties"":0,""wins"":3}","{""games"":0,""losses"":0,""ties"":0,""wins"":0}"
2026,36,Colorado State,fbs,Pac-12,,1.9798805117607117,"{""games"":2,""losses"":0,""ties"":0,""wins"":2}","{""games"":0,""losses"":0,""ties"":0,""wins"":0}","{""games"":2,""losses"":0,""ties"":0,""wins"":2}","{""games"":0,""losses"":0,""ties"":0,""wins"":0}","{""games"":0,""losses"":0,""ties"":0,""wins"":0}","{""games"":2,""losses"":0,""ties"":0,""wins"":2}","{""games"":0,""losses"":0,""ties"":0,""wins"":0}"
2026,38,Colorado,fbs,Big 12,,1.5239920616149902,"{""games"":2,""losses"":0,""ties"":0,""wins"":2}","{""games"":0,""losses"":0,""ties"":0,""wins"":0}","{""games"":1,""losses"":0,""ties"":0,""wins"":1}","{""games"":1,""losses"":0,""ties"":0,""wins"":1}","{""games"":0,""losses"":0,""ties"":0,""wins"":0}","{""games"":2,""losses"":0,""ties"":0,""wins"":2}","{""games"":0,""losses"":0,""ties"":0,""wins"":0}"
2026,41,UConn,fbs,FBS Independents,,1.0204077269881964,"{""games"":2,""losses"":1,""ties"":0,""wins"":1}","{""games"":0,""losses"":0,""ties"":0,""wins"":0}","{""games"":2,""losses"":1,""ties"":0,""wins"":1}","{""games"":0,""losses"":0,""ties"":0,""wins"":0}","{""games"":0,""losses"":0,""ties"":0,""wins"":0}","{""games"":2,""losses"":1,""ties"":0,""wins"":1}","{""games"":0,""losses"":0,""ties"":0,""wins"":0}"
2026,48,Delaware,fbs,Conference USA,,1.0300962328910828,"{""games"":2,""losses"":1,""ties"":0,""wins"":1}","{""games"":0,""losses"":0,""ties"":0,""wins"":0}","{""games"":1,""losses"":0,""ties"":0,""wins"":1}","{""games"":1,""losses"":1,""ties"":0,""wins"":0}","{""games"":0,""losses"":0,""ties"":0,""wins"":0}","{""games"":2,""losses"":1,""ties"":0,""wins"":1}","{""games"":0,""losses"":0,""ties"":0,""wins"":0}"
2026,52,Florida State,fbs,ACC,,1.0382414534687996,"{""games"":2,""losses"":1,""ties"":0,""wins"":1}","{""games"":1,""losses"":1,""ties"":0,""wins"":0}","{""games"":2,""losses"":1,""ties"":0,""wins"":1}","{""games"":0,""losses"":0,""ties"":0,""wins"":0}","{""games"":0,""losses"":0,""ties"":0,""wins"":0}","{""games"":2,""losses"":1,""ties"":0,""wins"":1}","{""games"":0,""losses"":0,""ties"":0,""wins"":0}"
2026,55,Jacksonville State,fbs,Conference USA,,1.7705626487731934,"{""games"":3,""losses"":2,""ties"":0,""wins"":1}","{""games"":0,""losses"":0,""ties"":0,""wins"":0}","{""games"":1,""losses"":0,""ties"":0,""wins"":1}","{""games"":2,""losses"":2,""ties"":0,""wins"":0}","{""games"":0,""losses"":0,""ties"":0,""wins"":0}","{""games"":3,""losses"":2,""ties"":0,""wins"":1}","{""games"":0,""losses"":0,""ties"":0,""wins"":0}"
2026,57,Florida,fbs,SEC,,1.9763710498809814,"{""games"":2,""losses"":0,""ties"":0,""wins"":2}","{""games"":0,""losses"":0,""ties"":0,""wins"":0}","{""games"":2,""losses"":0,""ties"":0,""wins"":2}","{""games"":0,""losses"":0,""ties"":0,""wins"":0}","{""games"":0,""losses"":0,""ties"":0,""wins"":0}","{""games"":2,""losses"":0,""ties"":0,""wins"":2}","{""games"":0,""losses"":0,""ties"":0,""wins"":0}"
2026,58,South Florida,fbs,American Athletic,,1.6378820836544037,"{""games"":2,""losses"":0,""ties"":0,""wins"":2}","{""games"":1,""losses"":0,""ties"":0,""wins"":1}","{""games"":1,""losses"":0,""ties"":0,""wins"":1}","{""games"":1,""losses"":0,""ties"":0,""wins"":1}","{""games"":0,""losses"":0,""ties"":0,""wins"":0}","{""games"":2,""losses"":0,""ties"":0,""wins"":2}","{""games"":0,""losses"":0,""ties"":0,""wins"":0}"
2026,59,Georgia Tech,fbs,ACC,,0.47424924932420254,"{""games"":2,""losses"":2,""ties"":0,""wins"":0}","{""games"":0,""losses"":0,""ties"":0,""wins"":0}","{""games"":2,""losses"":2,""ties"":0,""wins"":0}","{""games"":0,""losses"":0,""ties"":0,""wins"":0}","{""games"":0,""losses"":0,""ties"":0,""wins"":0}","{""games"":2,""losses"":2,""ties"":0,""wins"":0}","{""games"":0,""losses"":0,""ties"":0,""wins"":0}"
2026,61,Georgia,fbs,SEC,,1.9377915859222412,"{""games"":2,""losses"":0,""ties"":0,""wins"":2}","{""games"":0,""losses"":0,""ties"":0,""wins"":0}","{""games"":2,""losses"":0,""ties"":0,""wins"":2}","{""games"":0,""losses"":0,""ties"":0,""wins"":0}","{""games"":0,""losses"":0,""ties"":0,""wins"":0}","{""games"":2,""losses"":0,""ties"":0,""wins"":2}","{""games"":0,""losses"":0,""ties"":0,""wins"":0}"
2026,62,Hawai'i,fbs,Mountain West,,0.9851092211902142,"{""games"":3,""losses"":2,""ties"":0,""wins"":1}","{""games"":1,""losses"":1,""ties"":0,""wins"":0}","{""games"":2,""losses"":1,""ties"":0,""wins"":1}","{""games"":1,""losses"":1,""ties"":0,""wins"":0}","{""games"":0,""losses"":0,""ties"":0,""wins"":0}","{""games"":3,""losses"":2,""ties"":0,""wins"":1}","{""games"":0,""losses"":0,""ties"":0,""wins"":0}"
2026,66,Iowa State,fbs,Big 12,,1.5878750383853912,"{""games"":2,""losses"":1,""ties"":0,""wins"":1}","{""games"":0,""losses"":0,""ties"":0,""wins"":0}","{""games"":1,""losses"":0,""ties"":0,""wins"":1}","{""games"":1,""losses"":1,""ties"":0,""wins"":0}","{""games"":0,""losses"":0,""ties"":0,""wins"":0}","{""games"":2,""losses"":1,""ties"":0,""wins"":1}","{""games"":0,""losses"":0,""ties"":0,""wins"":0}"
2026,68,Boise State,fbs,Pac-12,,1.0176158547401428,"{""games"":2,""losses"":1,""ties"":0,""wins"":1}","{""games"":0,""losses"":0,""ties"":0,""wins"":0}","{""games"":1,""losses"":0,""ties"":0,""wins"":1}","{""games"":1,""losses"":1,""ties"":0,""wins"":0}","{""games"":0,""losses"":0,""ties"":0,""wins"":0}","{""games"":2,""losses"":1,""ties"":0,""wins"":1}","{""games"":0,""losses"":0,""ties"":0,""wins"":0}"
2026,77,Northwestern,fbs,Big Ten,,0.9755688905715942,"{""games"":1,""losses"":0,""ties"":0,""wins"":1}","{""games"":0,""losses"":0,""ties"":0,""wins"":0}","{""games"":1,""losses"":0,""ties"":0,""wins"":1}","{""games"":0,""losses"":0,""ties"":0,""wins"":0}","{""games"":0,""losses"":0,""ties"":0,""wins"":0}","{""games"":1,""losses"":0,""ties"":0,""wins"":1}","{""games"":0,""losses"":0,""ties"":0,""wins"":0}"
2026,84,Indiana,fbs,Big Ten,,1.9890964031219482,"{""games"":2,""losses"":0,""ties"":0,""wins"":2}","{""games"":0,""losses"":0,""ties"":0,""wins"":0}","{""games"":2,""losses"":0,""ties"":0,""wins"":2}","{""games"":0,""losses"":0,""ties"":0,""wins"":0}","{""games"":0,""losses"":0,""ties"":0,""wins"":0}","{""games"":2,""losses"":0,""ties"":0,""wins"":2}","{""games"":0,""losses"":0,""ties"":0,""wins"":0}"
2026,87,Notre Dame,fbs,FBS Independents,,1.9012812376022339,"{""games"":2,""losses"":0,""ties"":0,""wins"":2}","{""games"":0,""losses"":0,""ties"":0,""wins"":0}","{""games"":1,""losses"":0,""ties"":0,""wins"":1}","{""games"":0,""losses"":0,""ties"":0,""wins"":0}","{""games"":1,""losses"":0,""ties"":0,""wins"":1}","{""games"":2,""losses"":0,""ties"":0,""wins"":2}","{""games"":0,""losses"":0,""ties"":0,""wins"":0}"
2026,96,Kentucky,fbs,SEC,,0.9882584810256958,"{""games"":2,""losses"":1,""ties"":0,""wins"":1}","{""games"":1,""losses"":1,""ties"":0,""wins"":0}","{""games"":2,""losses"":1,""ties"":0,""wins"":1}","{""games"":0,""losses"":0,""ties"":0,""wins"":0}","{""games"":0,""losses"":0,""ties"":0,""wins"":0}","{""games"":2,""losses"":1,""ties"":0,""wins"":1}","{""games"":0,""losses"":0,""ties"":0,""wins"":0}"
2026,97,Louisville,fbs,ACC,,1.3358217477798462,"{""games"":2,""losses"":1,""ties"":0,""wins"":1}","{""games"":0,""losses"":0,""ties"":0,""wins"":0}","{""games"":1,""losses"":0,""ties"":0,""wins"":1}","{""games"":0,""losses"":0,""ties"":0,""wins"":0}","{""games"":1,""losses"":1,""ties"":0,""wins"":0}","{""games"":2,""losses"":1,""ties"":0,""wins"":1}","{""games"":0,""losses"":0,""ties"":0,""wins"":0}"
2026,98,Western Kentucky,fbs,Conference USA,,0.05898880958557129,"{""games"":2,""losses"":2,""ties"":0,""wins"":0}","{""games"":0,""losses"":0,""ties"":0,""wins"":0}","{""games"":0,""losses"":0,""ties"":0,""wins"":0}","{""games"":2,""losses"":2,""ties"":0,""wins"":0}","{""games"":0,""losses"":0,""ties"":0,""wins"":0}","{""games"":2,""losses"":2,""ties"":0,""wins"":0}","{""games"":0,""losses"":0,""ties"":0,""wins"":0}"
2026,99,LSU,fbs,SEC,,1.9418087005615234,"{""games"":2,""losses"":0,""ties"":0,""wins"":2}","{""games"":0,""losses"":0,""ties"":0,""wins"":0}","{""games"":2,""losses"":0,""ties"":0,""wins"":2}","{""games"":0,""losses"":0,""ties"":0,""wins"":0}","{""games"":0,""losses"":0,""ties"":0,""wins"":0}","{""games"":2,""losses"":0,""ties"":0,""wins"":2}","{""games"":0,""losses"":0,""ties"":0,""wins"":0}"
2026,103,Boston College,fbs,ACC,,0.39843451976776123,"{""games"":2,""losses"":1,""ties"":0,""wins"":1}","{""games"":0,""losses"":0,""ties"":0,""wins"":0}","{""games"":1,""losses"":0,""ties"":0,""wins"":1}","{""games"":1,""losses"":1,""ties"":0,""wins"":0}","{""games"":0,""losses"":0,""ties"":0,""wins"":0}","{""games"":2,""losses"":1,""ties"":0,""wins"":1}","{""games"":0,""losses"":0,""ties"":0,""wins"":0}"
2026,113,Massachusetts,fbs,Mid-American,,1.9888649610802531,"{""games"":2,""losses"":0,""ties"":0,""wins"":2}","{""games"":0,""losses"":0,""ties"":0,""wins"":0}","{""games"":1,""losses"":0,""ties"":0,""wins"":1}","{""games"":1,""losses"":0,""ties"":0,""wins"":1}","{""games"":0,""losses"":0,""ties"":0,""wins"":0}","{""games"":2,""losses"":0,""ties"":0,""wins"":2}","{""games"":0,""losses"":0,""ties"":0,""wins"":0}"
2026,120,Maryland,fbs,Big Ten,,1.9539291951805353,"{""games"":2,""losses"":0,""ties"":0,""wins"":2}","{""games"":0,""losses"":0,""ties"":0,""wins"":0}","{""games"":1,""losses"":0,""ties"":0,""wins"":1}","{""games"":1,""losses"":0,""ties"":0,""wins"":1}","{""games"":0,""losses"":0,""ties"":0,""wins"":0}","{""games"":2,""losses"":0,""ties"":0,""wins"":2}","{""games"":0,""losses"":0,""ties"":0,""wins"":0}"
2026,127,Michigan State,fbs,Big Ten,,1.7766456604003906,"{""games"":2,""losses"":0,""ties"":0,""wins"":2}","{""games"":0,""losses"":0,""ties"":0,""wins"":0}","{""games"":2,""losses"":0,""ties"":0,""wins"":2}","{""games"":0,""losses"":0,""ties"":0,""wins"":0}","{""games"":0,""losses"":0,""ties"":0,""wins"":0}","{""games"":2,""losses"":0,""ties"":0,""wins"":2}","{""games"":0,""losses"":0,""ties"":0,""wins"":0}"
2026,130,Michigan,fbs,Big Ten,,1.3913689255714417,"{""games"":2,""losses"":0,""ties"":0,""wins"":2}","{""games"":0,""losses"":0,""ties"":0,""wins"":0}","{""games"":2,""losses"":0,""ties"":0,""wins"":2}","{""games"":0,""losses"":0,""ties"":0,""wins"":0}","{""games"":0,""losses"":0,""ties"":0,""wins"":0}","{""games"":2,""losses"":0,""ties"":0,""wins"":2}","{""games"":0,""losses"":0,""ties"":0,""wins"":0}"
2026,135,Minnesota,fbs,Big Ten,,1.0168227907270193,"{""games"":2,""losses"":1,""ties"":0,""wins"":1}","{""games"":0,""losses"":0,""ties"":0,""wins"":0}","{""games"":2,""losses"":1,""ties"":0,""wins"":1}","{""games"":0,""losses"":0,""ties"":0,""wins"":0}","{""games"":0,""losses"":0,""ties"":0,""wins"":0}","{""games"":2,""losses"":1,""ties"":0,""wins"":1}","{""games"":0,""losses"":0,""ties"":0,""wins"":0}"
2026,142,Missouri,fbs,SEC,,1.9884298355318606,"{""games"":2,""losses"":0,""ties"":0,""wins"":2}","{""games"":0,""losses"":0,""ties"":0,""wins"":0}","{""games"":1,""losses"":0,""ties"":0,""wins"":1}","{""games"":1,""losses"":0,""ties"":0,""wins"":1}","{""games"":0,""losses"":0,""ties"":0,""wins"":0}","{""games"":2,""losses"":0,""ties"":0,""wins"":2}","{""games"":0,""losses"":0,""ties"":0,""wins"":0}"
2026,145,Ole Miss,fbs,SEC,,1.643168330192566,"{""games"":2,""losses"":0,""ties"":0,""wins"":2}","{""games"":0,""losses"":0,""ties"":0,""wins"":0}","{""games"":1,""losses"":0,""ties"":0,""wins"":1}","{""games"":0,""losses"":0,""ties"":0,""wins"":0}","{""games"":1,""losses"":0,""ties"":0,""wins"":1}","{""games"":2,""losses"":0,""ties"":0,""wins"":2}","{""games"":0,""losses"":0,""ties"":0,""wins"":0}"
2026,150,Duke,fbs,ACC,,1.9189774096012115,"{""games"":2,""losses"":0,""ties"":0,""wins"":2}","{""games"":0,""losses"":0,""ties"":0,""wins"":0}","{""games"":1,""losses"":0,""ties"":0,""wins"":1}","{""games"":1,""losses"":0,""ties"":0,""wins"":1}","{""games"":0,""losses"":0,""ties"":0,""wins"":0}","{""games"":2,""losses"":0,""ties"":0,""wins"":2}","{""games"":0,""losses"":0,""ties"":0,""wins"":0}"
2026,151,East Carolina,fbs,American Athletic,,0.2841816246509552,"{""games"":2,""losses"":2,""ties"":0,""wins"":0}","{""games"":0,""losses"":0,""ties"":0,""wins"":0}","{""games"":1,""losses"":1,""ties"":0,""wins"":0}","{""games"":1,""losses"":1,""ties"":0,""wins"":0}","{""games"":0,""losses"":0,""ties"":0,""wins"":0}","{""games"":2,""losses"":2,""ties"":0,""wins"":0}","{""games"":0,""losses"":0,""ties"":0,""wins"":0}"
2026,152,NC State,fbs,ACC,,1.0001617074012756,"{""games"":2,""losses"":1,""ties"":0,""wins"":1}","{""games"":1,""losses"":1,""ties"":0,""wins"":0}","{""games"":1,""losses"":0,""ties"":0,""wins"":1}","{""games"":1,""losses"":1,""ties"":0,""wins"":0}","{""games"":0,""losses"":0,""ties"":0,""wins"":0}","{""games"":2,""losses"":1,""ties"":0,""wins"":1}","{""games"":0,""losses"":0,""ties"":0,""wins"":0}"
2026,153,North Carolina,fbs,ACC,,1.4240447282791138,"{""games"":2,""losses"":0,""ties"":0,""wins"":2}","{""games"":0,""losses"":0,""ties"":0,""wins"":0}","{""games"":1,""losses"":0,""ties"":0,""wins"":1}","{""games"":0,""losses"":0,""ties"":0,""wins"":0}","{""games"":1,""losses"":0,""ties"":0,""wins"":1}","{""games"":2,""losses"":0,""ties"":0,""wins"":2}","{""games"":0,""losses"":0,""ties"":0,""wins"":0}"
2026,154,Wake Forest,fbs,ACC,,1.4737014770507812,"{""games"":2,""losses"":0,""ties"":0,""wins"":2}","{""games"":0,""losses"":0,""ties"":0,""wins"":0}","{""games"":1,""losses"":0,""ties"":0,""wins"":1}","{""games"":1,""losses"":0,""ties"":0,""wins"":1}","{""games"":0,""losses"":0,""ties"":0,""wins"":0}","{""games"":2,""losses"":0,""ties"":0,""wins"":2}","{""games"":0,""losses"":0,""ties"":0,""wins"":0}"
2026,158,Nebraska,fbs,Big Ten,,1.9860047698020935,"{""games"":2,""losses"":0,""ties"":0,""wins"":2}","{""games"":0,""losses"":0,""ties"":0,""wins"":0}","{""games"":2,""losses"":0,""ties"":0,""wins"":2}","{""games"":0,""losses"":0,""ties"":0,""wins"":0}","{""games"":0,""losses"":0,""ties"":0,""wins"":0}","{""games"":2,""losses"":0,""ties"":0,""wins"":2}","{""games"":0,""losses"":0,""ties"":0,""wins"":0}"
2026,164,Rutgers,fbs,Big Ten,,0.6116236420348287,"{""games"":2,""losses"":2,""ties"":0,""wins"":0}","{""games"":0,""losses"":0,""ties"":0,""wins"":0}","{""games"":1,""losses"":1,""ties"":0,""wins"":0}","{""games"":1,""losses"":1,""ties"":0,""wins"":0}","{""games"":0,""losses"":0,""ties"":0,""wins"":0}","{""games"":2,""losses"":2,""ties"":0,""wins"":0}","{""games"":0,""losses"":0,""ties"":0,""wins"":0}"
2026,166,New Mexico State,fbs,Conference USA,,1.0462204217910767,"{""games"":3,""losses"":2,""ties"":0,""wins"":1}","{""games"":0,""losses"":0,""ties"":0,""wins"":0}","{""games"":1,""losses"":0,""ties"":0,""wins"":1}","{""games"":2,""losses"":2,""ties"":0,""wins"":0}","{""games"":0,""losses"":0,""ties"":0,""wins"":0}","{""games"":3,""losses"":2,""ties"":0,""wins"":1}","{""games"":0,""losses"":0,""ties"":0,""wins"":0}"
2026,167,New Mexico,fbs,Mountain West,,1.9927074909210205,"{""games"":2,""losses"":0,""ties"":0,""wins"":2}","{""games"":0,""losses"":0,""ties"":0,""wins"":0}","{""games"":2,""losses"":0,""ties"":0,""wins"":2}","{""games"":0,""losses"":0,""ties"":0,""wins"":0}","{""games"":0,""losses"":0,""ties"":0,""wins"":0}","{""games"":2,""losses"":0,""ties"":0,""wins"":2}","{""games"":0,""losses"":0,""ties"":0,""wins"":0}"
2026,183,Syracuse,fbs,ACC,,1.4503149390220642,"{""games"":2,""losses"":1,""ties"":0,""wins"":1}","{""games"":1,""losses"":1,""ties"":0,""wins"":0}","{""games"":2,""losses"":1,""ties"":0,""wins"":1}","{""games"":0,""losses"":0,""ties"":0,""wins"":0}","{""games"":0,""losses"":0,""ties"":0,""wins"":0}","{""games"":2,""losses"":1,""ties"":0,""wins"":1}","{""games"":0,""losses"":0,""ties"":0,""wins"":0}"
2026,189,Bowling Green,fbs,Mid-American,,0.48050764203071594,"{""games"":2,""losses"":2,""ties"":0,""wins"":0}","{""games"":0,""losses"":0,""ties"":0,""wins"":0}","{""games"":1,""losses"":1,""ties"":0,""wins"":0}","{""games"":1,""losses"":1,""ties"":0,""wins"":0}","{""games"":0,""losses"":0,""ties"":0,""wins"":0}","{""games"":2,""losses"":2,""ties"":0,""wins"":0}","{""games"":0,""losses"":0,""ties"":0,""wins"":0}"
2026,193,Miami (OH),fbs,Mid-American,,1.020523726940155,"{""games"":2,""losses"":1,""ties"":0,""wins"":1}","{""games"":0,""losses"":0,""ties"":0,""wins"":0}","{""games"":1,""losses"":0,""ties"":0,""wins"":1}","{""games"":1,""losses"":1,""ties"":0,""wins"":0}","{""games"":0,""losses"":0,""ties"":0,""wins"":0}","{""games"":2,""losses"":1,""ties"":0,""wins"":1}","{""games"":0,""losses"":0,""ties"":0,""wins"":0}"
2026,194,Ohio State,fbs,Big Ten,,1.8383851796388626,"{""games"":2,""losses"":1,""ties"":0,""wins"":1}","{""games"":0,""losses"":0,""ties"":0,""wins"":0}","{""games"":1,""losses"":0,""ties"":0,""wins"":1}","{""games"":1,""losses"":1,""ties"":0,""wins"":0}","{""games"":0,""losses"":0,""ties"":0,""wins"":0}","{""games"":2,""losses"":1,""ties"":0,""wins"":1}","{""games"":0,""losses"":0,""ties"":0,""wins"":0}"
2026,195,Ohio,fbs,Mid-American,,0.3201872706413269,"{""games"":2,""losses"":1,""ties"":0,""wins"":1}","{""games"":0,""losses"":0,""ties"":0,""wins"":0}","{""games"":1,""losses"":0,""ties"":0,""wins"":1}","{""games"":1,""losses"":1,""ties"":0,""wins"":0}","{""games"":0,""losses"":0,""ties"":0,""wins"":0}","{""games"":2,""losses"":1,""ties"":0,""wins"":1}","{""games"":0,""losses"":0,""ties"":0,""wins"":0}"
2026,197,Oklahoma State,fbs,Big 12,,0.6806748509407043,"{""games"":2,""losses"":1,""ties"":0,""wins"":1}","{""games"":0,""losses"":0,""ties"":0,""wins"":0}","{""games"":1,""losses"":0,""ties"":0,""wins"":1}","{""games"":1,""losses"":1,""ties"":0,""wins"":0}","{""games"":0,""losses"":0,""ties"":0,""wins"":0}","{""games"":2,""losses"":1,""ties"":0,""wins"":1}","{""games"":0,""losses"":0,""ties"":0,""wins"":0}"
2026,201,Oklahoma,fbs,SEC,,1.1100823283195496,"{""games"":2,""losses"":1,""ties"":0,""wins"":1}","{""games"":0,""losses"":0,""ties"":0,""wins"":0}","{""games"":1,""losses"":0,""ties"":0,""wins"":1}","{""games"":1,""losses"":1,""ties"":0,""wins"":0}","{""games"":0,""losses"":0,""ties"":0,""wins"":0}","{""games"":2,""losses"":1,""ties"":0,""wins"":1}","{""games"":0,""losses"":0,""ties"":0,""wins"":0}"
2026,202,Tulsa,fbs,American Athletic,,1.3613091111183167,"{""games"":2,""losses"":0,""ties"":0,""wins"":2}","{""games"":0,""losses"":0,""ties"":0,""wins"":0}","{""games"":1,""losses"":0,""ties"":0,""wins"":1}","{""games"":1,""losses"":0,""ties"":0,""wins"":1}","{""games"":0,""losses"":0,""ties"":0,""wins"":0}","{""games"":2,""losses"":0,""ties"":0,""wins"":2}","{""games"":0,""losses"":0,""ties"":0,""wins"":0}"
2026,204,Oregon State,fbs,Pac-12,,0.02520972490310669,"{""games"":2,""losses"":2,""ties"":0,""wins"":0}","{""games"":0,""losses"":0,""ties"":0,""wins"":0}","{""games"":1,""losses"":1,""ties"":0,""wins"":0}","{""games"":1,""losses"":1,""ties"":0,""wins"":0}","{""games"":0,""losses"":0,""ties"":0,""wins"":0}","{""games"":2,""losses"":2,""ties"":0,""wins"":0}","{""games"":0,""losses"":0,""ties"":0,""wins"":0}"
2026,213,Penn State,fbs,Big Ten,,1.9670767709612846,"{""games"":2,""losses"":0,""ties"":0,""wins"":2}","{""games"":0,""losses"":0,""ties"":0,""wins"":0}","{""games"":1,""losses"":0,""ties"":0,""wins"":1}","{""games"":1,""losses"":0,""ties"":0,""wins"":1}","{""games"":0,""losses"":0,""ties"":0,""wins"":0}","{""games"":2,""losses"":0,""ties"":0,""wins"":2}","{""games"":0,""losses"":0,""ties"":0,""wins"":0}"
2026,218,Temple,fbs,American Athletic,,1.0273217037320137,"{""games"":2,""losses"":1,""ties"":0,""wins"":1}","{""games"":0,""losses"":0,""ties"":0,""wins"":0}","{""games"":2,""losses"":1,""ties"":0,""wins"":1}","{""games"":0,""losses"":0,""ties"":0,""wins"":0}","{""games"":0,""losses"":0,""ties"":0,""wins"":0}","{""games"":2,""losses"":1,""ties"":0,""wins"":1}","{""games"":0,""losses"":0,""ties"":0,""wins"":0}"
2026,221,Pittsburgh,fbs,ACC,,1.9727570414543152,"{""games"":2,""losses"":0,""ties"":0,""wins"":2}","{""games"":0,""losses"":0,""ties"":0,""wins"":0}","{""games"":2,""losses"":0,""ties"":0,""wins"":2}","{""games"":0,""losses"":0,""ties"":0,""wins"":0}","{""games"":0,""losses"":0,""ties"":0,""wins"":0}","{""games"":2,""losses"":0,""ties"":0,""wins"":2}","{""games"":0,""losses"":0,""ties"":0,""wins"":0}"
2026,228,Clemson,fbs,ACC,,0.9539416432380676,"{""games"":2,""losses"":1,""ties"":0,""wins"":1}","{""games"":0,""losses"":0,""ties"":0,""wins"":0}","{""games"":1,""losses"":0,""ties"":0,""wins"":1}","{""games"":1,""losses"":1,""ties"":0,""wins"":0}","{""games"":0,""losses"":0,""ties"":0,""wins"":0}","{""games"":2,""losses"":1,""ties"":0,""wins"":1}","{""games"":0,""losses"":0,""ties"":0,""wins"":0}"
2026,235,Memphis,fbs,American Athletic,,1.989883117377758,"{""games"":3,""losses"":1,""ties"":0,""wins"":2}","{""games"":0,""losses"":0,""ties"":0,""wins"":0}","{""games"":1,""losses"":0,""ties"":0,""wins"":1}","{""games"":2,""losses"":1,""ties"":0,""wins"":1}","{""games"":0,""losses"":0,""ties"":0,""wins"":0}","{""games"":3,""losses"":1,""ties"":0,""wins"":2}","{""games"":0,""losses"":0,""ties"":0,""wins"":0}"
2026,238,Vanderbilt,fbs,SEC,,1.9281944036483765,"{""games"":2,""losses"":0,""ties"":0,""wins"":2}","{""games"":0,""losses"":0,""ties"":0,""wins"":0}","{""games"":2,""losses"":0,""ties"":0,""wins"":2}","{""games"":0,""losses"":0,""ties"":0,""wins"":0}","{""games"":0,""losses"":0,""ties"":0,""wins"":0}","{""games"":2,""losses"":0,""ties"":0,""wins"":2}","{""games"":0,""losses"":0,""ties"":0,""wins"":0}"
2026,239,Baylor,fbs,Big 12,,1.6415407955646515,"{""games"":2,""losses"":1,""ties"":0,""wins"":1}","{""games"":0,""losses"":0,""ties"":0,""wins"":0}","{""games"":1,""losses"":0,""ties"":0,""wins"":1}","{""games"":0,""losses"":0,""ties"":0,""wins"":0}","{""games"":1,""losses"":1,""ties"":0,""wins"":0}","{""games"":2,""losses"":1,""ties"":0,""wins"":1}","{""games"":0,""losses"":0,""ties"":0,""wins"":0}"
2026,242,Rice,fbs,American Athletic,,1.0044877529144287,"{""games"":2,""losses"":1,""ties"":0,""wins"":1}","{""games"":0,""losses"":0,""ties"":0,""wins"":0}","{""games"":1,""losses"":0,""ties"":0,""wins"":1}","{""games"":1,""losses"":1,""ties"":0,""wins"":0}","{""games"":0,""losses"":0,""ties"":0,""wins"":0}","{""games"":2,""losses"":1,""ties"":0,""wins"":1}","{""games"":0,""losses"":0,""ties"":0,""wins"":0}"
2026,245,Texas A&M,fbs,SEC,,1.97352796792984,"{""games"":2,""losses"":0,""ties"":0,""wins"":2}","{""games"":0,""losses"":0,""ties"":0,""wins"":0}","{""games"":2,""losses"":0,""ties"":0,""wins"":2}","{""games"":0,""losses"":0,""ties"":0,""wins"":0}","{""games"":0,""losses"":0,""ties"":0,""wins"":0}","{""games"":2,""losses"":0,""ties"":0,""wins"":2}","{""games"":0,""losses"":0,""ties"":0,""wins"":0}"
2026,248,Houston,fbs,Big 12,,1.9670612215995789,"{""games"":2,""losses"":0,""ties"":0,""wins"":2}","{""games"":0,""losses"":0,""ties"":0,""wins"":0}","{""games"":2,""losses"":0,""ties"":0,""wins"":2}","{""games"":0,""losses"":0,""ties"":0,""wins"":0}","{""games"":0,""losses"":0,""ties"":0,""wins"":0}","{""games"":2,""losses"":0,""ties"":0,""wins"":2}","{""games"":0,""losses"":0,""ties"":0,""wins"":0}"
2026,249,North Texas,fbs,American Athletic,,1.0001805424690247,"{""games"":2,""losses"":1,""ties"":0,""wins"":1}","{""games"":0,""losses"":0,""ties"":0,""wins"":0}","{""games"":1,""losses"":0,""ties"":0,""wins"":1}","{""games"":1,""losses"":1,""ties"":0,""wins"":0}","{""games"":0,""losses"":0,""ties"":0,""wins"":0}","{""games"":2,""losses"":1,""ties"":0,""wins"":1}","{""games"":0,""losses"":0,""ties"":0,""wins"":0}"
2026,251,Texas,fbs,SEC,,1.0785506814718246,"{""games"":2,""losses"":0,""ties"":0,""wins"":2}","{""games"":0,""losses"":0,""ties"":0,""wins"":0}","{""games"":2,""losses"":0,""ties"":0,""wins"":2}","{""games"":0,""losses"":0,""ties"":0,""wins"":0}","{""games"":0,""losses"":0,""ties"":0,""wins"":0}","{""games"":2,""losses"":0,""ties"":0,""wins"":2}","{""games"":0,""losses"":0,""ties"":0,""wins"":0}"
2026,252,BYU,fbs,Big 12,,1.973340630531311,"{""games"":2,""losses"":0,""ties"":0,""wins"":2}","{""games"":1,""losses"":0,""ties"":0,""wins"":1}","{""games"":2,""losses"":0,""ties"":0,""wins"":2}","{""games"":0,""losses"":0,""ties"":0,""wins"":0}","{""games"":0,""losses"":0,""ties"":0,""wins"":0}","{""games"":2,""losses"":0,""ties"":0,""wins"":2}","{""games"":0,""losses"":0,""ties"":0,""wins"":0}"
2026,254,Utah,fbs,Big 12,,1.9905623197555542,"{""games"":2,""losses"":0,""ties"":0,""wins"":2}","{""games"":0,""losses"":0,""ties"":0,""wins"":0}","{""games"":2,""losses"":0,""ties"":0,""wins"":2}","{""games"":0,""losses"":0,""ties"":0,""wins"":0}","{""games"":0,""losses"":0,""ties"":0,""wins"":0}","{""games"":2,""losses"":0,""ties"":0,""wins"":2}","{""games"":0,""losses"":0,""ties"":0,""wins"":0}"
2026,256,James Madison,fbs,Sun Belt,East,1.959581971168518,"{""games"":2,""losses"":0,""ties"":0,""wins"":2}","{""games"":0,""losses"":0,""ties"":0,""wins"":0}","{""games"":2,""losses"":0,""ties"":0,""wins"":2}","{""games"":0,""losses"":0,""ties"":0,""wins"":0}","{""games"":0,""losses"":0,""ties"":0,""wins"":0}","{""games"":2,""losses"":0,""ties"":0,""wins"":2}","{""games"":0,""losses"":0,""ties"":0,""wins"":0}"
2026,258,Virginia,fbs,ACC,,1.986505389213562,"{""games"":2,""losses"":0,""ties"":0,""wins"":2}","{""games"":1,""losses"":0,""ties"":0,""wins"":1}","{""games"":2,""losses"":0,""ties"":0,""wins"":2}","{""games"":0,""losses"":0,""ties"":0,""wins"":0}","{""games"":0,""losses"":0,""ties"":0,""wins"":0}","{""games"":2,""losses"":0,""ties"":0,""wins"":2}","{""games"":0,""losses"":0,""ties"":0,""wins"":0}"
2026,259,Virginia Tech,fbs,ACC,,1.9748685359954834,"{""games"":2,""losses"":0,""ties"":0,""wins"":2}","{""games"":0,""losses"":0,""ties"":0,""wins"":0}","{""games"":2,""losses"":0,""ties"":0,""wins"":2}","{""games"":0,""losses"":0,""ties"":0,""wins"":0}","{""games"":0,""losses"":0,""ties"":0,""wins"":0}","{""games"":2,""losses"":0,""ties"":0,""wins"":2}","{""games"":0,""losses"":0,""ties"":0,""wins"":0}"
2026,264,Washington,fbs,Big Ten,,1.8371924757957458,"{""games"":2,""losses"":0,""ties"":0,""wins"":2}","{""games"":0,""losses"":0,""ties"":0,""wins"":0}","{""games"":2,""losses"":0,""ties"":0,""wins"":2}","{""games"":0,""losses"":0,""ties"":0,""wins"":0}","{""games"":0,""losses"":0,""ties"":0,""wins"":0}","{""games"":2,""losses"":0,""ties"":0,""wins"":2}","{""games"":0,""losses"":0,""ties"":0,""wins"":0}"
2026,265,Washington State,fbs,Pac-12,,0.022861719131469727,"{""games"":2,""losses"":2,""ties"":0,""wins"":0}","{""games"":0,""losses"":0,""ties"":0,""wins"":0}","{""games"":0,""losses"":0,""ties"":0,""wins"":0}","{""games"":2,""losses"":2,""ties"":0,""wins"":0}","{""games"":0,""losses"":0,""ties"":0,""wins"":0}","{""games"":2,""losses"":2,""ties"":0,""wins"":0}","{""games"":0,""losses"":0,""ties"":0,""wins"":0}"
2026,275,Wisconsin,fbs,Big Ten,,1.0840436816215515,"{""games"":2,""losses"":1,""ties"":0,""wins"":1}","{""games"":0,""losses"":0,""ties"":0,""wins"":0}","{""games"":1,""losses"":0,""ties"":0,""wins"":1}","{""games"":0,""losses"":0,""ties"":0,""wins"":0}","{""games"":1,""losses"":1,""ties"":0,""wins"":0}","{""games"":2,""losses"":1,""ties"":0,""wins"":1}","{""games"":0,""losses"":0,""ties"":0,""wins"":0}"
2026,276,Marshall,fbs,Sun Belt,East,0.7500147819519043,"{""games"":2,""losses"":1,""ties"":0,""wins"":1}","{""games"":0,""losses"":0,""ties"":0,""wins"":0}","{""games"":1,""losses"":0,""ties"":0,""wins"":1}","{""games"":1,""losses"":1,""ties"":0,""wins"":0}","{""games"":0,""losses"":0,""ties"":0,""wins"":0}","{""games"":2,""losses"":1,""ties"":0,""wins"":1}","{""games"":0,""losses"":0,""ties"":0,""wins"":0}"
2026,277,West Virginia,fbs,Big 12,,1.883714199066162,"{""games"":2,""losses"":0,""ties"":0,""wins"":2}","{""games"":0,""losses"":0,""ties"":0,""wins"":0}","{""games"":2,""losses"":0,""ties"":0,""wins"":2}","{""games"":0,""losses"":0,""ties"":0,""wins"":0}","{""games"":0,""losses"":0,""ties"":0,""wins"":0}","{""games"":2,""losses"":0,""ties"":0,""wins"":2}","{""games"":0,""losses"":0,""ties"":0,""wins"":0}"
2026,278,Fresno State,fbs,Pac-12,,1.0509794354438782,"{""games"":2,""losses"":1,""ties"":0,""wins"":1}","{""games"":0,""losses"":0,""ties"":0,""wins"":0}","{""games"":1,""losses"":0,""ties"":0,""wins"":1}","{""games"":1,""losses"":1,""ties"":0,""wins"":0}","{""games"":0,""losses"":0,""ties"":0,""wins"":0}","{""games"":2,""losses"":1,""ties"":0,""wins"":1}","{""games"":0,""losses"":0,""ties"":0,""wins"":0}"
2026,290,Georgia Southern,fbs,Sun Belt,East,1.0451141595840454,"{""games"":2,""losses"":1,""ties"":0,""wins"":1}","{""games"":0,""losses"":0,""ties"":0,""wins"":0}","{""games"":1,""losses"":0,""ties"":0,""wins"":1}","{""games"":1,""losses"":1,""ties"":0,""wins"":0}","{""games"":0,""losses"":0,""ties"":0,""wins"":0}","{""games"":2,""losses"":1,""ties"":0,""wins"":1}","{""games"":0,""losses"":0,""ties"":0,""wins"":0}"
2026,295,Old Dominion,fbs,Sun Belt,East,0.8810713291168213,"{""games"":2,""losses"":1,""ties"":0,""wins"":1}","{""games"":0,""losses"":0,""ties"":0,""wins"":0}","{""games"":1,""losses"":0,""ties"":0,""wins"":1}","{""games"":1,""losses"":1,""ties"":0,""wins"":0}","{""games"":0,""losses"":0,""ties"":0,""wins"":0}","{""games"":2,""losses"":1,""ties"":0,""wins"":1}","{""games"":0,""losses"":0,""ties"":0,""wins"":0}"
2026,309,Louisiana,fbs,Sun Belt,West,0.9931040406227112,"{""games"":2,""losses"":1,""ties"":0,""wins"":1}","{""games"":0,""losses"":0,""ties"":0,""wins"":0}","{""games"":1,""losses"":0,""ties"":0,""wins"":1}","{""games"":1,""losses"":1,""ties"":0,""wins"":0}","{""games"":0,""losses"":0,""ties"":0,""wins"":0}","{""games"":2,""losses"":1,""ties"":0,""wins"":1}","{""games"":0,""losses"":0,""ties"":0,""wins"":0}"
2026,324,Coastal Carolina,fbs,Sun Belt,East,1.0987051129341125,"{""games"":2,""losses"":1,""ties"":0,""wins"":1}","{""games"":0,""losses"":0,""ties"":0,""wins"":0}","{""games"":1,""losses"":0,""ties"":0,""wins"":1}","{""games"":1,""losses"":1,""ties"":0,""wins"":0}","{""games"":0,""losses"":0,""ties"":0,""wins"":0}","{""games"":2,""losses"":1,""ties"":0,""wins"":1}","{""games"":0,""losses"":0,""ties"":0,""wins"":0}"
2026,326,Texas State,fbs,Pac-12,,0.4798693358898163,"{""games"":2,""losses"":2,""ties"":0,""wins"":0}","{""games"":0,""losses"":0,""ties"":0,""wins"":0}","{""games"":1,""losses"":1,""ties"":0,""wins"":0}","{""games"":1,""losses"":1,""ties"":0,""wins"":0}","{""games"":0,""losses"":0,""ties"":0,""wins"":0}","{""games"":2,""losses"":2,""ties"":0,""wins"":0}","{""games"":0,""losses"":0,""ties"":0,""wins"":0}"
2026,328,Utah State,fbs,Pac-12,,0.392816424369812,"{""games"":2,""losses"":2,""ties"":0,""wins"":0}","{""games"":0,""losses"":0,""ties"":0,""wins"":0}","{""games"":1,""losses"":1,""ties"":0,""wins"":0}","{""games"":1,""losses"":1,""ties"":0,""wins"":0}","{""games"":0,""losses"":0,""ties"":0,""wins"":0}","{""games"":2,""losses"":2,""ties"":0,""wins"":0}","{""games"":0,""losses"":0,""ties"":0,""wins"":0}"
2026,333,Alabama,fbs,SEC,,1.9966325163841248,"{""games"":2,""losses"":0,""ties"":0,""wins"":2}","{""games"":1,""losses"":0,""ties"":0,""wins"":1}","{""games"":1,""losses"":0,""ties"":0,""wins"":1}","{""games"":1,""losses"":0,""ties"":0,""wins"":1}","{""games"":0,""losses"":0,""ties"":0,""wins"":0}","{""games"":2,""losses"":0,""ties"":0,""wins"":2}","{""games"":0,""losses"":0,""ties"":0,""wins"":0}"
2026,338,Kennesaw State,fbs,Conference USA,,0.9955492755398154,"{""games"":2,""losses"":1,""ties"":0,""wins"":1}","{""games"":0,""losses"":0,""ties"":0,""wins"":0}","{""games"":2,""losses"":1,""ties"":0,""wins"":1}","{""games"":0,""losses"":0,""ties"":0,""wins"":0}","{""games"":0,""losses"":0,""ties"":0,""wins"":0}","{""games"":2,""losses"":1,""ties"":0,""wins"":1}","{""games"":0,""losses"":0,""ties"":0,""wins"":0}"
2026,344,Mississippi State,fbs,SEC,,1.96136131323874,"{""games"":2,""losses"":0,""ties"":0,""wins"":2}","{""games"":0,""losses"":0,""ties"":0,""wins"":0}","{""games"":1,""losses"":0,""ties"":0,""wins"":1}","{""games"":1,""losses"":0,""ties"":0,""wins"":1}","{""games"":0,""losses"":0,""ties"":0,""wins"":0}","{""games"":2,""losses"":0,""ties"":0,""wins"":2}","{""games"":0,""losses"":0,""ties"":0,""wins"":0}"
2026,349,Army,fbs,American Athletic,,1.3585674464702606,"{""games"":2,""losses"":1,""ties"":0,""wins"":1}","{""games"":1,""losses"":1,""ties"":0,""wins"":0}","{""games"":2,""losses"":1,""ties"":0,""wins"":1}","{""games"":0,""losses"":0,""ties"":0,""wins"":0}","{""games"":0,""losses"":0,""ties"":0,""wins"":0}","{""games"":2,""losses"":1,""ties"":0,""wins"":1}","{""games"":0,""losses"":0,""ties"":0,""wins"":0}"
2026,356,Illinois,fbs,Big Ten,,0.9658338129520416,"{""games"":2,""losses"":1,""ties"":0,""wins"":1}","{""games"":0,""losses"":0,""ties"":0,""wins"":0}","{""games"":2,""losses"":1,""ties"":0,""wins"":1}","{""games"":0,""losses"":0,""ties"":0,""wins"":0}","{""games"":0,""losses"":0,""ties"":0,""wins"":0}","{""games"":2,""losses"":1,""ties"":0,""wins"":1}","{""games"":0,""losses"":0,""ties"":0,""wins"":0}"
2026,2005,Air Force,fbs,Mountain West,,1.7431424260139465,"{""games"":2,""losses"":1,""ties"":0,""wins"":1}","{""games"":1,""losses"":1,""ties"":0,""wins"":0}","{""games"":2,""losses"":1,""ties"":0,""wins"":1}","{""games"":0,""losses"":0,""ties"":0,""wins"":0}","{""games"":0,""losses"":0,""ties"":0,""wins"":0}","{""games"":2,""losses"":1,""ties"":0,""wins"":1}","{""games"":0,""losses"":0,""ties"":0,""wins"":0}"
2026,2006,Akron,fbs,Mid-American,,0.9872509837150574,"{""games"":2,""losses"":1,""ties"":0,""wins"":1}","{""games"":0,""losses"":0,""ties"":0,""wins"":0}","{""games"":1,""losses"":0,""ties"":0,""wins"":1}","{""games"":1,""losses"":1,""ties"":0,""wins"":0}","{""games"":0,""losses"":0,""ties"":0,""wins"":0}","{""games"":2,""losses"":1,""ties"":0,""wins"":1}","{""games"":0,""losses"":0,""ties"":0,""wins"":0}"
2026,2026,App State,fbs,Sun Belt,East,1.711695522069931,"{""games"":2,""losses"":0,""ties"":0,""wins"":2}","{""games"":0,""losses"":0,""ties"":0,""wins"":0}","{""games"":1,""losses"":0,""ties"":0,""wins"":1}","{""games"":1,""losses"":0,""ties"":0,""wins"":1}","{""games"":0,""losses"":0,""ties"":0,""wins"":0}","{""games"":2,""losses"":0,""ties"":0,""wins"":2}","{""games"":0,""losses"":0,""ties"":0,""wins"":0}"
2026,2032,Arkansas State,fbs,Sun Belt,West,1.007396936416626,"{""games"":2,""losses"":1,""ties"":0,""wins"":1}","{""games"":0,""losses"":0,""ties"":0,""wins"":0}","{""games"":1,""losses"":0,""ties"":0,""wins"":1}","{""games"":1,""losses"":1,""ties"":0,""wins"":0}","{""games"":0,""losses"":0,""ties"":0,""wins"":0}","{""games"":2,""losses"":1,""ties"":0,""wins"":1}","{""games"":0,""losses"":0,""ties"":0,""wins"":0}"
2026,2050,Ball State,fbs,Mid-American,,1.0124031901359558,"{""games"":2,""losses"":1,""ties"":0,""wins"":1}","{""games"":0,""losses"":0,""ties"":0,""wins"":0}","{""games"":1,""losses"":0,""ties"":0,""wins"":1}","{""games"":1,""losses"":1,""ties"":0,""wins"":0}","{""games"":0,""losses"":0,""ties"":0,""wins"":0}","{""games"":2,""losses"":1,""ties"":0,""wins"":1}","{""games"":0,""losses"":0,""ties"":0,""wins"":0}"
2026,2084,Buffalo,fbs,Mid-American,,0.9391478896141052,"{""games"":2,""losses"":1,""ties"":0,""wins"":1}","{""games"":0,""losses"":0,""ties"":0,""wins"":0}","{""games"":1,""losses"":0,""ties"":0,""wins"":1}","{""games"":1,""losses"":1,""ties"":0,""wins"":0}","{""games"":0,""losses"":0,""ties"":0,""wins"":0}","{""games"":2,""losses"":1,""ties"":0,""wins"":1}","{""games"":0,""losses"":0,""ties"":0,""wins"":0}"
2026,2116,UCF,fbs,Big 12,,0.9843000769615173,"{""games"":2,""losses"":1,""ties"":0,""wins"":1}","{""games"":0,""losses"":0,""ties"":0,""wins"":0}","{""games"":1,""losses"":0,""ties"":0,""wins"":1}","{""games"":1,""losses"":1,""ties"":0,""wins"":0}","{""games"":0,""losses"":0,""ties"":0,""wins"":0}","{""games"":2,""losses"":1,""ties"":0,""wins"":1}","{""games"":0,""losses"":0,""ties"":0,""wins"":0}"
2026,2117,Central Michigan,fbs,Mid-American,,0.9378334283828735,"{""games"":2,""losses"":1,""ties"":0,""wins"":1}","{""games"":0,""losses"":0,""ties"":0,""wins"":0}","{""games"":1,""losses"":0,""ties"":0,""wins"":1}","{""games"":1,""losses"":1,""ties"":0,""wins"":0}","{""games"":0,""losses"":0,""ties"":0,""wins"":0}","{""games"":2,""losses"":1,""ties"":0,""wins"":1}","{""games"":0,""losses"":0,""ties"":0,""wins"":0}"
2026,2132,Cincinnati,fbs,Big 12,,1.9919732213020325,"{""games"":2,""losses"":0,""ties"":0,""wins"":2}","{""games"":0,""losses"":0,""ties"":0,""wins"":0}","{""games"":2,""losses"":0,""ties"":0,""wins"":2}","{""games"":0,""losses"":0,""ties"":0,""wins"":0}","{""games"":0,""losses"":0,""ties"":0,""wins"":0}","{""games"":2,""losses"":0,""ties"":0,""wins"":2}","{""games"":0,""losses"":0,""ties"":0,""wins"":0}"
2026,2199,Eastern Michigan,fbs,Mid-American,,0.9108020663261414,"{""games"":3,""losses"":2,""ties"":0,""wins"":1}","{""games"":1,""losses"":0,""ties"":0,""wins"":1}","{""games"":2,""losses"":1,""ties"":0,""wins"":1}","{""games"":1,""losses"":1,""ties"":0,""wins"":0}","{""games"":0,""losses"":0,""ties"":0,""wins"":0}","{""games"":3,""losses"":2,""ties"":0,""wins"":1}","{""games"":0,""losses"":0,""ties"":0,""wins"":0}"
2026,2226,Florida Atlantic,fbs,American Athletic,,0.9996058940887451,"{""games"":2,""losses"":1,""ties"":0,""wins"":1}","{""games"":1,""losses"":0,""ties"":0,""wins"":1}","{""games"":1,""losses"":0,""ties"":0,""wins"":1}","{""games"":1,""losses"":1,""ties"":0,""wins"":0}","{""games"":0,""losses"":0,""ties"":0,""wins"":0}","{""games"":2,""losses"":1,""ties"":0,""wins"":1}","{""games"":0,""losses"":0,""ties"":0,""wins"":0}"
2026,2229,Florida International,fbs,Conference USA,,1.0005095601081848,"{""games"":2,""losses"":1,""ties"":0,""wins"":1}","{""games"":0,""losses"":0,""ties"":0,""wins"":0}","{""games"":1,""losses"":0,""ties"":0,""wins"":1}","{""games"":1,""losses"":1,""ties"":0,""wins"":0}","{""games"":0,""losses"":0,""ties"":0,""wins"":0}","{""games"":2,""losses"":1,""ties"":0,""wins"":1}","{""games"":0,""losses"":0,""ties"":0,""wins"":0}"
2026,2247,Georgia State,fbs,Sun Belt,East,1.9876069286838174,"{""games"":2,""losses"":0,""ties"":0,""wins"":2}","{""games"":0,""losses"":0,""ties"":0,""wins"":0}","{""games"":1,""losses"":0,""ties"":0,""wins"":1}","{""games"":1,""losses"":0,""ties"":0,""wins"":1}","{""games"":0,""losses"":0,""ties"":0,""wins"":0}","{""games"":2,""losses"":0,""ties"":0,""wins"":2}","{""games"":0,""losses"":0,""ties"":0,""wins"":0}"
2026,2294,Iowa,fbs,Big Ten,,1.3911458551883698,"{""games"":2,""losses"":0,""ties"":0,""wins"":2}","{""games"":0,""losses"":0,""ties"":0,""wins"":0}","{""games"":2,""losses"":0,""ties"":0,""wins"":2}","{""games"":0,""losses"":0,""ties"":0,""wins"":0}","{""games"":0,""losses"":0,""ties"":0,""wins"":0}","{""games"":2,""losses"":0,""ties"":0,""wins"":2}","{""games"":0,""losses"":0,""ties"":0,""wins"":0}"
2026,2305,Kansas,fbs,Big 12,,0.9977133362554014,"{""games"":2,""losses"":1,""ties"":0,""wins"":1}","{""games"":0,""losses"":0,""ties"":0,""wins"":0}","{""games"":2,""losses"":1,""ties"":0,""wins"":1}","{""games"":0,""losses"":0,""ties"":0,""wins"":0}","{""games"":0,""losses"":0,""ties"":0,""wins"":0}","{""games"":2,""losses"":1,""ties"":0,""wins"":1}","{""games"":0,""losses"":0,""ties"":0,""wins"":0}"
2026,2306,Kansas State,fbs,Big 12,,1.9883604645729065,"{""games"":2,""losses"":0,""ties"":0,""wins"":2}","{""games"":0,""losses"":0,""ties"":0,""wins"":0}","{""games"":2,""losses"":0,""ties"":0,""wins"":2}","{""games"":0,""losses"":0,""ties"":0,""wins"":0}","{""games"":0,""losses"":0,""ties"":0,""wins"":0}","{""games"":2,""losses"":0,""ties"":0,""wins"":2}","{""games"":0,""losses"":0,""ties"":0,""wins"":0}"
2026,2309,Kent State,fbs,Mid-American,,0.9656332731246948,"{""games"":2,""losses"":1,""ties"":0,""wins"":1}","{""games"":0,""losses"":0,""ties"":0,""wins"":0}","{""games"":1,""losses"":0,""ties"":0,""wins"":1}","{""games"":1,""losses"":1,""ties"":0,""wins"":0}","{""games"":0,""losses"":0,""ties"":0,""wins"":0}","{""games"":2,""losses"":1,""ties"":0,""wins"":1}","{""games"":0,""losses"":0,""ties"":0,""wins"":0}"
2026,2335,Liberty,fbs,Conference USA,,0.9288002848625183,"{""games"":2,""losses"":1,""ties"":0,""wins"":1}","{""games"":0,""losses"":0,""ties"":0,""wins"":0}","{""games"":1,""losses"":0,""ties"":0,""wins"":1}","{""games"":1,""losses"":1,""ties"":0,""wins"":0}","{""games"":0,""losses"":0,""ties"":0,""wins"":0}","{""games"":2,""losses"":1,""ties"":0,""wins"":1}","{""games"":0,""losses"":0,""ties"":0,""wins"":0}"
2026,2348,Louisiana Tech,fbs,Sun Belt,West,1.0459951162338257,"{""games"":2,""losses"":1,""ties"":0,""wins"":1}","{""games"":0,""losses"":0,""ties"":0,""wins"":0}","{""games"":1,""losses"":0,""ties"":0,""wins"":1}","{""games"":1,""losses"":1,""ties"":0,""wins"":0}","{""games"":0,""losses"":0,""ties"":0,""wins"":0}","{""games"":2,""losses"":1,""ties"":0,""wins"":1}","{""games"":0,""losses"":0,""ties"":0,""wins"":0}"
2026,2390,Miami,fbs,ACC,,1.9745541140437126,"{""games"":2,""losses"":0,""ties"":0,""wins"":2}","{""games"":1,""losses"":0,""ties"":0,""wins"":1}","{""games"":1,""losses"":0,""ties"":0,""wins"":1}","{""games"":1,""losses"":0,""ties"":0,""wins"":1}","{""games"":0,""losses"":0,""ties"":0,""wins"":0}","{""games"":2,""losses"":0,""ties"":0,""wins"":2}","{""games"":0,""losses"":0,""ties"":0,""wins"":0}"
2026,2393,Middle Tennessee,fbs,Conference USA,,1.242812156677246,"{""games"":2,""losses"":1,""ties"":0,""wins"":1}","{""games"":0,""losses"":0,""ties"":0,""wins"":0}","{""games"":1,""losses"":0,""ties"":0,""wins"":1}","{""games"":1,""losses"":1,""ties"":0,""wins"":0}","{""games"":0,""losses"":0,""ties"":0,""wins"":0}","{""games"":2,""losses"":1,""ties"":0,""wins"":1}","{""games"":0,""losses"":0,""ties"":0,""wins"":0}"
2026,2426,Navy,fbs,American Athletic,,0.9863182902336121,"{""games"":2,""losses"":1,""ties"":0,""wins"":1}","{""games"":1,""losses"":1,""ties"":0,""wins"":0}","{""games"":1,""losses"":0,""ties"":0,""wins"":1}","{""games"":1,""losses"":1,""ties"":0,""wins"":0}","{""games"":0,""losses"":0,""ties"":0,""wins"":0}","{""games"":2,""losses"":1,""ties"":0,""wins"":1}","{""games"":0,""losses"":0,""ties"":0,""wins"":0}"
2026,2429,Charlotte,fbs,American Athletic,,0.08815495669841766,"{""games"":2,""losses"":2,""ties"":0,""wins"":0}","{""games"":0,""losses"":0,""ties"":0,""wins"":0}","{""games"":1,""losses"":1,""ties"":0,""wins"":0}","{""games"":1,""losses"":1,""ties"":0,""wins"":0}","{""games"":0,""losses"":0,""ties"":0,""wins"":0}","{""games"":2,""losses"":2,""ties"":0,""wins"":0}","{""games"":0,""losses"":0,""ties"":0,""wins"":0}"
2026,2433,UL Monroe,fbs,Sun Belt,West,0.07941168546676636,"{""games"":2,""losses"":2,""ties"":0,""wins"":0}","{""games"":0,""losses"":0,""ties"":0,""wins"":0}","{""games"":0,""losses"":0,""ties"":0,""wins"":0}","{""games"":2,""losses"":2,""ties"":0,""wins"":0}","{""games"":0,""losses"":0,""ties"":0,""wins"":0}","{""games"":2,""losses"":2,""ties"":0,""wins"":0}","{""games"":0,""losses"":0,""ties"":0,""wins"":0}"
2026,2439,UNLV,fbs,Mountain West,,1.0122758112847805,"{""games"":3,""losses"":2,""ties"":0,""wins"":1}","{""games"":1,""losses"":0,""ties"":0,""wins"":1}","{""games"":1,""losses"":1,""ties"":0,""wins"":0}","{""games"":2,""losses"":1,""ties"":0,""wins"":1}","{""games"":0,""losses"":0,""ties"":0,""wins"":0}","{""games"":3,""losses"":2,""ties"":0,""wins"":1}","{""games"":0,""losses"":0,""ties"":0,""wins"":0}"
2026,2440,Nevada,fbs,Mountain West,,0.9972570659592748,"{""games"":2,""losses"":1,""ties"":0,""wins"":1}","{""games"":0,""losses"":0,""ties"":0,""wins"":0}","{""games"":2,""losses"":1,""ties"":0,""wins"":1}","{""games"":0,""losses"":0,""ties"":0,""wins"":0}","{""games"":0,""losses"":0,""ties"":0,""wins"":0}","{""games"":2,""losses"":1,""ties"":0,""wins"":1}","{""games"":0,""losses"":0,""ties"":0,""wins"":0}"
2026,2449,North Dakota State,fbs,Mountain West,,2.147321045398712,"{""games"":3,""losses"":0,""ties"":0,""wins"":3}","{""games"":1,""losses"":0,""ties"":0,""wins"":1}","{""games"":2,""losses"":0,""ties"":0,""wins"":2}","{""games"":1,""losses"":0,""ties"":0,""wins"":1}","{""games"":0,""losses"":0,""ties"":0,""wins"":0}","{""games"":3,""losses"":0,""ties"":0,""wins"":3}","{""games"":0,""losses"":0,""ties"":0,""wins"":0}"
2026,2459,Northern Illinois,fbs,Mountain West,,0.33792319893836975,"{""games"":2,""losses"":2,""ties"":0,""wins"":0}","{""games"":0,""losses"":0,""ties"":0,""wins"":0}","{""games"":1,""losses"":1,""ties"":0,""wins"":0}","{""games"":1,""losses"":1,""ties"":0,""wins"":0}","{""games"":0,""losses"":0,""ties"":0,""wins"":0}","{""games"":2,""losses"":2,""ties"":0,""wins"":0}","{""games"":0,""losses"":0,""ties"":0,""wins"":0}"
2026,2483,Oregon,fbs,Big Ten,,1.2565160393714905,"{""games"":2,""losses"":1,""ties"":0,""wins"":1}","{""games"":0,""losses"":0,""ties"":0,""wins"":0}","{""games"":1,""losses"":0,""ties"":0,""wins"":1}","{""games"":1,""losses"":1,""ties"":0,""wins"":0}","{""games"":0,""losses"":0,""ties"":0,""wins"":0}","{""games"":2,""losses"":1,""ties"":0,""wins"":1}","{""games"":0,""losses"":0,""ties"":0,""wins"":0}"
2026,2509,Purdue,fbs,Big Ten,,1.504676103591919,"{""games"":2,""losses"":1,""ties"":0,""wins"":1}","{""games"":0,""losses"":0,""ties"":0,""wins"":0}","{""games"":2,""losses"":1,""ties"":0,""wins"":1}","{""games"":0,""losses"":0,""ties"":0,""wins"":0}","{""games"":0,""losses"":0,""ties"":0,""wins"":0}","{""games"":2,""losses"":1,""ties"":0,""wins"":1}","{""games"":0,""losses"":0,""ties"":0,""wins"":0}"
2026,2534,Sam Houston,fbs,Conference USA,,0.6375409960746765,"{""games"":2,""losses"":2,""ties"":0,""wins"":0}","{""games"":0,""losses"":0,""ties"":0,""wins"":0}","{""games"":1,""losses"":1,""ties"":0,""wins"":0}","{""games"":1,""losses"":1,""ties"":0,""wins"":0}","{""games"":0,""losses"":0,""ties"":0,""wins"":0}","{""games"":2,""losses"":2,""ties"":0,""wins"":0}","{""games"":0,""losses"":0,""ties"":0,""wins"":0}"
2026,2567,SMU,fbs,ACC,,1.9493700787425041,"{""games"":2,""losses"":0,""ties"":0,""wins"":2}","{""games"":1,""losses"":0,""ties"":0,""wins"":1}","{""games"":1,""losses"":0,""ties"":0,""wins"":1}","{""games"":1,""losses"":0,""ties"":0,""wins"":1}","{""games"":0,""losses"":0,""ties"":0,""wins"":0}","{""games"":2,""losses"":0,""ties"":0,""wins"":2}","{""games"":0,""losses"":0,""ties"":0,""wins"":0}"
2026,2572,Southern Miss,fbs,Sun Belt,West,1.0054981708526611,"{""games"":2,""losses"":1,""ties"":0,""wins"":1}","{""games"":0,""losses"":0,""ties"":0,""wins"":0}","{""games"":1,""losses"":0,""ties"":0,""wins"":1}","{""games"":1,""losses"":1,""ties"":0,""wins"":0}","{""games"":0,""losses"":0,""ties"":0,""wins"":0}","{""games"":2,""losses"":1,""ties"":0,""wins"":1}","{""games"":0,""losses"":0,""ties"":0,""wins"":0}"
2026,2579,South Carolina,fbs,SEC,,1.9849426746368408,"{""games"":2,""losses"":0,""ties"":0,""wins"":2}","{""games"":0,""losses"":0,""ties"":0,""wins"":0}","{""games"":2,""losses"":0,""ties"":0,""wins"":2}","{""games"":0,""losses"":0,""ties"":0,""wins"":0}","{""games"":0,""losses"":0,""ties"":0,""wins"":0}","{""games"":2,""losses"":0,""ties"":0,""wins"":2}","{""games"":0,""losses"":0,""ties"":0,""wins"":0}"
2026,2623,Missouri State,fbs,Conference USA,,1.0017110705375671,"{""games"":2,""losses"":1,""ties"":0,""wins"":1}","{""games"":0,""losses"":0,""ties"":0,""wins"":0}","{""games"":1,""losses"":0,""ties"":0,""wins"":1}","{""games"":1,""losses"":1,""ties"":0,""wins"":0}","{""games"":0,""losses"":0,""ties"":0,""wins"":0}","{""games"":2,""losses"":1,""ties"":0,""wins"":1}","{""games"":0,""losses"":0,""ties"":0,""wins"":0}"
2026,2628,TCU,fbs,Big 12,,1.560015320777893,"{""games"":2,""losses"":1,""ties"":0,""wins"":1}","{""games"":0,""losses"":0,""ties"":0,""wins"":0}","{""games"":1,""losses"":0,""ties"":0,""wins"":1}","{""games"":0,""losses"":0,""ties"":0,""wins"":0}","{""games"":1,""losses"":1,""ties"":0,""wins"":0}","{""games"":2,""losses"":1,""ties"":0,""wins"":1}","{""games"":0,""losses"":0,""ties"":0,""wins"":0}"
2026,2633,Tennessee,fbs,SEC,,1.9851453844457865,"{""games"":2,""losses"":0,""ties"":0,""wins"":2}","{""games"":0,""losses"":0,""ties"":0,""wins"":0}","{""games"":1,""losses"":0,""ties"":0,""wins"":1}","{""games"":1,""losses"":0,""ties"":0,""wins"":1}","{""games"":0,""losses"":0,""ties"":0,""wins"":0}","{""games"":2,""losses"":0,""ties"":0,""wins"":2}","{""games"":0,""losses"":0,""ties"":0,""wins"":0}"
2026,2636,UTSA,fbs,American Athletic,,1.5613637864589691,"{""games"":2,""losses"":0,""ties"":0,""wins"":2}","{""games"":0,""losses"":0,""ties"":0,""wins"":0}","{""games"":1,""losses"":0,""ties"":0,""wins"":1}","{""games"":1,""losses"":0,""ties"":0,""wins"":1}","{""games"":0,""losses"":0,""ties"":0,""wins"":0}","{""games"":2,""losses"":0,""ties"":0,""wins"":2}","{""games"":0,""losses"":0,""ties"":0,""wins"":0}"
2026,2638,UTEP,fbs,Mountain West,,0.9916347861289978,"{""games"":2,""losses"":1,""ties"":0,""wins"":1}","{""games"":0,""losses"":0,""ties"":0,""wins"":0}","{""games"":1,""losses"":0,""ties"":0,""wins"":1}","{""games"":1,""losses"":1,""ties"":0,""wins"":0}","{""games"":0,""losses"":0,""ties"":0,""wins"":0}","{""games"":2,""losses"":1,""ties"":0,""wins"":1}","{""games"":0,""losses"":0,""ties"":0,""wins"":0}"
2026,2641,Texas Tech,fbs,Big 12,,1.9908412098884583,"{""games"":2,""losses"":0,""ties"":0,""wins"":2}","{""games"":0,""losses"":0,""ties"":0,""wins"":0}","{""games"":1,""losses"":0,""ties"":0,""wins"":1}","{""games"":1,""losses"":0,""ties"":0,""wins"":1}","{""games"":0,""losses"":0,""ties"":0,""wins"":0}","{""games"":2,""losses"":0,""ties"":0,""wins"":2}","{""games"":0,""losses"":0,""ties"":0,""wins"":0}"
2026,2649,Toledo,fbs,Mid-American,,1.205128014087677,"{""games"":2,""losses"":1,""ties"":0,""wins"":1}","{""games"":0,""losses"":0,""ties"":0,""wins"":0}","{""games"":1,""losses"":0,""ties"":0,""wins"":1}","{""games"":1,""losses"":1,""ties"":0,""wins"":0}","{""games"":0,""losses"":0,""ties"":0,""wins"":0}","{""games"":2,""losses"":1,""ties"":0,""wins"":1}","{""games"":0,""losses"":0,""ties"":0,""wins"":0}"
2026,2653,Troy,fbs,Sun Belt,West,2,"{""games"":2,""losses"":0,""ties"":0,""wins"":2}","{""games"":0,""losses"":0,""ties"":0,""wins"":0}","{""games"":2,""losses"":0,""ties"":0,""wins"":2}","{""games"":0,""losses"":0,""ties"":0,""wins"":0}","{""games"":0,""losses"":0,""ties"":0,""wins"":0}","{""games"":2,""losses"":0,""ties"":0,""wins"":2}","{""games"":0,""losses"":0,""ties"":0,""wins"":0}"
2026,2655,Tulane,fbs,American Athletic,,0.6996362805366516,"{""games"":2,""losses"":1,""ties"":0,""wins"":1}","{""games"":0,""losses"":0,""ties"":0,""wins"":0}","{""games"":1,""losses"":0,""ties"":0,""wins"":1}","{""games"":1,""losses"":1,""ties"":0,""wins"":0}","{""games"":0,""losses"":0,""ties"":0,""wins"":0}","{""games"":2,""losses"":1,""ties"":0,""wins"":1}","{""games"":0,""losses"":0,""ties"":0,""wins"":0}"
2026,2711,Western Michigan,fbs,Mid-American,,1.4856563210487366,"{""games"":2,""losses"":1,""ties"":0,""wins"":1}","{""games"":0,""losses"":0,""ties"":0,""wins"":0}","{""games"":1,""losses"":0,""ties"":0,""wins"":1}","{""games"":1,""losses"":1,""ties"":0,""wins"":0}","{""games"":0,""losses"":0,""ties"":0,""wins"":0}","{""games"":2,""losses"":1,""ties"":0,""wins"":1}","{""games"":0,""losses"":0,""ties"":0,""wins"":0}"
2026,2751,Wyoming,fbs,Mountain West,,1.0121164917945862,"{""games"":2,""losses"":1,""ties"":0,""wins"":1}","{""games"":0,""losses"":0,""ties"":0,""wins"":0}","{""games"":1,""losses"":0,""ties"":0,""wins"":1}","{""games"":1,""losses"":1,""ties"":0,""wins"":0}","{""games"":0,""losses"":0,""ties"":0,""wins"":0}","{""games"":2,""losses"":1,""ties"":0,""wins"":1}","{""games"":0,""losses"":0,""ties"":0,""wins"":0}"
